{
    "type": "origins:multiple",
    "name": "§2Frigid Fangs§r",
    "description": "As carnivorous predators of old, you bite into your prey, dealing more damage than a punch and possibly even slowing your target.",
    "badges": [
        {
            "type": "origins:tooltip",
            "sprite": "origins:textures/gui/badge/star.png",
            "text": "You deal 1.5 hearts of damage when punching and have a 33% chance to slow your target for 5 seconds."
        }
    ],
    "effect": {
        "type": "origins:action_on_hit",
        "bientity_action": {
            "type": "origins:target_action",
            "action": {
                "type": "origins:chance",
                "chance": 0.33,
                "action": {
                    "type": "origins:apply_effect",
                    "effect": {
                        "effect": "minecraft:slowness",
                        "amplifier": 0,
                        "duration": 100,
                        "is_ambient": false,
                        "show_icon": true,
                        "show_particles": true
                    }
                }
            }
        },
        "condition": {
            "type": "origins:equipped_item",
            "equipment_slot": "mainhand",
            "inverted": true,
            "item_condition": {
                "type": "origins:ingredient",
                "ingredient": {
                    "tag": "glacies:weapons"
                }
            }
        }
    },
    "extradmg": {
        "type": "origins:modify_damage_dealt",
        "modifier": {
            "operation": "add_base_early",
            "value": 2
        },
        "condition": {
            "type": "origins:equipped_item",
            "equipment_slot": "mainhand",
            "inverted": true,
            "item_condition": {
                "type": "origins:ingredient",
                "ingredient": {
                    "tag": "glacies:weapons"
                }
            }
        }
    }
}