{
    "type": "origins:modify_damage_taken",
    "name": "§cMeltdown§r",
    "description": "The mystical frost responsible for preserving your body is the only thing keeping you alive, so melting it is a very bad.",
    "damage_condition": {
        "type": "origins:fire"
    },
    "modifier": {
        "operation": "multiply_total_multiplicative",
        "value": 1
    },
    "badges": [
        {
            "type": "origins:tooltip",
            "sprite": "origins:textures/gui/badge/star.png",
            "text": "You take double fire damage."
        }
    ]
}