{
    "name": "Bloodfanged",
    "description": "Your taste for flesh renders non-meat items way less saturating, but you can eat rotten flesh and spider eyes without their harming effect and meat is more saturating.",
    "type": "origins:multiple",
    "yuck": {
        "type": "origins:modify_food",
        "prevent_effects": true,
        "item_condition": {
            "type": "origins:ingredient",
            "ingredient": {
                "tag": "skitt:yucky"
            }
        },
        "saturation_modifier": {
            "operation": "addition",
            "value": 0.1
        },
        "food_modifier": {
            "operation": "multiply_base",
            "value": 0.5
        }
    },
    "ew_normal": {
        "type": "origins:modify_food",
        "item_condition": {
            "type": "origins:ingredient",
            "ingredient": {
                "tag": "skitt:yucky"
            },
            "inverted": true
        },
        "saturation_modifier": {
            "operation": "multiply_base",
            "value": -0.1
        },
        "food_modifier": {
            "operation": "multiply_base",
            "value": -0.5
        }
    }
}