{
	
	"name": "§ke§r§n§aCredits§r§ke",
	"description": "Concept by §fskitt_les.§r \nCreated by §fFintrisOrchid§r",
	"type": "origins:multiple",
	"sketchy":{
		"type": "origins:particle",
		"particle":{
			"type": "dust_color_transition",
			"params": "0.769 0.086 0.235 1 0.898 0.027 0.667"
		},
		"frequency": 3
	},
	"fire":{
		"type": "origins:particle",
		"particle":{
			"type": "flame"
		},
		"frequency": 12
	},
	"callback":{
		"type": "origins:action_on_callback",
		"entity_action_added": {
			"type": "origins:execute_command",
			"command": "scoreboard objectives add skitt.distance dummy"
		}
	}
}