{
    "type": "origins:multiple",
    "fall": {
        "type": "origins:invulnerability",
        "damage_condition": {
            "type": "origins:name",
            "name": "fall"
        }
    },
    "land": {
        "type": "origins:action_on_land",
        "entity_action": {
            "type": "origins:and",
            "actions": [
                {
                    "type": "origins:delay",
                    "action": {
                        "type": "origins:revoke_power",
                        "power": "skitt:fall_immunity",
                        "source": "skitt:curlz"
                    },
                    "ticks": 1
                },
                {
                    "type": "origins:execute_command",
					"command": "particle minecraft:dust_color_transition 0.769 0.086 0.235 1 0.898 0.027 0.667 ~ ~ ~ 0.6 -0.4 0.6 1 20"
				},
				{
					"type": "origins:execute_command",
					"command": "particle minecraft:flame ~ ~ ~ 0.6 -0.4 0.6 0 10"
                }
            ]
        }
    }
}