{
    "name": "Perfection",
    "description": "Your ability to move out of the way of attacks make you underestimate your ability to resist them. You take twice the damage from mobs and players.",
    "type": "origins:modify_damage_taken",
    "modifier": {
        "operation": "multiply_base",
        "value": 1
    },
    "damage_condition": {
        "type": "origins:or",
        "conditions": [
            {
                "type": "origins:name",
                "name": "player"
            },
            {
                "type": "origins:name",
                "name": "mob"
            }
        ]
    }
}