{
	"name": "Pursuit",
	"description": "Activating your teleport without flapping your wings will make it a smaller, harmless relocation.",
	"badges": [
		{
			"type": "origins:tooltip",
			"sprite": "origins:textures/gui/badge/active.png",
			"text": [
				"Activate with §6[",
				{
					"keybind": "key.origins.secondary_active",
					"color": "dark_red"
				},
				"§6]§r."
			]
		}
	],
	"type": "origins:multiple",
	"pew": {
		"type": "origins:active_self",
		"entity_action": {
			"type": "origins:and",
			"actions": [
				{
					"type": "origins:if_else",
					"condition": {
						"type": "origins:power_active",
						"power": "skitt:wings_toggle"
					},
					"if_action": {
						"type": "origins:and",
						"actions": [
							{
								"type": "origins:execute_command",
								"command": "function skitt:main/ray"
							},
							{
								"type": "origins:trigger_cooldown",
								"power": "*:*_cooldown"
							},
							{
								"type": "origins:delay",
								"action": {
									"type": "origins:and",
									"actions": [
										{
											"type": "origins:toggle",
											"power": "skitt:wings_toggle"
										},
										{
											"type": "origins:execute_command",
											"command": "particle dust 0.710 0.212 1.000 1 ~ ~ ~ 1 1 1 0.1 100"
										},
										{
											"type": "origins:execute_command",
											"command": "particle minecraft:flash ~ ~ ~ 1 1 1 0.1 25"
										},
										{
											"type": "origins:play_sound",
											"sound": "minecraft:entity.enderman.teleport",
											"volume": 0.63,
											"pitch": 0.64
										},
										{
											"type": "origins:set_fall_distance",
											"fall_distance": 0
										},
										{
											"type": "origins:grant_power",
											"power": "skitt:fall_immunity",
											"source": "skitt:curlz"
										},
										{
											"type": "origins:area_of_effect",
											"bientity_action": {
												"type": "origins:and",
												"actions": [
													{
														"type": "origins:damage",
														"amount": 5,
														"source": {
															"name": "onFire"
														}
													},
													{
														"type": "origins:actor_action",
														"action": {
															"type": "origins:execute_command",
															"command": "particle minecraft:campfire_cosy_smoke ~ ~.4 ~ 5 0.3 5 0 100 force"
														}
													},
													{
														"type": "origins:actor_action",
														"action": {
															"type": "origins:execute_command",
															"command": "particle minecraft:flame ~ ~.4 ~ 5 0.3 5 0 25 force"
														}
													},
													{
														"type": "origins:target_action",
														"action": {
															"type": "origins:execute_command",
															"command": "particle minecraft:flame ~ ~.6 ~ 0.2 0.5 0.2 0.05 10 force"
														}
													}
												]
											},
											"radius": 5,
											"bientity_condition": {
												"type": "origins:and",
												"conditions": [
													{
														"type": "origins:owner",
														"inverted": true
													},
													{
														"type": "origins:target_condition",
														"condition": {
															"type": "origins:and",
															"conditions": [
																{
																	"type": "origins:living"
																},
																{
																	"type": "origins:nbt",
																	"nbt": "{SaddleItem:{id:\"minecraft:saddle\",Count:1b}}",
																	"inverted": true
																}
															]
														}
													}
												]
											}
										}
									]
								},
								"ticks": 3
							}
						]
					},
					"else_action": {
						"type": "origins:and",
						"actions": [
							{
								"type": "origins:execute_command",
								"command": "function skitt:main2/ray"
							},
							{
								"type": "origins:trigger_cooldown",
								"power": "*:*_cooldown2"
							},
							{
								"type": "origins:delay",
								"action": {
									"type": "origins:and",
									"actions": [
										{
											"type": "origins:execute_command",
											"command": "particle dust 0.710 0.212 1.000 1 ~ ~ ~ 1 1 1 0.1 100"
										},
										{
											"type": "origins:execute_command",
											"command": "particle minecraft:flash ~ ~ ~ 1 1 1 0.1 25"
										},
										{
											"type": "origins:play_sound",
											"sound": "minecraft:entity.enderman.teleport",
											"volume": 0.63,
											"pitch": 0.64
										},
										{
											"type": "origins:set_fall_distance",
											"fall_distance": 0
										},
										{
											"type": "origins:grant_power",
											"power": "skitt:fall_immunity",
											"source": "skitt:curlz"
										}
									]
								},
								"ticks": 3
							}
						]
					}
				}
			]
		},
		"cooldown": 20,
		"hud_render": {
			"should_render": false
		},
		"key": {
			"key": "key.origins.secondary_active",
			"continuous": true
		},
		"condition": {
			"type": "origins:and",
			"conditions": [
				{
					"type": "origins:fluid_height",
					"fluid": "minecraft:water",
					"comparison": "==",
					"compare_to": 0
				},
				{
					"type": "origins:resource",
					"resource": "*:*_cooldown",
					"compare_to": 0,
					"comparison": "=="
				},
				{
					"type": "origins:resource",
					"resource": "*:*_cooldown2",
					"compare_to": 0,
					"comparison": "=="
				}
			]
		}
	},
	"cooldown": {
		"type": "origins:cooldown",
		"cooldown": 120,
		"hud_render": {
			"should_render": true,
			"sprite_location": "origins:textures/gui/community/spiderkolo/resource_bar_03.png",
            "bar_index": 7
		}
	},
	"cooldown2": {
		"type": "origins:cooldown",
		"cooldown": 60,
		"hud_render": {
			"should_render": true,
			"sprite_location": "origins:textures/gui/community/spiderkolo/resource_bar_03.png",
            "bar_index": 7
		}
	}
}