{
    "name": "Hellspawn Wings",
    "description": "You can flap your demonic wings to remain in a stasis. ",
    "badges": [
		{
			"type": "origins:tooltip",
			"sprite": "origins:textures/gui/badge/toggle.png",
			"text": [
				"Activate with §6[",
				{
					"keybind": "key.origins.primary_active",
					"color": "dark_red"
				
				},
				"§6]§r. \nYour wings give out after teleporting, requiring you to re-toggle them."
			]
		 }
    ],
    "type": "origins:multiple",
    "toggle": {
        "type": "origins:toggle",
        "active_by_default": false,
        "key": {
            "key": "key.stinky"
        }
    },
    "active_toggle": {
        "type": "origins:active_self",
        "entity_action": {
            "type": "origins:and",
            "actions": [
                {
                    "type": "origins:toggle",
                    "power": "skitt:wings_toggle"
                },
                {
                    "type": "origins:play_sound",
                    "sound": "minecraft:entity.ender_dragon.flap",
                    "volume": 1,
                    "pitch": 1.6
                },
                {
                    "type": "origins:add_velocity",
                    "set": true
                },
                {
                    "type": "origins:execute_command",
                    "command": "particle dust_color_transition 0.710 0.212 1.000 1 0.898 0.027 0.667 ~ ~ ~ 0.5 0.8 0.5 0.1 20"
                },
                {
                    "type": "origins:if_else",
                    "condition": {
                        "type": "origins:power_active",
                        "power": "skitt:wings_toggle"
                    },
                    "if_action": {
                        "type": "origins:grant_power",
                        "power": "skitt:fall_immunity",
                        "source": "skitt:curlz"
                    }
                }
            ]
        },
        "key": {
            "key": "key.origins.primary_active"
        },
        "cooldown": 20
    },
    "nofall": {
        "hidden": true,
        "name": "Taken from 8hiny",
        "type": "origins:modify_falling",
        "velocity": 0,
        "take_fall_damage": false,
        "condition": {
            "type": "origins:power_active",
            "power": "skitt:wings_toggle"
        }
    },
    "break_speed": {
        "type": "origins:modify_break_speed",
        "modifier": {
            "operation": "multiply_total",
            "value": 5
        },
        "condition": {
            "type": "origins:on_block",
            "inverted": true
        }
    },
    "timer": {
        "type": "origins:resource",
        "min": 0,
        "max": 3,
        "hud_render": {
            "should_render": false
        }
    },
    "timer_decrease": {
        "type": "origins:action_over_time",
        "interval": 2,
        "entity_action": {
            "type": "origins:change_resource",
            "resource": "*:*_timer",
            "change": -1
        },
        "condition": {
            "type": "origins:power_active",
            "power": "skitt:wings_toggle"
        }
    },
    "check": {
        "type": "origins:active_self",
        "entity_action": {
            "type": "origins:and",
            "actions": [
                {
                    "type": "origins:change_resource",
                    "resource": "*:*_timer",
                    "change": 3
                }
            ]
        },
        "cooldown": 2,
        "key": {
            "key": "key.jump",
            "continuous": true
        },
        "condition": {
            "type": "origins:power_active",
            "power": "skitt:wings_toggle"
        }
    },
    "move": {
        "type": "origins:modify_velocity",
        "axes": [
            "x",
            "z"
        ],
        "modifier": {
            "operation": "multiply_base",
            "value": 0.35
        },
        "condition": {
            "type": "origins:power_active",
            "power": "skitt:wings_toggle"
        }
    },
    "flap_up": {
        "type": "origins:modify_velocity",
        "axes": [
            "y"
        ],
        "modifier": {
            "operation": "addition",
            "value": 0.3
        },
        "condition": {
            "type": "origins:and",
            "conditions": [
                {
                    "type": "origins:resource",
                    "resource": "*:*_timer",
                    "compare_to": 0,
                    "comparison": ">"
                },
                {
                    "type": "origins:power_active",
                    "power": "skitt:wings_toggle"
                }
            ]
        }
    },
    "flap_down": {
        "type": "origins:modify_velocity",
        "axes": [
            "y"
        ],
        "modifier": {
            "operation": "addition",
            "value": -0.3
        },
        "condition": {
            "type": "origins:and",
            "conditions": [
                {
                    "type": "origins:resource",
                    "resource": "*:*_timers",
                    "compare_to": 0,
                    "comparison": ">"
                },
                {
                    "type": "origins:power_active",
                    "power": "skitt:wings_toggle"
                }
            ]
        }
    },
    "timers": {
        "type": "origins:resource",
        "min": 0,
        "max": 3,
        "hud_render": {
            "should_render": false
        }
    },
    "timer_decreases": {
        "type": "origins:action_over_time",
        "interval": 2,
        "entity_action": {
            "type": "origins:change_resource",
            "resource": "*:*_timers",
            "change": -1
        },
        "condition": {
            "type": "origins:power_active",
            "power": "skitt:wings_toggle"
        }
    },
    "checks": {
        "type": "origins:active_self",
        "entity_action": {
            "type": "origins:and",
            "actions": [
                {
                    "type": "origins:change_resource",
                    "resource": "*:*_timers",
                    "change": 3
                }
            ]
        },
        "cooldown": 2,
        "key": {
            "key": "key.sneak",
            "continuous": true
        },
        "condition": {
            "type": "origins:power_active",
            "power": "skitt:wings_toggle"
        }
    },
    "elytra":{
        "type": "origins:prevent_elytra_flight",
        "condition": {
            "type": "origins:power_active",
            "power": "skitt:wings_toggle"
        }
    },
    "so_tired":{
        "type": "origins:action_over_time",
        "interval": 1,
        "entity_action": {
            "type": "origins:exhaust",
            "amount": 0.0025
        },
        "condition": {
            "type": "origins:power_active",
            "power": "skitt:wings_toggle"
        }
    }
}