{
    "name": "Teumessian Fox",
    "description": "Said to never be caught, the Teumessian Fox terrorized the countryside of Thebes in the deserts of Egypt. This great punisher was created by Fate to punish the city for a grievous crime. Free at last from the shackles of her constellation, the giant fox roams the earth again searching for new purpose.",
    "powers": [
        "teufox_2:height",
        "teufox_2:runaway",
        "teufox_2:onhunt",
        "teufox_2:fury",
        "teufox_2:devouring_sands",
        "teufox_2:hunter",
        "teufox_2:punisher",
        "teufox_2:teufox_2team",
        "teufox_2:teufox_2teamjoin",
        "teufox_2:novillagers",
        "teufox_2:moon"
    ],
    "icon": {
        "item": "minecraft:bow"
    },
    "impact": 3
}