{
    "type": "origins:multiple",
    "one": {
        "type": "origins:modify_attribute",
        "attribute": "minecraft:generic.armor",
        "modifier": {
            "value": -0.4,
            "operation": "multiply_total"
        }
    },
    "two": {
        "type": "origins:modify_attribute",
        "attribute": "minecraft:generic.attack_damage",
        "modifier": {
            "value": -0.25,
            "operation": "multiply_total"
        }
    },
    "name": "§6§nCelestial Body",
    "description": "Armor is only 60% as effective for you and you deal 25% less melee damage."
}