{
    "name": "§e§nCelestial Attunement",
    "description": "§e[Shift + Secondary]§r\nYou can switch between the §bAstral§r and §dUmbral§r states, though at a long cooldown.",
    "type": "origins:multiple",
    "starparticles": {
        "type": "origins:particle",
        "particle": {
            "type": "electric_spark"
        },
        "frequency": 1
    },
    "astralparticles": {
        "type": "origins:particle",
        "particle": {
            "params": "0 0.5 1 1",
            "type": "dust"
        },
        "frequency": 1,
        "condition": {
            "type": "origins:resource",
            "resource": "*:*_value",
            "compare_to": 0,
            "comparison": "=="
        }
    },
    "umbralparticles": {
        "type": "origins:particle",
        "particle": {
            "params": "0.44 0.16 0.39 1",
            "type": "dust"
        },
        "frequency": 1,
        "condition": {
            "type": "origins:resource",
            "resource": "*:*_value",
            "compare_to": 1,
            "comparison": "=="
        }
    },
    "astralmodel": {
        "type": "origins:model_color",
        "red": 0.0,
        "green": 0.5,
        "blue": 1,
        "alpha": 0.7,
        "condition": {
            "type": "origins:resource",
            "resource": "*:*_value",
            "compare_to": 0,
            "comparison": "=="
        }
    },
    "umbralmodel": {
        "type": "origins:model_color",
        "red": 0.44,
        "green": 0.16,
        "blue": 0.39,
        "alpha": 0.7,
        "condition": {
            "type": "origins:resource",
            "resource": "*:*_value",
            "compare_to": 1,
            "comparison": "=="
        }
    },
    "astralbar": {
        "type": "origins:resource",
        "min": 0,
        "max": 1,
        "start_value": 1,
        "hud_render": {
            "should_render": true,
            "bar_index": 14,
            "sprite_location": "origins:textures/gui/community/huang/resource_bar_01.png",
            "condition": {
                "type": "origins:resource",
                "resource": "*:*_value",
                "compare_to": 0,
                "comparison": "=="
            }
        }
    },
    "umbralbar": {
        "type": "origins:resource",
        "min": 0,
        "max": 1,
        "start_value": 1,
        "hud_render": {
            "should_render": true,
            "bar_index": 0,
            "sprite_location": "origins:textures/gui/community/huang/resource_bar_01.png",
            "condition": {
                "type": "origins:resource",
                "resource": "*:*_value",
                "compare_to": 1,
                "comparison": "=="
            }
        }
    },
    "value": {
        "type": "origins:resource",
        "min": 0,
        "max": 2,
        "hud_render": {
            "should_render": false
        },
        "max_action": {
            "type": "origins:change_resource",
            "resource": "*:*_value",
            "change": 0,
            "operation": "set"
        },
        "start_value": 0
    },
    "switch": {
        "type": "origins:active_self",
        "key": {
            "key": "key.origins.secondary_active"
        },
        "condition": {
            "type": "origins:sneaking"
        },
        "cooldown": 1200,
        "hud_render": {
            "should_render": true,
            "bar_index": 19,
            "sprite_location": "origins:textures/gui/community/huang/resource_bar_01.png"
        },
        "entity_action": {
            "type": "origins:and",
            "actions": [
                {
                    "type": "origins:execute_command",
                    "command": "playsound minecraft:block.respawn_anchor.deplete master @a[distance=..16]"
                },
                {
                    "type": "origins:execute_command",
                    "command": "playsound minecraft:block.amethyst_block.break master @a[distance=..16] ~ ~ ~ 1 0"
                },
                {
                    "type": "origins:execute_command",
                    "command": "particle minecraft:firework ~ ~1 ~ 0.1 0.1 0.1 0.25 25"
                },
                {
                    "type": "origins:change_resource",
                    "resource": "*:*_value",
                    "change": 1
                }
            ]
        }
    }
}