{
    "type": "origins:multiple",
    "color": {
        "type": "origins:model_color",
        "red": 0.6,
        "green": 0.55,
        "blue": 0.25
    },
    "blaze": {
        "type": "origins:action_on_hit",
        "bientity_action": {
            "type": "origins:if_else",
            "if_action": {
                "type": "origins:target_action",
                "action": {
                    "type": "origins:execute_command",
                    "command": "summon item ~ ~ ~ {Item:{id:'blaze_rod',Count:1b}}"
                }
            },
            "condition": {
                "type": "origins:and",
                "conditions": [
                    {
                        "type": "origins:target_condition",
                        "condition": {
                            "type": "origins:entity_type",
                            "entity_type": "blaze"
                        }
                    },
                    {
                        "type": "origins:target_condition",
                        "condition": {
                            "type": "origins:health",
                            "compare_to": 0,
                            "comparison": "<="
                        }
                    }
                ]
            }
        }
    }
}