{
    "type": "origins:multiple",
    "res": {
        "type": "origins:resource",
        "min": 4,
        "max": 900,
        "hud_render": {
            "should_render": false
        }
    },
    "modify": {
        "type": "origins:modify_damage_dealt",
        "modifier": {
            "value": 0,
            "operation": "addition",
            "resource": "*:*_res"
        }
    },
    "snowdebuff": {
        "type": "origins:modify_damage_dealt",
        "modifier": {
            "value": -0.5,
            "operation": "multiply_total"
        },
        "condition": {
            "type": "origins:biome",
            "condition": {
                "type": "origins:temperature",
                "compare_to": 0.06,
                "comparison": "<"
            }
        }
    }
}