{
    "type": "origins:action_on_callback",
    "entity_action_added": {
        "type": "origins:and",
        "actions": [
            {
                "type": "origins:raycast",
                "distance": 4.25,
                "command_step": 0.25,
                "command_along_ray": "particle crit ~ ~ ~",
                "bientity_action": {
                    "type": "origins:and",
                    "actions": [
                        {
                            "type": "origins:target_action",
                            "action": {
                                "type": "origins:execute_command",
                                "command": "attribute @s generic.knockback_resistance modifier add 2227e850-b1a7-4bbc-ae72-f8d76c731e5e \"No KB Attack\" 300 add"
                            }
                        },
                        {
                            "type": "origins:target_action",
                            "action": {
                                "type": "origins:execute_command",
                                "command": "tag @s add vsandmage.hit"
                            }
                        },
                        {
                            "type": "origins:damage",
                            "amount": 0,
                            "damage_type": "player_attack"
                        },
                        {
                            "type": "origins:target_action",
                            "action": {
                                "type": "origins:execute_command",
                                "command": "attribute @s generic.knockback_resistance modifier remove 2227e850-b1a7-4bbc-ae72-f8d76c731e5e"
                            }
                        }
                    ]
                }
            },
            {
                "type": "origins:execute_command",
                "command": "tp @s ~ ~ ~ ~ ~10"
            },
            {
                "type": "origins:execute_command",
                "command": "scoreboard players add @s vsandmage.maximum_atk 1"
            },
            {
                "type": "origins:revoke_power",
                "power": "*:*",
                "source": "apoli:command"
            }
        ]
    }
}