{
    "type": "origins:multiple",
    "invis": {
        "type": "origins:invisibility",
        "render_armor": false
    },
    "rem": {
        "type": "origins:action_on_callback",
        "entity_action_added": {
            "type": "origins:delay",
            "ticks": 5,
            "action": {
                "type": "origins:and",
                "actions": [
                    {
                        "type": "origins:execute_command",
                        "command": "particle dust 1 1 0 1 ~ ~1 ~ 0.2 0.35 0.2 0 15"
                    },
                    {
                        "type": "origins:execute_command",
                        "command": "particle block sand ~ ~1 ~ 0.2 0.35 0.2 0 15"
                    },
                    {
                        "type": "origins:revoke_power",
                        "power": "*:*",
                        "source": "apoli:command"
                    }
                ]
            }
        }
    }
}