{
    "hidden": true,
    "type": "origins:multiple",
    "activate": {
        "type": "origins:active_self",
        "key": {
            "key": "key.use"
        },
        "cooldown": 200,
        "hud_render": {
            "should_render": true,
            "bar_index": 6,
            "sprite_location": "origins:textures/gui/community/spiderkolo/resource_bar_02.png"
        },
        "condition": {
            "type": "origins:and",
            "conditions": [
                {
                    "type": "origins:equipped_item",
                    "equipment_slot": "mainhand",
                    "item_condition": {
                        "type": "origins:and",
                        "conditions": [
                            {
                                "type": "origins:nbt",
                                "nbt": "{vheretic_spell:'birdcage'}"
                            },
                            {
                                "type": "origins:empty",
                                "inverted": true
                            }
                        ]
                    }
                },
                {
                    "type": "origins:advancement",
                    "advancement": "vheretic:sculk3"
                }
            ]
        },
        "entity_action": {
            "type": "origins:and",
            "actions": [
                {
                    "type": "origins:raycast",
                    "command_along_ray": "function vheretic:spells/fairyparticles",
                    "command_step": 0.25,
                    "distance": 8,
                    "bientity_action": {
                        "type": "origins:and",
                        "actions": [
                            {
                                "type": "origins:target_action",
                                "action": {
                                    "type": "origins:grant_power",
                                    "power": "*:effects/caged",
                                    "source": "vheretic:debuff"
                                }
                            },
                            {
                                "type": "origins:actor_action",
                                "action": {
                                    "type": "origins:execute_command",
                                    "command": "playsound minecraft:entity.lightning_bolt.impact master @s ~ ~ ~ 1 0.5"
                                }
                            }
                        ]
                    }
                },
                {
                    "type": "origins:execute_command",
                    "command": "playsound entity.blaze.shoot master @s ~ ~ ~ 0.6 1.6"
                },
                {
                    "type": "origins:execute_command",
                    "command": "function vheretic:util/spell_durability"
                },
                {
                    "type": "origins:execute_command",
                    "command": "tag @s remove vheretic.electrocuter"
                }
            ]
        }
    }
}