{
    "hidden": true,
    "type": "origins:multiple",
    "activate": {
        "type": "origins:active_self",
        "key": {
            "key": "key.use"
        },
        "cooldown": 3600,
        "hud_render": {
            "should_render": true,
            "bar_index": 9,
            "sprite_location": "origins:textures/gui/community/spiderkolo/resource_bar_02.png"
        },
        "condition": {
            "type": "origins:and",
            "conditions": [
                {
                    "type": "origins:equipped_item",
                    "equipment_slot": "mainhand",
                    "item_condition": {
                        "type": "origins:and",
                        "conditions": [
                            {
                                "type": "origins:nbt",
                                "nbt": "{vheretic_spell:'mimicry'}"
                            },
                            {
                                "type": "origins:empty",
                                "inverted": true
                            }
                        ]
                    }
                },
                {
                    "type": "origins:advancement",
                    "advancement": "vheretic:sculk3"
                }
            ]
        },
        "entity_action": {
            "type": "origins:if_else",
            "condition": {
                "type": "origins:power",
                "power": "*:effects/weak",
                "inverted": true
            },
            "else_action": {
                "type": "origins:execute_command",
                "command": "title @s actionbar {\"text\":\"You are too weak to cast this spell right now...\",\"color\":\"red\",\"italic\":true}"
            },
            "if_action": {
                "type": "origins:and",
                "actions": [
                    {
                        "type": "origins:execute_command",
                        "command": "function vheretic:spells/mimicry"
                    },
                    {
                        "type": "origins:execute_command",
                        "command": "playsound minecraft:entity.evoker.prepare_summon master @s"
                    },
                    {
                        "type": "origins:execute_command",
                        "command": "function vheretic:util/spell_durability"
                    }
                ]
            }
        }
    }
}