{
  "spawners": {
    "water_ambient": [
      {
        "type": "minecraft:squid",
        "weight": 20,
        "minCount": 1,
        "maxCount": 1
      },
      {
        "type": "minecraft:tropical_fish",
        "weight": 10,
        "minCount": 1,
        "maxCount": 1
      }
    ],
    "ambient": [
      {
        "type": "minecraft:fox",
        "weight": 1,
        "minCount": 1,
        "maxCount": 1
      }
    ],
    "misc": [],
    "water_creature": [],
    "creature": [
      {
        "type": "minecraft:hoglin",
        "weight": 2,
        "minCount": 1,
        "maxCount": 1
      },
      {
        "type": "minecraft:chicken",
        "weight": 1,
        "minCount": 1,
        "maxCount": 2
      },
      {
        "type": "minecraft:fox",
        "weight": 1,
        "minCount": 1,
        "maxCount": 1
      }
    ],
    "monster": []
  },
  "spawn_costs": {},
  "carvers": {
    "air": [
      "bracken:cave",
      "bracken:canyon"
    ]
  },
  "features": [
    [],
    [
      "minecraft:lake_lava_surface",
      "minecraft:lake_lava_underground"
    ],
    [],
    [],
    [],
    [],
    [
      "bracken:brine/grass_blobs"
    ],
    [
      "bracken:panacea/mega_mangrove"
    ],
    [
      "bracken:brine/moss"
    ],
    [
      "minecraft:patch_tall_grass_2",
      "minecraft:flower_swamp",
      "minecraft:patch_sugar_cane_desert",
      "minecraft:patch_grass_jungle",
      "minecraft:patch_sugar_cane",
      "minecraft:seagrass_warm",
      "minecraft:seagrass_simple",
      "bracken:brine/prismarine_blobs",
      "bracken:brine/sea_tree",
      "bracken:brine/megakelp",
      "minecraft:sea_pickle",
      "bracken:brine/pickle",
      "minecraft:kelp_cold"
    ],
    [
      "minecraft:freeze_top_layer"
    ]
  ],
  "temperature": 0.95,
  "downfall": 0.1,
  "effects": {
    "fog_color": 14745599,
    "water_color": 5095618,
    "water_fog_color": 3093076,
    "grass_color": 2320701,
    "sky_color": 9633746,
    "foliage_colour": 2320701,
    "particle": {
      "options": {
        "type": "minecraft:warped_spore"
      },
      "probability": 0.02428
    },
    "mood_sound": {
      "sound": "minecraft:ambient.cave",
      "tick_delay": 6000,
      "block_search_extent": 8,
      "offset": 2
    },
    "additions_sound": {
      "sound": "minecraft:ambient.underwater.loop.additions",
      "tick_chance": 0.02
    },
    "music": {
      "sound": "bracken:brine",
      "min_delay": 1200,
      "max_delay": 2400,
      "replace_current_music": true
    },
    "ambient_sound": "minecraft:ambient.underwater.loop"
  },
  "has_precipitation": true
}
