{
    "hidden": true,
    "type": "origins:multiple",
    "dis": {
        "type": "origins:disable_regen"
    },
    "res": {
        "type": "origins:resource",
        "min": 0,
        "max": 80,
        "hud_render": {
            "should_render": true,
            "bar_index": 0,
            "sprite_location": "origins:textures/gui/community/spiderkolo/resource_bar_02.png",
            "condition": {
                "type": "origins:equipped_item",
                "equipment_slot": "chest",
                "item_condition": {
                    "type": "origins:and",
                    "conditions": [
                        {
                            "type": "origins:empty",
                            "inverted": true
                        },
                        {
                            "type": "origins:nbt",
                            "nbt": "{vtailor_fabric:1}"
                        }
                    ]
                }
            }
        }
    },
    "set": {
        "type": "origins:action_over_time",
        "interval": 1,
        "entity_action": {
            "type": "origins:and",
            "actions": [
                {
                    "type": "origins:execute_command",
                    "command": "execute store result score @s vtailor.math.2 run data get entity @s Inventory[{Slot:102b}].tag.Damage"
                },
                {
                    "type": "origins:execute_command",
                    "command": "scoreboard players set @s vtailor.math.1 80"
                },
                {
                    "type": "origins:execute_command",
                    "command": "scoreboard players operation @s vtailor.math.1 -= @s vtailor.math.2"
                },
                {
                    "type": "origins:execute_command",
                    "command": "resource operation @s vtailor:bar_res = @s vtailor.math.1"
                },
                {
                    "type": "origins:change_resource",
                    "resource": "*:bar_res",
                    "change": 0
                }
            ]
        },
        "condition": {
            "type": "origins:equipped_item",
            "equipment_slot": "chest",
            "item_condition": {
                "type": "origins:and",
                "conditions": [
                    {
                        "type": "origins:empty",
                        "inverted": true
                    },
                    {
                        "type": "origins:nbt",
                        "nbt": "{vtailor_fabric:1}"
                    }
                ]
            }
        }
    }
}