{
    "type": "origins:multiple",
    "e": {
        "type": "origins:action_over_time",
        "interval": 4,
        "condition": {
            "type": "origins:and",
            "conditions": [
                {
                    "type": "origins:equipped_item",
                    "equipment_slot": "chest",
                    "item_condition": {
                        "type": "origins:and",
                        "conditions": [
                            {
                                "type": "origins:empty",
                                "inverted": true
                            },
                            {
                                "type": "origins:nbt",
                                "nbt": "{vtailor_fabric:1}"
                            }
                        ]
                    }
                },
                {
                    "type": "origins:origin",
                    "origin": "vtailor:tailor",
                    "inverted": true
                }
            ]
        },
        "entity_action": {
            "type": "origins:and",
            "actions": [
                {
                    "type": "origins:execute_command",
                    "command": "playsound minecraft:entity.evoker_fangs.attack master @s ~ ~ ~ 1 0"
                },
                {
                    "type": "origins:drop_inventory",
                    "slot": "armor.chest",
                    "throw_randomly": true,
                    "inventory_type": "inventory",
                    "entity_action": {
                        "type": "origins:damage",
                        "amount": 2,
                        "damage_type": "mob_attack"
                    }
                }
            ]
        }
    },
    "b": {
        "type": "origins:tooltip",
        "text": "§c§nCannot be worn",
        "condition": {
            "type": "origins:origin",
            "origin": "vtailor:tailor",
            "inverted": true
        },
        "item_condition": {
            "type": "origins:and",
            "conditions": [
                {
                    "type": "origins:empty",
                    "inverted": true
                },
                {
                    "type": "origins:nbt",
                    "nbt": "{vtailor_fabric:1}"
                }
            ]
        }
    }
}