{
    "name": "§c§nFascinating Feast",
    "description": "Your body consumes worn §6Fascinating Fabrics§r to heal itself when damaged. You can only heal this way.",
    "badges": [
        {
            "type": "origins:tooltip",
            "sprite": "origins:textures/gui/badge/info.png",
            "text": "You heal 2x faster if fully fed, draining your nutrition while healing is accelerated."
        }
    ],
    "type": "origins:action_over_time",
    "interval": 20,
    "entity_action": {
        "type": "origins:and",
        "actions": [
            {
                "type": "origins:if_else",
                "condition": {
                    "type": "origins:food_level",
                    "compare_to": 20,
                    "comparison": "=="
                },
                "if_action": {
                    "type": "origins:and",
                    "actions": [
                        {
                            "type": "origins:heal",
                            "amount": 2
                        },
                        {
                            "type": "origins:exhaust",
                            "amount": 4
                        }
                    ]
                },
                "else_action": {
                    "type": "origins:and",
                    "actions": [
                        {
                            "type": "origins:heal",
                            "amount": 1
                        },
                        {
                            "type": "origins:exhaust",
                            "amount": 0.1
                        }
                    ]
                }
            },
            {
                "type": "origins:execute_command",
                "command": "function vtailor:degrade/durability"
            }
        ]
    },
    "condition": {
        "type": "origins:and",
        "conditions": [
            {
                "type": "origins:equipped_item",
                "equipment_slot": "chest",
                "item_condition": {
                    "type": "origins:and",
                    "conditions": [
                        {
                            "type": "origins:empty",
                            "inverted": true
                        },
                        {
                            "type": "origins:nbt",
                            "nbt": "{vtailor_fabric:1}"
                        }
                    ]
                }
            },
            {
                "type": "origins:relative_health",
                "compare_to": 1,
                "comparison": "<"
            }
        ]
    }
}