{
    "name": "§d§nPrecise Dissection",
    "description": "You can execute heavily injured mobs, extracting more silk from them.",
    "badges": [
        {
            "type": "origins:tooltip",
            "sprite": "minecraft:textures/item/iron_sword.png",
            "text": "Use a sword on an enemy below 30% HP to execute it."
        }
    ],
    "type": "origins:multiple",
    "a": {
        "type": "origins:action_on_entity_use",
        "item_condition": {
            "type": "origins:ingredient",
            "ingredient": {
                "tag": "c:swords"
            }
        },
        "bientity_condition": {
            "type": "origins:target_condition",
            "condition": {
                "type": "origins:and",
                "conditions": [
                    {
                        "type": "origins:relative_health",
                        "compare_to": 0.3,
                        "comparison": "<="
                    }
                ]
            }
        },
        "bientity_action": {
            "type": "origins:and",
            "actions": [
                {
                    "type": "origins:target_action",
                    "action": {
                        "type": "origins:and",
                        "actions": [
                            {
                                "type": "origins:execute_command",
                                "command": "function vtailor:string/drop_string"
                            },
                            {
                                "type": "origins:execute_command",
                                "command": "execute anchored eyes positioned ^ ^-0.15 ^ run particle minecraft:sweep_attack ^ ^-0.15 ^ 0.2 0.1 0.2 0.01 4"
                            },
                            {
                                "type": "origins:execute_command",
                                "command": "execute anchored eyes positioned ^ ^-0.15 ^ run particle minecraft:damage_indicator ^ ^-0.15 ^ 0.2 0.1 0.2 0.01 4"
                            },
                            {
                                "type": "origins:execute_command",
                                "command": "execute anchored eyes positioned ^ ^-0.15 ^ run particle minecraft:block redstone_block ^ ^-0.75 ^ 0.35 0.2 0.3 0.01 17"
                            }
                        ]
                    }
                },
                {
                    "type": "origins:damage",
                    "amount": 999,
                    "damage_type": "player_attack"
                },
                {
                    "type": "origins:actor_action",
                    "action": {
                        "type": "origins:and",
                        "actions": [
                            {
                                "type": "origins:execute_command",
                                "command": "playsound minecraft:entity.player.attack.sweep master @s ~ ~ ~ 1 0"
                            },
                            {
                                "type": "origins:execute_command",
                                "command": "playsound minecraft:entity.player.attack.crit master @s ~ ~ ~ 1 0"
                            }
                        ]
                    }
                }
            ]
        }
    },
    "b": {
        "type": "origins:entity_glow",
        "red": 1,
        "blue": 0,
        "green": 0,
        "use_teams": false,
        "bientity_condition": {
            "type": "origins:and",
            "conditions": [
                {
                    "type": "origins:target_condition",
                    "condition": {
                        "type": "origins:relative_health",
                        "compare_to": 0.3,
                        "comparison": "<="
                    }
                },
                {
                    "type": "origins:can_see"
                },
                {
                    "type": "origins:target_condition",
                    "condition": {
                        "type": "origins:living"
                    }
                }
            ]
        }
    }
}