{
    "name": "§d§nTailoring",
    "description": "You are able to use §d2§r\n§dFascinating Strings§r on a loom to make §dFascinating§r\n§dFabric§r, an armor piece inheriting traits from the used silk.",
    "badges": [
        {
            "type": "origins:tooltip",
            "sprite": "minecraft:textures/mob_effect/wither.png",
            "text": "Only §dTailors§r can wear §dFascinating Fabric§r."
        },
        {
            "type": "origins:tooltip",
            "sprite": "minecraft:textures/mob_effect/resistance.png",
            "text": "Your §dFascinating Fabric§r's durability is shown by a resource bar."
        },
        {
            "type": "origins:tooltip",
            "sprite": "minecraft:textures/mob_effect/absorption.png",
            "text": "Your §dFascinating Fabric§r can have a maximum of 60 HP and 8 Attack Damage even if the sum of the strings' stats exceed the cap."
        }
    ],
    "type": "origins:multiple",
    "start": {
        "type": "origins:starting_equipment",
        "stack": {
            "item": "loom"
        }
    },
    "prevent": {
        "type": "origins:prevent_block_use",
        "block_condition": {
            "type": "origins:block",
            "block": "loom"
        },
        "condition": {
            "type": "origins:equipped_item",
            "equipment_slot": "mainhand",
            "item_condition": {
                "type": "origins:or",
                "conditions": [
                    {
                        "type": "origins:and",
                        "conditions": [
                            {
                                "type": "origins:empty",
                                "inverted": true
                            },
                            {
                                "type": "origins:nbt",
                                "nbt": "{vtailor_string:1}"
                            }
                        ]
                    }
                ]
            }
        }
    },
    "string": {
        "type": "origins:active_self",
        "key": {
            "key": "key.use"
        },
        "entity_action": {
            "type": "origins:raycast",
            "distance": 6,
            "before_action": {
                "type": "origins:execute_command",
                "command": "tag @s add vtailor.loom_crafter"
            },
            "block_action": {
                "type": "origins:delay",
                "ticks": 1,
                "action": {
                    "type": "origins:execute_command",
                    "command": "function vtailor:loom/place"
                }
            },
            "hit_action": {
                "type": "origins:delay",
                "ticks": 1,
                "action": {
                    "type": "origins:equipped_item_action",
                    "equipment_slot": "mainhand",
                    "action": {
                        "type": "origins:consume",
                        "amount": 1
                    }
                }
            }
        },
        "condition": {
            "type": "origins:and",
            "conditions": [
                {
                    "type": "origins:equipped_item",
                    "equipment_slot": "mainhand",
                    "item_condition": {
                        "type": "origins:and",
                        "conditions": [
                            {
                                "type": "origins:empty",
                                "inverted": true
                            },
                            {
                                "type": "origins:nbt",
                                "nbt": "{vtailor_string:1}"
                            }
                        ]
                    }
                },
                {
                    "type": "origins:raycast",
                    "distance": 6,
                    "block_condition": {
                        "type": "origins:block",
                        "block": "loom"
                    }
                }
            ]
        }
    }
}