{
    "name": "§d§nWill Make Fine Silk",
    "description": "You can spin flesh into silk. On kill, your victims drop §dFascinating Strings§r: unusually durable silk, its quality increases with the victim's strength.",
    "badges": [
        {
            "type": "origins:tooltip",
            "sprite": "minecraft:textures/mob_effect/regeneration.png",
            "text": "§cResistance§r scales with max health."
        },
        {
            "type": "origins:tooltip",
            "sprite": "minecraft:textures/mob_effect/strength.png",
            "text": "§cDensity§r scales with attack damage."
        },
        {
            "type": "origins:tooltip",
            "sprite": "minecraft:textures/mob_effect/darkness.png",
            "text": "Some mobs will yield silk with §cunique traits§r."
        }
    ],
    "type": "origins:target_action_on_hit",
    "target_condition": {
        "type": "origins:and",
        "conditions": [
            {
                "type": "origins:health",
                "compare_to": 0,
                "comparison": "=="
            },
            {
                "type": "origins:living"
            }
        ]
    },
    "entity_action": {
        "type": "origins:execute_command",
        "command": "function vtailor:string/drop_string"
    },
    "cooldown": 0
}