{
    "name": "§c§nPrice of Talent",
    "description": "Perfecting your art led to the deterioration of your strength and constitution. You have 4 less hearts and deal 2 less damage.",
    "badges": [
        {
            "type": "origins:tooltip",
            "sprite": "origins:textures/gui/badge/info.png",
            "text": "You will always deal at least 3 damage."
        }
    ],
    "type": "origins:multiple",
    "heal": {
        "type": "origins:action_over_time",
        "interval": 4,
        "condition": {
            "type": "origins:equipped_item",
            "equipment_slot": "chest",
            "item_condition": {
                "type": "origins:and",
                "conditions": [
                    {
                        "type": "origins:empty",
                        "inverted": true
                    },
                    {
                        "type": "origins:nbt",
                        "nbt": "{vtailor_fabric:1}"
                    }
                ]
            }
        },
        "rising_action": {
            "type": "origins:and",
            "actions": [
                {
                    "type": "origins:heal",
                    "amount": 0.0001
                },
                {
                    "type": "origins:heal",
                    "amount": -0.0001
                }
            ]
        },
        "falling_action": {
            "type": "origins:and",
            "actions": [
                {
                    "type": "origins:heal",
                    "amount": 0.0001
                },
                {
                    "type": "origins:heal",
                    "amount": -0.0001
                }
            ]
        }
    },
    "hp": {
        "type": "origins:attribute",
        "modifier": {
            "value": -8,
            "attribute": "generic.max_health",
            "operation": "addition"
        }
    },
    "atk": {
        "type": "origins:modify_damage_dealt",
        "modifier": {
            "value": -2,
            "operation": "addition"
        },
        "damage_condition": {
            "type": "origins:amount",
            "compare_to": 3,
            "comparison": ">"
        }
    },
    "atk2": {
        "type": "origins:modify_damage_dealt",
        "modifier": {
            "value": 3,
            "operation": "set_total"
        },
        "damage_condition": {
            "type": "origins:amount",
            "compare_to": 3,
            "comparison": "<="
        }
    }
}