{
	"display": {
		"icon": {
			"item": "minecraft:diamond_sword",
			"nbt": "{CustomModelData:90000}"
		},
		"title": {
			"translate": "stellarity.advancements.spirit_assasin",
			"fallback": "Spirit Assasin"
		},
		"description": {
			"translate": "stellarity.advancements.spirit_assasin.description",
			"fallback": "Teleport over 60 blocks with a pair of Spirit Daggers"
		}
	},
	"parent": "minecraft:end/enter_end_gateway",
	"criteria": {
		"criteria": {
			"trigger": "minecraft:impossible"
		}
	}
}
