[
    {
        "function": "minecraft:copy_nbt",
        "source": {
            "type": "minecraft:storage",
            "source": "vheretic:storage"
        },
        "ops": [
            {
                "source": "book_pages",
                "target": "pages",
                "op": "replace"
            }
        ]
    },
    {
        "function": "minecraft:copy_nbt",
        "source": {
            "type": "minecraft:storage",
            "source": "vheretic:storage"
        },
        "ops": [
            {
                "source": "book_upgrades",
                "target": "vheretic_upgrades",
                "op": "replace"
            }
        ]
    }
]