[
  {
    "function": "minecraft:copy_nbt",
    "source": {
      "type": "minecraft:storage",
      "source": "vheretic:storage"
    },
    "ops": [
      {
        "source": "spell_durability",
        "target": "vheretic_durability",
        "op": "replace"
      }
    ]
  },
  {
    "function": "minecraft:set_lore",
    "entity": "this",
    "replace": true,
    "lore": [
      [{
        "text": "Charges: ",
        "color": "light_purple",
        "bold": false,
        "italic": false
      },
      {
        "score": {
          "name": "@s",
          "objective": "vheretic.durability"
        },
        "color": "dark_purple",
        "bold": true,
        "italic": false
      }]
    ]
  }
]
