{
    "type": "origins:modify_camera_submersion",
    "hidden": true,
    "from": "none",
    "to": "water",
    "condition": {
        "type": "origins:and",
        "conditions": [
            {
                "type": "origins:status_effect",
                "effect": "minecraft:conduit_power",
                "inverted": true
            },
            {
                "type": "origins:equipped_item",
                "equipment_slot": "head",
                "item_condition": {
                    "type": "origins:enchantment",
                    "enchantment": "minecraft:aqua_affinity",
                    "comparison": "<",
                    "compare_to": 1
                }
            }
        ]
    }
}