{
    "name": "§b§nSupernova Sorcery",
    "description": "§bStar Blazing§r's cooldown drops lower as your HP drops.",
    "badges": [
        {
            "type": "origins:tooltip",
            "text": "Only usable in §bAstral State",
            "sprite": "minecraft:textures/block/light_blue_shulker_box.png"
        },
        {
            "type": "origins:tooltip",
            "sprite": "origins:textures/gui/badge/info.png",
            "text": "At 26-50% HP, provides 50% Cooldown Reduction. At 1-25% HP, provides 75% Cooldown Reduction"
        }
    ],
    "type": "origins:multiple",
    "first": {
        "type": "origins:action_over_time",
        "interval": 1,
        "entity_action": {
            "type": "origins:change_resource",
            "resource": "*:astral/star",
            "change": -1
        },
        "condition": {
            "type": "origins:relative_health",
            "compare_to": 0.5,
            "comparison": "<="
        }
    },
    "second": {
        "type": "origins:action_over_time",
        "interval": 1,
        "entity_action": {
            "type": "origins:change_resource",
            "resource": "*:astral/star",
            "change": -2
        },
        "condition": {
            "type": "origins:relative_health",
            "compare_to": 0.25,
            "comparison": "<="
        }
    }
}