{
    "name": "§b§nStellar Genesis",
    "description": "§b[Secondary]§r\nYou can sacrifice your health to improve the next §bStar Blazing§r, making it fire another star, up to 4 stars.",
    "type": "origins:multiple",
    "badges": [
        {
            "type": "origins:tooltip",
            "text": "Only usable in §bAstral State",
            "sprite": "minecraft:textures/block/light_blue_shulker_box.png"
        },
        {
            "type": "origins:tooltip",
            "sprite": "origins:textures/gui/badge/info.png",
            "text": "The more stars are fired, the less accurate §bStar Blazing§r becomes."
        }
    ],
    "count": {
        "type": "origins:resource",
        "min": 1,
        "max": 4,
        "start_value": 1,
        "hud_render": {
            "should_render": false
        }
    },
    "charge": {
        "type": "origins:active_self",
        "key": {
            "key": "key.origins.secondary_active"
        },
        "cooldown": 21,
        "entity_action": {
            "type": "origins:and",
            "actions": [
                {
                    "type": "origins:change_resource",
                    "resource": "*:*_count",
                    "change": 1
                },
                {
                    "type": "origins:damage",
                    "amount": 2,
                    "damage_type": "magic"
                },
                {
                    "type": "origins:execute_command",
                    "command": "playsound minecraft:block.amethyst_block.resonate master @a[distance=..8] ~ ~ ~ 1 0.5"
                },
                {
                    "type": "origins:execute_command",
                    "command": "particle minecraft:enchanted_hit ~ ~1 ~ 0.2 0.4 0.2 0.5 10"
                }
            ]
        },
        "condition": {
            "type": "origins:and",
            "conditions": [
                {
                    "type": "origins:resource",
                    "resource": "*:attune_value",
                    "compare_to": 0,
                    "comparison": "=="
                },
                {
                    "type": "origins:resource",
                    "resource": "*:*_count",
                    "compare_to": 4,
                    "comparison": "<"
                },
                {
                    "type": "origins:sneaking",
                    "inverted": true
                }
            ]
        }
    }
}