{
    "name": "§b§nCosmic Creator",
    "description": "§bStar Blazing§r and other fireworks leave stardust residue on your enemies, which you can consume to heal by hitting them.",
    "type": "origins:action_on_hit",
    "badges": [
        {
            "type": "origins:tooltip",
            "text": "Only usable in §bAstral State",
            "sprite": "minecraft:textures/block/light_blue_shulker_box.png"
        }
    ],
    "cooldown": 0,
    "bientity_action": {
        "type": "origins:target_action",
        "action": {
            "type": "origins:grant_power",
            "power": "*:astral/starresidue",
            "source": "vluminary:astralresidue"
        }
    },
    "condition": {
        "type": "origins:resource",
        "resource": "*:attune_value",
        "compare_to": 0,
        "comparison": "=="
    },
    "damage_condition": {
        "type": "origins:and",
        "conditions": [
            {
                "type": "origins:name",
                "name": "fireworks"
            }
        ]
    }
}