{
    "hidden": true,
    "type": "origins:action_on_hit",
    "cooldown": 10,
    "damage_condition": {
        "type": "origins:name",
        "name": "fireworks",
        "inverted": true
    },
    "bientity_action": {
        "type": "origins:and",
        "actions": [
            {
                "type": "origins:target_action",
                "action": {
                    "type": "origins:revoke_power",
                    "power": "*:astral/starresidue",
                    "source": "vluminary:astralresidue"
                }
            },
            {
                "type": "origins:actor_action",
                "action": {
                    "type": "origins:execute_command",
                    "command": "playsound minecraft:block.amethyst_block.resonate master @a[distance=..8] ~ ~ ~ 1 0.5"
                }
            },
            {
                "type": "origins:actor_action",
                "action": {
                    "type": "origins:heal",
                    "amount": 4
                }
            }
        ]
    },
    "condition": {
        "type": "origins:resource",
        "resource": "*:attune_value",
        "compare_to": 0,
        "comparison": "=="
    },
    "bientity_condition": {
        "type": "origins:target_condition",
        "condition": {
            "type": "origins:power",
            "power": "*:astral/starresidue"
        }
    }
}