{
    "name": "§b§nStar Blazing",
    "description": "§b[Primary]§r\nYou can fire a star that explodes soon after its creation, dealing light damage.",
    "badges": [
        {
            "type": "origins:tooltip",
            "text": "Only usable in §bAstral State",
            "sprite": "minecraft:textures/block/light_blue_shulker_box.png"
        }
    ],
    "type": "origins:active_self",
    "cooldown": 80,
    "hud_render": {
        "should_render": true,
        "bar_index": 18,
        "sprite_location": "origins:textures/gui/community/spiderkolo/resource_bar_03.png"
    },
    "condition": {
        "type": "origins:resource",
        "resource": "*:attune_value",
        "compare_to": 0,
        "comparison": "=="
    },
    "entity_action": {
        "type": "origins:and",
        "actions": [
            {
                "type": "origins:if_else_list",
                "actions": [
                    {
                        "action": {
                            "type": "origins:fire_projectile",
                            "entity_type": "firework_rocket",
                            "cooldown": 80,
                            "speed": 0.7,
                            "divergence": 0,
                            "tag": "{Life:0,LifeTime:10,ShotAtAngle:1b,Tags:[\"vluminary.star\"],FireworksItem:{id:\"nether_star\",Count:1,tag:{Fireworks:{Explosions:[{Type:0,Colors:[I;65527],FadeColors:[I;16770560]}]}}}}"
                        },
                        "condition": {
                            "type": "origins:resource",
                            "resource": "*:astral/genesis_count",
                            "compare_to": 1,
                            "comparison": "=="
                        }
                    },
                    {
                        "action": {
                            "type": "origins:and",
                            "actions": [
                                {
                                    "type": "origins:fire_projectile",
                                    "entity_type": "firework_rocket",
                                    "cooldown": 80,
                                    "speed": 0.7,
                                    "divergence": 0.6,
                                    "count": 1,
                                    "tag": "{Life:0,LifeTime:10,ShotAtAngle:1b,Tags:[\"vluminary.star\"],FireworksItem:{id:\"nether_star\",Count:1,tag:{Fireworks:{Explosions:[{Type:0,Colors:[I;65527],FadeColors:[I;16770560]}]}}}}"
                                },
                                {
                                    "type": "origins:delay",
                                    "ticks": 8,
                                    "action": {
                                        "type": "origins:fire_projectile",
                                        "entity_type": "firework_rocket",
                                        "cooldown": 80,
                                        "speed": 0.7,
                                        "divergence": 4,
                                        "count": 1,
                                        "tag": "{Life:0,LifeTime:10,ShotAtAngle:1b,Tags:[\"vluminary.star\"],FireworksItem:{id:\"nether_star\",Count:1,tag:{Fireworks:{Explosions:[{Type:0,Colors:[I;65527],FadeColors:[I;16770560]}]}}}}"
                                    }
                                }
                            ]
                        },
                        "condition": {
                            "type": "origins:resource",
                            "resource": "*:astral/genesis_count",
                            "compare_to": 2,
                            "comparison": "=="
                        }
                    },
                    {
                        "action": {
                            "type": "origins:and",
                            "actions": [
                                {
                                    "type": "origins:fire_projectile",
                                    "entity_type": "firework_rocket",
                                    "cooldown": 80,
                                    "speed": 0.7,
                                    "divergence": 5,
                                    "count": 1,
                                    "tag": "{Life:0,LifeTime:10,ShotAtAngle:1b,Tags:[\"vluminary.star\"],FireworksItem:{id:\"nether_star\",Count:1,tag:{Fireworks:{Explosions:[{Type:0,Colors:[I;65527],FadeColors:[I;16770560]}]}}}}"
                                },
                                {
                                    "type": "origins:delay",
                                    "ticks": 8,
                                    "action": {
                                        "type": "origins:fire_projectile",
                                        "entity_type": "firework_rocket",
                                        "cooldown": 80,
                                        "speed": 0.7,
                                        "divergence": 5,
                                        "count": 1,
                                        "tag": "{Life:0,LifeTime:10,ShotAtAngle:1b,Tags:[\"vluminary.star\"],FireworksItem:{id:\"nether_star\",Count:1,tag:{Fireworks:{Explosions:[{Type:0,Colors:[I;65527],FadeColors:[I;16770560]}]}}}}"
                                    }
                                },
                                {
                                    "type": "origins:delay",
                                    "ticks": 16,
                                    "action": {
                                        "type": "origins:fire_projectile",
                                        "entity_type": "firework_rocket",
                                        "cooldown": 80,
                                        "speed": 0.7,
                                        "divergence": 5,
                                        "count": 1,
                                        "tag": "{Life:0,LifeTime:10,ShotAtAngle:1b,Tags:[\"vluminary.star\"],FireworksItem:{id:\"nether_star\",Count:1,tag:{Fireworks:{Explosions:[{Type:0,Colors:[I;65527],FadeColors:[I;16770560]}]}}}}"
                                    }
                                }
                            ]
                        },
                        "condition": {
                            "type": "origins:resource",
                            "resource": "*:astral/genesis_count",
                            "compare_to": 3,
                            "comparison": "=="
                        }
                    },
                    {
                        "action": {
                            "type": "origins:and",
                            "actions": [
                                {
                                    "type": "origins:fire_projectile",
                                    "entity_type": "firework_rocket",
                                    "cooldown": 80,
                                    "speed": 0.7,
                                    "divergence": 15,
                                    "count": 1,
                                    "tag": "{Life:0,LifeTime:10,ShotAtAngle:1b,Tags:[\"vluminary.star\"],FireworksItem:{id:\"nether_star\",Count:1,tag:{Fireworks:{Explosions:[{Type:0,Colors:[I;65527],FadeColors:[I;16770560]}]}}}}"
                                },
                                {
                                    "type": "origins:delay",
                                    "ticks": 8,
                                    "action": {
                                        "type": "origins:fire_projectile",
                                        "entity_type": "firework_rocket",
                                        "cooldown": 80,
                                        "speed": 0.7,
                                        "divergence": 15,
                                        "count": 1,
                                        "tag": "{Life:0,LifeTime:10,ShotAtAngle:1b,Tags:[\"vluminary.star\"],FireworksItem:{id:\"nether_star\",Count:1,tag:{Fireworks:{Explosions:[{Type:0,Colors:[I;65527],FadeColors:[I;16770560]}]}}}}"
                                    }
                                },
                                {
                                    "type": "origins:delay",
                                    "ticks": 16,
                                    "action": {
                                        "type": "origins:fire_projectile",
                                        "entity_type": "firework_rocket",
                                        "cooldown": 80,
                                        "speed": 0.7,
                                        "divergence": 15,
                                        "count": 1,
                                        "tag": "{Life:0,LifeTime:10,ShotAtAngle:1b,Tags:[\"vluminary.star\"],FireworksItem:{id:\"nether_star\",Count:1,tag:{Fireworks:{Explosions:[{Type:0,Colors:[I;65527],FadeColors:[I;16770560]}]}}}}"
                                    }
                                },
                                {
                                    "type": "origins:delay",
                                    "ticks": 24,
                                    "action": {
                                        "type": "origins:fire_projectile",
                                        "entity_type": "firework_rocket",
                                        "cooldown": 80,
                                        "speed": 0.7,
                                        "divergence": 15,
                                        "count": 1,
                                        "tag": "{Life:0,LifeTime:10,ShotAtAngle:1b,Tags:[\"vluminary.star\"],FireworksItem:{id:\"nether_star\",Count:1,tag:{Fireworks:{Explosions:[{Type:0,Colors:[I;65527],FadeColors:[I;16770560]}]}}}}"
                                    }
                                }
                            ]
                        },
                        "condition": {
                            "type": "origins:resource",
                            "resource": "*:astral/genesis_count",
                            "compare_to": 4,
                            "comparison": "=="
                        }
                    }
                ]
            },
            {
                "type": "origins:change_resource",
                "resource": "*:astral/genesis_count",
                "change": 0,
                "operation": "set"
            }
        ]
    }
}