{
    "type": "origins:multiple",
    "particles": {
        "type": "origins:particle",
        "particle": {
            "type": "firework"
        },
        "frequency": 2
    },
    "cd": {
        "type": "origins:cooldown",
        "cooldown": 300,
        "hud_render": {
            "should_render": false
        }
    },
    "trigger": {
        "type": "origins:action_on_callback",
        "entity_action_added": {
            "type": "origins:delay",
            "action": {
                "type": "origins:trigger_cooldown",
                "power": "*:*_cd"
            },
            "ticks": 1
        }
    },
    "rem": {
        "type": "origins:action_over_time",
        "interval": 1,
        "rising_action": {
            "type": "origins:revoke_power",
            "power": "*:*",
            "source": "vluminary:astralresidue"
        },
        "condition": {
            "type": "origins:resource",
            "resource": "*:*_cd",
            "compare_to": 1,
            "comparison": "=="
        }
    }
}