{
  "parent": "bracken:the_brine/station",
  "display": {
    "title": {
      "translate": "Time in a Bottle"
    },
    "description": {
      "translate": "Obtain essence of eternity",
      "color": "green"
    },
    "icon": {
      "item": "minecraft:nether_wart",
      "nbt": "{CustomModelData:888510}"
    },
    "frame": "task",
    "show_toast": true,
    "announce_to_chat": true,
    "hidden": false
  },
  "criteria": {
    "bracken:the_brine/eternity1": {
      "trigger": "minecraft:inventory_changed",
      "conditions": {
        "player": [
          {
            "condition": "minecraft:entity_properties",
            "entity": "this",
            "predicate": {
              "location": {
                "dimension": "bracken:the_brine"
              }
            }
          }
        ],
        "items": [
          {
            "items": [
              "minecraft:nether_wart"
            ],
            "nbt": "{CustomModelData:888510}"
          }
        ]
      }
    }
  },
  "requirements": [
    [
      "bracken:the_brine/eternity1"
    ]
  ]
}
