{
    "name": "§e§nSupreme Authority",
    "description": "§6[Left-Click a mob]§r\nCommand your soldiers to attack the target. Each soldier deals 4 damage.\n§6[R-Click a Sand Soldier]§r\nMark your soldier. R-Click a solid block to move it there.",
    "badges": [],
    "type": "origins:multiple",
    "moving": {
        "type": "origins:resource",
        "min": 0,
        "max": 1,
        "start_value": 0,
        "hud_render": {
            "should_render": false
        }
    },
    "move": {
        "type": "origins:active_self",
        "cooldown": 1,
        "key": {
            "key": "key.use"
        },
        "condition": {
            "type": "origins:and",
            "conditions": [
                {
                    "type": "origins:raycast",
                    "distance": 16,
                    "hit_bientity_condition": {
                        "type": "origins:target_condition",
                        "condition": {
                            "type": "origins:command",
                            "command": "execute if entity @s[tag=vsandmage.sand_soldier]",
                            "compare_to": 1,
                            "comparison": "=="
                        }
                    }
                }
            ]
        },
        "entity_action": {
            "type": "origins:if_else",
            "condition": {
                "type": "origins:resource",
                "resource": "*:*_moving",
                "compare_to": 0,
                "comparison": "=="
            },
            "else_action": {
                "type": "origins:and",
                "actions": [
                    {
                        "type": "origins:raycast",
                        "entity": false,
                        "distance": 16,
                        "command_step": 0.25,
                        "command_at_hit": "function vsandmage:soldiers/move"
                    },
                    {
                        "type": "origins:change_resource",
                        "resource": "*:*_moving",
                        "change": -1
                    }
                ]
            },
            "if_action": {
                "type": "origins:raycast",
                "distance": 16,
                "bientity_condition": {
                    "type": "origins:target_condition",
                    "condition": {
                        "type": "origins:nbt",
                        "nbt": "{Tags:['vsandmage.sand_soldier']}",
                        "inverted": false
                    }
                },
                "bientity_action": {
                    "type": "origins:and",
                    "actions": [
                        {
                            "type": "origins:target_action",
                            "action": {
                                "type": "origins:execute_command",
                                "command": "tag @s add vsandmage.link_move"
                            }
                        },
                        {
                            "type": "origins:target_action",
                            "action": {
                                "type": "origins:execute_command",
                                "command": "data modify entity @s CustomName set value \"{\\\"text\\\":\\\"Sand Soldier\\\",\\\"color\\\":\\\"blue\\\"}\""
                            }
                        },
                        {
                            "type": "origins:actor_action",
                            "action": {
                                "type": "origins:execute_command",
                                "command": "scoreboard players operation @e[type=skeleton,tag=vsandmage.link_move,sort=nearest,limit=1] vsandmage.link = @s vsandmage.id"
                            }
                        },
                        {
                            "type": "origins:target_action",
                            "action": {
                                "type": "origins:execute_command",
                                "command": "tag @s remove vsandmage.link_move"
                            }
                        },
                        {
                            "type": "origins:actor_action",
                            "action": {
                                "type": "origins:change_resource",
                                "resource": "*:*_moving",
                                "change": 1
                            }
                        }
                    ]
                }
            }
        }
    },
    "attack": {
        "type": "origins:active_self",
        "cooldown": 10,
        "key": {
            "key": "key.attack"
        },
        "entity_action": {
            "type": "origins:if_else",
            "condition": {
                "type": "origins:raycast",
                "distance": 16,
                "hit_bientity_condition": {
                    "type": "origins:target_condition",
                    "condition": {
                        "type": "origins:command",
                        "command": "execute if entity @s[tag=vsandmage.sand_soldier]",
                        "compare_to": 0,
                        "comparison": "=="
                    }
                }
            },
            "if_action": {
                "type": "origins:and",
                "actions": [
                    {
                        "type": "origins:raycast",
                        "distance": 16,
                        "bientity_action": {
                            "type": "origins:and",
                            "actions": [
                                {
                                    "type": "origins:actor_action",
                                    "action": {
                                        "type": "origins:execute_command",
                                        "command": "function vsandmage:soldiers/tag_eligible"
                                    }
                                },
                                {
                                    "type": "origins:target_action",
                                    "action": {
                                        "type": "origins:execute_command",
                                        "command": "execute at @e[type=skeleton,tag=vsandmage.sand_soldier,distance=..5,tag=vsandmage.eligible] run tp @e[type=skeleton,tag=vsandmage.sand_soldier,distance=..0.00001,sort=nearest,limit=1] ~ ~ ~ facing entity @s feet"
                                    }
                                },
                                {
                                    "type": "origins:target_action",
                                    "action": {
                                        "type": "origins:execute_command",
                                        "command": "execute at @e[type=skeleton,tag=vsandmage.sand_soldier,distance=..5,tag=vsandmage.eligible] run tp @e[type=skeleton,tag=vsandmage.sand_soldier,distance=..0.00001,sort=nearest,limit=1] ~ ~ ~ ~ ~17.5"
                                    }
                                },
                                {
                                    "type": "origins:target_action",
                                    "action": {
                                        "type": "origins:execute_command",
                                        "command": "execute store result score @s vsandmage.soldier_count if entity @e[type=skeleton,tag=vsandmage.sand_soldier,distance=..5,tag=vsandmage.eligible]"
                                    }
                                },
                                {
                                    "type": "origins:target_action",
                                    "action": {
                                        "type": "origins:execute_command",
                                        "command": "scoreboard players set #vsandmage.authoritydmgcalc vsandmage.soldier_count 4"
                                    }
                                },
                                {
                                    "type": "origins:actor_action",
                                    "action": {
                                        "type": "origins:execute_command",
                                        "command": "function vsandmage:soldiers/get_priests"
                                    }
                                },
                                {
                                    "type": "origins:actor_action",
                                    "action": {
                                        "type": "origins:execute_command",
                                        "command": "scoreboard players operation #vsandmage.authoritydmgcalc vsandmage.soldier_count += @s vsandmage.priests"
                                    }
                                },
                                {
                                    "type": "origins:target_action",
                                    "action": {
                                        "type": "origins:execute_command",
                                        "command": "scoreboard players operation @s vsandmage.soldier_count *= #vsandmage.authoritydmgcalc vsandmage.soldier_count"
                                    }
                                },
                                {
                                    "type": "origins:target_action",
                                    "action": {
                                        "type": "origins:execute_command",
                                        "command": "scoreboard players operation @e[type=skeleton,tag=vsandmage.eligible,tag=vsandmage.sand_soldier,distance=..5] vsandmage.soldier_count = @s vsandmage.soldier_count"
                                    }
                                },
                                {
                                    "type": "origins:target_action",
                                    "action": {
                                        "type": "origins:execute_command",
                                        "command": "execute as @e[type=skeleton,tag=vsandmage.sand_soldier,tag=vsandmage.eligible,distance=..5] run resource operation @s vsandmage:effects/damagecalc_res = @s vsandmage.soldier_count"
                                    }
                                },
                                {
                                    "type": "origins:target_action",
                                    "action": {
                                        "type": "origins:area_of_effect",
                                        "radius": 4.5,
                                        "bientity_condition": {
                                            "type": "origins:target_condition",
                                            "condition": {
                                                "type": "origins:nbt",
                                                "nbt": "{Tags:['vsandmage.eligible']}"
                                            }
                                        },
                                        "bientity_action": {
                                            "type": "origins:and",
                                            "actions": [
                                                {
                                                    "type": "origins:target_action",
                                                    "action": {
                                                        "type": "origins:and",
                                                        "actions": [
                                                            {
                                                                "type": "origins:execute_command",
                                                                "command": "scoreboard players set @s vsandmage.maximum_atk 0"
                                                            },
                                                            {
                                                                "type": "origins:execute_command",
                                                                "command": "function vsandmage:soldiers/sweep"
                                                            }
                                                        ]
                                                    }
                                                }
                                            ]
                                        }
                                    }
                                },
                                {
                                    "type": "origins:actor_action",
                                    "action": {
                                        "type": "origins:execute_command",
                                        "command": "tag @e[type=skeleton,tag=vsandmage.eligible] remove vsandmage.eligible"
                                    }
                                }
                            ]
                        }
                    }
                ]
            }
        }
    }
}