{
    "type": "origins:active_self",
    "badges": [
        
    ],
    "key": {
        "key": "key.origins.secondary_active"
    },
    "cooldown": 200,
    "hud_render": {
        "should_render": true,
        "bar_index": 8,
        "sprite_location": "origins:textures/gui/community/huang/resource_bar_01.png"
    },
    "entity_action": {
        "type": "origins:raycast",
        "distance": 16,
        "bientity_action": {
            "type": "origins:invert",
            "action": {
                "type": "origins:add_velocity",
                "z": -1.5
            }
        },
        "bientity_condition": {
            "type": "origins:target_condition",
            "condition": {
                "type": "origins:command",
                "command": "execute if entity @s[tag=vsandmage.sand_soldier]",
                "compare_to": 1,
                "comparison": "=="
            }
        }
    },
    "name": "§e§nShifting Sands",
    "description": "§6[Secondary]§r\nYou can dash to a target Sand Soldier."
}