{
    "name": "§e§nGrand Exaltation",
    "description": "§6[L-Click Soldier (with item)]§r\nYou can give some items to Sand Soldiers, promoting them to §eExalted§r of different classes. They will be no longer subject to §e§nSupreme Authority§r but gain an unique ability.",
    "badges": [
        {
            "type": "origins:tooltip",
            "sprite": "origins:textures/gui/badge/info.png",
            "text": "Check your Advancements tab for more info on Exaltations."
        },
        {
            "type": "origins:tooltip",
            "sprite": "origins:textures/gui/badge/star.png",
            "text": "This ability's cooldown is 7 minutes. Think about who you exalt!"
        },
        {
            "type": "origins:tooltip",
            "sprite": "origins:textures/gui/badge/active.png",
            "text": "Use Exalted Soldiers with an empty hand to kill them."
        }
    ],
    "type": "origins:multiple",
    "cd": {
        "type": "origins:cooldown",
        "cooldown": 8400,
        "hud_render": {
            "should_render": true,
            "bar_index": 0,
            "sprite_location": "origins:textures/gui/community/spiderkolo/resource_bar_01.png"
        }
    },
    "kill": {
        "type": "origins:active_self",
        "key": {
            "key": "key.use"
        },
        "condition": {
            "type": "origins:equipped_item",
            "equipment_slot": "mainhand",
            "item_condition": {
                "type": "origins:empty"
            }
        },
        "entity_action": {
            "type": "origins:raycast",
            "distance": 8,
            "bientity_action": {
                "type": "origins:if_else",
                "if_action": {
                    "type": "origins:target_action",
                    "action": {
                        "type": "origins:execute_command",
                        "command": "function vsandmage:soldiers/kill"
                    }
                },
                "condition": {
                    "type": "origins:target_condition",
                    "condition": {
                        "type": "origins:command",
                        "command": "execute if entity @s[tag=vsandmage.exalted]",
                        "compare_to": 1,
                        "comparison": ">="
                    }
                }
            }
        }
    },
    "active": {
        "type": "origins:active_self",
        "key": {
            "key": "key.attack"
        },
        "condition": {
            "type": "origins:and",
            "conditions": [
                {
                    "type": "origins:resource",
                    "resource": "*:*_cd",
                    "compare_to": 0,
                    "comparison": "=="
                },
                {
                    "type": "origins:biome",
                    "condition": {
                        "type": "origins:temperature",
                        "compare_to": 1.99,
                        "comparison": ">"
                    }
                },
                {
                    "type": "origins:equipped_item",
                    "equipment_slot": "mainhand",
                    "item_condition": {
                        "type": "origins:ingredient",
                        "ingredient": {
                            "tag": "vsandmage:exalts"
                        }
                    }
                }
            ]
        },
        "entity_action": {
            "type": "origins:raycast",
            "distance": 8,
            "bientity_condition": {
                "type": "origins:target_condition",
                "condition": {
                    "type": "origins:command",
                    "command": "execute if entity @s[tag=vsandmage.sand_soldier]",
                    "compare_to": 1,
                    "comparison": ">="
                }
            },
            "bientity_action": {
                "type": "origins:and",
                "actions": [
                    {
                        "type": "origins:if_else_list",
                        "actions": [
                            {
                                "action": {
                                    "type": "origins:and",
                                    "actions": [
                                        {
                                            "type": "origins:target_action",
                                            "action": {
                                                "type": "origins:execute_command",
                                                "command": "function vsandmage:exaltation/promote_priest"
                                            }
                                        },
                                        {
                                            "type": "origins:actor_action",
                                            "action": {
                                                "type": "origins:execute_command",
                                                "command": "advancement grant @s only vsandmage:exalt_priest"
                                            }
                                        }
                                    ]
                                },
                                "condition": {
                                    "type": "origins:actor_condition",
                                    "condition": {
                                        "type": "origins:equipped_item",
                                        "equipment_slot": "mainhand",
                                        "item_condition": {
                                            "type": "origins:ingredient",
                                            "ingredient": {
                                                "item": "glistering_melon_slice"
                                            }
                                        }
                                    }
                                }
                            },
                            {
                                "action": {
                                    "type": "origins:and",
                                    "actions": [
                                        {
                                            "type": "origins:target_action",
                                            "action": {
                                                "type": "origins:execute_command",
                                                "command": "function vsandmage:exaltation/promote_guard"
                                            }
                                        },
                                        {
                                            "type": "origins:actor_action",
                                            "action": {
                                                "type": "origins:execute_command",
                                                "command": "advancement grant @s only vsandmage:exalt_guard"
                                            }
                                        }
                                    ]
                                },
                                "condition": {
                                    "type": "origins:actor_condition",
                                    "condition": {
                                        "type": "origins:equipped_item",
                                        "equipment_slot": "mainhand",
                                        "item_condition": {
                                            "type": "origins:ingredient",
                                            "ingredient": {
                                                "item": "golden_sword"
                                            }
                                        }
                                    }
                                }
                            },
                            {
                                "action": {
                                    "type": "origins:and",
                                    "actions": [
                                        {
                                            "type": "origins:target_action",
                                            "action": {
                                                "type": "origins:execute_command",
                                                "command": "function vsandmage:exaltation/promote_cleric"
                                            }
                                        },
                                        {
                                            "type": "origins:actor_action",
                                            "action": {
                                                "type": "origins:execute_command",
                                                "command": "advancement grant @s only vsandmage:exalt_cleric"
                                            }
                                        }
                                    ]
                                },
                                "condition": {
                                    "type": "origins:actor_condition",
                                    "condition": {
                                        "type": "origins:equipped_item",
                                        "equipment_slot": "mainhand",
                                        "item_condition": {
                                            "type": "origins:ingredient",
                                            "ingredient": {
                                                "item": "ender_eye"
                                            }
                                        }
                                    }
                                }
                            }
                        ]
                    },
                    {
                        "type": "origins:actor_action",
                        "action": {
                            "type": "origins:trigger_cooldown",
                            "power": "*:*_cd"
                        }
                    },
                    {
                        "type": "origins:actor_action",
                        "action": {
                            "type": "origins:equipped_item_action",
                            "equipment_slot": "mainhand",
                            "action": {
                                "type": "origins:consume",
                                "amount": 1
                            }
                        }
                    }
                ]
            }
        }
    }
}