{
    "hidden": true,
    "type": "origins:action_on_callback",
    "entity_action_chosen": {
        "type": "origins:and",
        "actions": [
            {
                "type": "origins:execute_command",
                "command": "scoreboard players add #vsandmage_ids vsandmage.id 1"
            },
            {
                "type": "origins:execute_command",
                "command": "execute unless score @s vsandmage.id matches 1.. run scoreboard players operation @s vsandmage.id = #vsandmage_ids vsandmage.id"
            },
            {
                "type": "origins:execute_command",
                "command": "advancement grant @s only vsandmage:root"
            }
        ]
    },
    "entity_action_lost": {
        "type": "origins:execute_command",
        "command": "scoreboard players set @s vsandmage.id 0"
    },
    "execute_chosen_when_orb": true
}