{
    "name": "§6§nFinal Sacrifice",
    "description": "You sacrificed all of your mortal strength to ascend, rendering conventional weaponry entirely useless. However, your powers return to you when fighting the tyrants of the End and Nether.",
    "badges": [
        {
            "type": "origins:tooltip",
            "text": "You deal 100% damage to the Wither and Ender Dragon.",
            "sprite": "origins:textures/gui/badge/info.png"
        }
    ],
    "type": "origins:multiple",
    "nomelee": {
        "type": "origins:modify_damage_dealt",
        "modifier": {
            "value": -1,
            "operation": "multiply_total"
        },
        "bientity_condition": {
            "type": "origins:target_condition",
            "condition": {
                "type": "origins:and",
                "conditions": [
                    {
                        "type": "origins:entity_type",
                        "entity_type": "wither",
                        "inverted": true
                    },
                    {
                        "type": "origins:entity_type",
                        "entity_type": "ender_dragon",
                        "inverted": true
                    }
                ]
            }
        }
    },
    "noproj": {
        "type": "origins:modify_projectile_damage",
        "modifier": {
            "value": -1,
            "operation": "multiply_total"
        },
        "target_condition": {
            "type": "origins:and",
            "conditions": [
                {
                    "type": "origins:entity_type",
                    "entity_type": "wither",
                    "inverted": true
                },
                {
                    "type": "origins:entity_type",
                    "entity_type": "ender_dragon",
                    "inverted": true
                }
            ]
        }
    }
}