{
    "type": "origins:multiple",
    "name": "§e§nDune Affinity",
    "description": "You can phase through sandstone, though for a limited time.",
    "phasing": {
        "type": "origins:phasing",
        "block_condition": {
            "type": "origins:or",
            "conditions": [
                {
                    "type": "origins:in_tag",
                    "tag": "c:sandstone_blocks"
                },
                {
                    "type": "origins:in_tag",
                    "tag": "c:sandstone_slabs"
                },
                {
                    "type": "origins:in_tag",
                    "tag": "c:sandstone_stairs"
                }
            ]
        }
    },
    "gills": {
        "type": "origins:action_over_time",
        "interval": 2,
        "rising_action": {
            "type": "origins:grant_power",
            "power": "origins:water_breathing",
            "source": "vsandmage:phasing"
        },
        "falling_action": {
            "type": "origins:revoke_power",
            "power": "origins:water_breathing",
            "source": "vsandmage:phasing"
        },
        "condition": {
            "type": "origins:in_block",
            "block_condition": {
                "type": "origins:offset",
                "y": 1,
                "condition": {
                    "type": "origins:or",
                    "conditions": [
                        {
                            "type": "origins:in_tag",
                            "tag": "c:sandstone_blocks"
                        },
                        {
                            "type": "origins:in_tag",
                            "tag": "c:sandstone_slabs"
                        },
                        {
                            "type": "origins:in_tag",
                            "tag": "c:sandstone_stairs"
                        }
                    ]
                }
            }
        }
    },
    "gillsdrain": {
        "type": "origins:action_over_time",
        "interval": 1,
        "entity_action": {
            "type": "origins:if_else",
            "condition": {
                "type": "origins:air",
                "compare_to": 8,
                "comparison": ">"
            },
            "if_action": {
                "type": "origins:gain_air",
                "value": -4
            }
        },
        "condition": {
            "type": "origins:in_block",
            "block_condition": {
                "type": "origins:offset",
                "y": 1,
                "condition": {
                    "type": "origins:or",
                    "conditions": [
                        {
                            "type": "origins:in_tag",
                            "tag": "c:sandstone_blocks"
                        },
                        {
                            "type": "origins:in_tag",
                            "tag": "c:sandstone_slabs"
                        },
                        {
                            "type": "origins:in_tag",
                            "tag": "c:sandstone_stairs"
                        }
                    ]
                }
            }
        }
    }
}