{
    "name": "§e§nShaping Sands",
    "description": "You can turn sand into sandstone and vice versa. Your block reach is extended when building with sandstone.",
    "type": "origins:multiple",
    "extend": {
        "type": "origins:action_over_time",
        "interval": 1,
        "rising_action": {
            "type": "origins:and",
            "actions": [
                {
                    "type": "origins:execute_command",
                    "command": "scale delay set pehkui:block_reach 0 @s"
                },
                {
                    "type": "origins:execute_command",
                    "command": "scale set pehkui:block_reach 1.5 @s"
                }
            ]
        },
        "falling_action": {
            "type": "origins:and",
            "actions": [
                {
                    "type": "origins:execute_command",
                    "command": "scale delay set pehkui:block_reach 0 @s"
                },
                {
                    "type": "origins:execute_command",
                    "command": "scale set pehkui:block_reach 1 @s"
                }
            ]
        },
        "condition": {
            "type": "origins:equipped_item",
            "equipment_slot": "mainhand",
            "item_condition": {
                "type": "origins:or",
                "conditions": [
                    {
                        "type": "origins:ingredient",
                        "ingredient": {
                            "tag": "c:sandstone_blocks"
                        }
                    },
                    {
                        "type": "origins:ingredient",
                        "ingredient": {
                            "tag": "c:sandstone_stairs"
                        }
                    },
                    {
                        "type": "origins:ingredient",
                        "ingredient": {
                            "tag": "c:sandstone_slabs"
                        }
                    }
                ]
            }
        }
    },
    "recipe1": {
        "type": "origins:recipe",
        "recipe": {
            "id": "vsandmage:sand_to_sandstone",
            "type": "minecraft:crafting_shapeless",
            "ingredients": [
                {
                    "item": "minecraft:sand"
                }
            ],
            "result": {
                "item": "minecraft:sandstone"
            }
        }
    },
    "recipe2": {
        "type": "origins:recipe",
        "recipe": {
            "id": "vsandmage:sandstone_to_sand",
            "type": "minecraft:crafting_shapeless",
            "ingredients": [
                {
                    "item": "minecraft:sandstone"
                }
            ],
            "result": {
                "item": "minecraft:sand"
            }
        }
    },
    "recipe3": {
        "type": "origins:recipe",
        "recipe": {
            "id": "vsandmage:redsand_to_redsandstone",
            "type": "minecraft:crafting_shapeless",
            "ingredients": [
                {
                    "item": "minecraft:red_sand"
                }
            ],
            "result": {
                "item": "minecraft:red_sandstone"
            }
        }
    },
    "recipe4": {
        "type": "origins:recipe",
        "recipe": {
            "id": "vsandmage:redsandstone_to_redsand",
            "type": "minecraft:crafting_shapeless",
            "ingredients": [
                {
                    "item": "minecraft:red_sandstone"
                }
            ],
            "result": {
                "item": "minecraft:red_sand"
            }
        }
    }
}