{
    "name": "§e§nUndying Loyalty",
    "description": "§6[Primary]§r\nYou are able to raise §eSand Soldiers§r who will wait for your orders.",
    "badges": [
        {
            "type": "origins:tooltip",
            "text": "You can have a max of 4 Sand Soldiers active.",
            "sprite": "origins:textures/gui/badge/info.png"
        },
        {
            "type": "origins:tooltip",
            "text": "Sand Soldiers can pick items up for you!",
            "sprite": "origins:textures/gui/badge/star.png"
        }
    ],
    "type": "origins:active_self",
    "cooldown": 60,
    "hud_render": {
        "should_render": true,
        "bar_index": 18,
        "sprite_location": "origins:textures/gui/community/spiderkolo/resource_bar_02.png"
    },
    "entity_action": {
        "type": "origins:and",
        "actions": [
            {
                "type": "origins:execute_command",
                "command": "function vsandmage:soldiers/tag_eligible"
            },
            {
                "type": "origins:if_else",
                "condition": {
                    "type": "origins:command",
                    "command": "execute if entity @e[type=skeleton,tag=vsandmage.eligible,distance=..32]",
                    "compare_to": 4,
                    "comparison": "<"
                },
                "if_action": {
                    "type": "origins:raycast",
                    "distance": 16,
                    "shape_type": "collider",
                    "command_along_ray": "particle block sand ~ ~ ~",
                    "command_step": 0.25,
                    "command_at_hit": "function vsandmage:summon_sand_soldier"
                },
                "else_action": {
                    "type": "origins:execute_command",
                    "command": "title @s actionbar {\"color\":\"red\",\"text\":\"You cannot spawn more soldiers\"}"
                }
            },
            {
                "type": "origins:execute_command",
                "command": "tag @e[type=skeleton,tag=vsandmage.eligible] remove vsandmage.eligible"
            }
        ]
    }
}