{
    "type": "origins:multiple",
    "name": "Batty Behavior",
    "description": "You can transform into a bat while above 3 food shanks. To transform, activate creative flight.",
    "badges": [
        {
            "type": "origins:tooltip",
            "sprite": "origins:textures/gui/badge/info.png",
            "text": "While transformed:\n- You can slowly move freely through the air\n- You're shorter than a block\n- You rapidly exhaust\n- You have 5 hearts\n- You cannot attack or use items"
        },
        {
            "type": "origins:tooltip",
            "sprite": "minecraft:textures/mob_effect/jump_boost.png",
            "text": "While above 3 food shanks, you are immune to fall damage."
        }
    ],
    "creative_flight": {
        "type": "origins:creative_flight",
        "condition": {
            "type": "origins:food_level",
            "compare_to": 6,
            "comparison": ">"
        }
    },
    "flight_speed": {
        "type": "origins:modify_air_speed",
        "modifier": {
            "operation": "multiply_total",
            "value": -0.5
        },
        "condition": {
            "type": "origins:and",
            "conditions": [
                {
                    "type": "origins:and",
                    "conditions": [
                        {
                            "type": "origins:creative_flying"
                        },
                        {
                            "type": "origins:gamemode",
                            "gamemode": "creative",
                            "inverted": true
                        }
                    ]
                },
                {
                    "type": "origins:gamemode",
                    "gamemode": "creative",
                    "inverted": true
                }
            ]
        }
    },
    "exhaustion_size": {
        "type": "origins:action_over_time",
        "rising_action": {
            "type": "origins:and",
            "actions": [
                {
                    "type": "origins:execute_command",
                    "command": "function bloodsucker:bat_size"
                },
                {
                    "type": "origins:spawn_particles",
                    "particle": {
                        "type": "minecraft:dust",
                        "params": "0.1 0.1 0.1 2"
                    },
                    "count": 32,
                    "speed": 0.1,
                    "force": false,
                    "spread": {
                        "x": 0.5,
                        "y": 0.2,
                        "z": 0.5
                    }
                },
                {
                    "type": "origins:spawn_particles",
                    "particle": {
                        "type": "minecraft:dust",
                        "params": "1 0.1 0.1 2"
                    },
                    "count": 32,
                    "speed": 0.1,
                    "force": false,
                    "spread": {
                        "x": 0.5,
                        "y": 0.2,
                        "z": 0.5
                    }
                }
            ]
        },
        "entity_action": {
            "type": "origins:and",
            "actions": [
                {
                    "type": "origins:exhaust",
                    "amount": 0.05
                }
            ]
        },
        "falling_action": {
            "type": "origins:and",
            "actions": [
                {
                    "type": "origins:execute_command",
                    "command": "scale reset @s"
                },
                {
                    "type": "origins:spawn_particles",
                    "particle": {
                        "type": "minecraft:dust",
                        "params": "0.1 0.1 0.1 2"
                    },
                    "count": 32,
                    "speed": 0.1,
                    "force": false,
                    "spread": {
                        "x": 0.5,
                        "y": 0.2,
                        "z": 0.5
                    }
                },
                {
                    "type": "origins:spawn_particles",
                    "particle": {
                        "type": "minecraft:dust",
                        "params": "1 0.1 0.1 2"
                    },
                    "count": 32,
                    "speed": 0.1,
                    "force": false,
                    "spread": {
                        "x": 0.5,
                        "y": 0.2,
                        "z": 0.5
                    }
                }
            ]
        },
        "interval": 1,
        "condition": {
            "type": "origins:and",
            "conditions": [
                {
                    "type": "origins:creative_flying"
                },
                {
                    "type": "origins:gamemode",
                    "gamemode": "creative",
                    "inverted": true
                }
            ]
        }
    },
    "health": {
        "type": "origins:conditioned_attribute",
        "modifier": {
            "attribute": "minecraft:generic.max_health",
            "operation": "addition",
            "value": -16
        },
        "tick_rate": 1,
        "condition": {
            "type": "origins:and",
            "conditions": [
                {
                    "type": "origins:creative_flying"
                },
                {
                    "type": "origins:gamemode",
                    "gamemode": "creative",
                    "inverted": true
                }
            ]
        }
    },
    "model_color": {
        "type": "origins:model_color",
        "red": 0.25,
        "green": 0.25,
        "blue": 0.25,
        "condition": {
            "type": "origins:and",
            "conditions": [
                {
                    "type": "origins:creative_flying"
                },
                {
                    "type": "origins:gamemode",
                    "gamemode": "creative",
                    "inverted": true
                }
            ]
        }
    },
    "item_use": {
        "type": "origins:prevent_item_use",
        "condition": {
            "type": "origins:and",
            "conditions": [
                {
                    "type": "origins:creative_flying"
                },
                {
                    "type": "origins:gamemode",
                    "gamemode": "creative",
                    "inverted": true
                }
            ]
        }
    },
    "damage": {
        "type": "origins:modify_damage_dealt",
        "modifier": {
            "operation": "multiply_total",
            "value": -0.5
        },
        "condition": {
            "type": "origins:and",
            "conditions": [
                {
                    "type": "origins:creative_flying"
                },
                {
                    "type": "origins:gamemode",
                    "gamemode": "creative",
                    "inverted": true
                }
            ]
        }
    },
    "night_vision": {
        "type": "origins:night_vision",
        "strength": 1,
        "condition": {
            "type": "origins:and",
            "conditions": [
                {
                    "type": "origins:creative_flying"
                },
                {
                    "type": "origins:gamemode",
                    "gamemode": "creative",
                    "inverted": true
                }
            ]
        }
    },
    "prevent_feature_render": {
        "type": "origins:prevent_feature_render",
        "features": [
            "held_item",
            "armor"
        ],
        "condition": {
            "type": "origins:and",
            "conditions": [
                {
                    "type": "origins:creative_flying"
                },
                {
                    "type": "origins:gamemode",
                    "gamemode": "creative",
                    "inverted": true
                }
            ]
        }
    }
}