{
    "type": "origins:multiple",
    "hidden": true,
    "resource": {
        "type": "origins:resource",
        "min": 0,
        "max": 240,
        "hud_render": {
            "should_render": true,
            "bar_index": 5,
            "sprite_location": "origins:textures/gui/community/spiderkolo/resource_bar_01.png"
        }
    },
    "aesthetics_timer": {
        "type": "origins:cooldown",
        "cooldown": 20,
        "hud_render": {
            "should_render": false
        }
    },
    "decrease": {
        "type": "origins:action_over_time",
        "interval": 1,
        "rising_action": {
            "type": "origins:change_resource",
            "resource": "*:*_resource",
            "change": 120
        },
        "entity_action": {
            "type": "origins:and",
            "actions": [
                {
                    "type": "origins:if_else",
                    "condition": {
                        "type": "origins:resource",
                        "compare_to": 0,
                        "comparison": ">",
                        "resource": "*:*_resource"
                    },
                    "if_action": {
                        "type": "origins:change_resource",
                        "resource": "*:*_resource",
                        "change": -1
                    },
                    "else_action": {
                        "type": "origins:revoke_power",
                        "power": "bloodsucker:blood_mark",
                        "source": "bloodsucker:vampirism"
                    }
                },
                {
                    "type": "origins:if_else",
                    "condition": {
                        "type": "origins:resource",
                        "compare_to": 0,
                        "comparison": "==",
                        "resource": "*:*_aesthetics_timer"
                    },
                    "if_action": {
                        "type": "origins:and",
                        "actions": [
                            {
                                "type": "origins:spawn_particles",
                                "particle": {
                                    "type": "minecraft:block",
                                    "params": "minecraft:redstone_block"
                                },
                                "count": 7,
                                "speed": 0.1,
                                "force": true,
                                "spread": {
                                    "x": 0.0,
                                    "y": 0.0,
                                    "z": 0.0
                                }
                            },
                            {
                                "type": "origins:play_sound",
                                "sound": "minecraft:entity.bee.sting",
                                "pitch": 0.0001,
                                "volume": 1
                            },
                            {
                                "type": "origins:trigger_cooldown",
                                "power": "*:*_aesthetics_timer"
                            }
                        ]
                    }
                }
            ]
        }
    },
    "modify": {
        "type": "origins:modify_damage_taken",
        "damage_condition": {
            "type": "origins:and",
            "conditions": [
                {
                    "type": "origins:attacker",
                    "entity_condition": {
                        "type": "origins:origin",
                        "origin": "bloodsucker:bloodsucker",
                        "layer": "origins:origin"
                    }
                },
                {
                    "type": "origins:amount",
                    "compare_to": 0,
                    "comparison": ">"
                }
            ]
        },
        "condition": {
            "type": "origins:resource",
            "compare_to": 0,
            "comparison": "==",
            "resource": "*:*_cooldown"
        },
        "self_action": {
            "type": "origins:and",
            "actions": [
                {
                    "type": "origins:change_resource",
                    "change": 20,
                    "resource": "*:*_resource"
                },
                {
                    "type": "origins:trigger_cooldown",
                    "power": "*:*_cooldown"
                }
            ]
        },
        "attacker_action": {
            "type": "origins:feed",
            "food": 1,
            "saturation": 0.25
        },
        "modifier": {
            "operation": "multiply_total",
            "value": 0.5
        }
    },
    "cooldown": {
        "type": "origins:cooldown",
        "cooldown": 10,
        "hud_render": {
            "should_render": false
        }
    }
}