{
    "type": "origins:multiple",
    "name": "Ghoulish Endurance",
    "description": "You have 3 extra hearts. When you die, your remaining food shanks will be converted into health to keep you alive.",
    "badges": [
        {
            "type": "origins:tooltip",
            "sprite": "origins:textures/gui/badge/info.png",
            "text": "If you die to a wooden sword, fire, or drowning, you won't be resurrected."
        }
    ],
    "attribute": {
        "type": "origins:attribute",
        "modifier": {
            "attribute": "minecraft:generic.max_health",
            "operation": "addition",
            "value": 6
        }
    },
    "prevent_death": {
        "type": "origins:prevent_death",
        "condition": {
            "type": "origins:food_level",
            "compare_to": 0,
            "comparison": ">"
        },
        "entity_action": {
            "type": "origins:and",
            "actions": [
                {
                    "type": "origins:grant_power",
                    "power": "bloodsucker:revive_heal",
                    "source": "bloodsucker:bloodsucker"
                },
                {
                    "type": "origins:execute_command",
                    "command": "function bloodsucker:endurance_vfx"
                },
                {
                    "type": "origins:execute_command",
                    "command": "title @s actionbar {\"text\":\"☥\",\"color\":\"dark_red\"}"
                }
            ]
        },
        "damage_condition": {
            "type": "origins:or",
            "conditions": [
                {
                    "type": "origins:attacker",
                    "entity_condition": {
                        "type": "origins:equipped_item",
                        "equipment_slot": "mainhand",
                        "item_condition": {
                            "type": "origins:ingredient",
                            "ingredient": {
                                "item": "minecraft:wooden_sword"
                            }
                        }
                    }
                },
                {
                    "type": "origins:fire"
                },
                {
                    "type": "origins:name",
                    "name": "drown"
                }
            ],
            "inverted": true
        }
    }
}