{
    "type": "origins:multiple",
    "name": "Heliophobia",
    "description": "When exposed to sunlight, you will take 2x damage, and exhaust over time.",
    "badges": [
        {
            "type": "origins:tooltip",
            "sprite": "origins:textures/gui/badge/info.png",
            "text": "If you're unable to sprint, the sun will do damage over time. If you're starving, the sun will light you on fire."
        },
        {
            "type": "origins:tooltip",
            "sprite": "origins:textures/gui/badge/star.png",
            "text": "Disabled by the following:\n- Invisibility\n- Fire Resistance\n- Leather Helmet (at the cost of durability)\n- Water, Ice, Snow"
        }
    ],
    "damage": {
        "type": "origins:modify_damage_taken",
        "modifier": {
            "operation": "multiply_base_additive",
            "value": 1
        },
        "condition": {
            "type": "origins:and",
            "conditions": [
                {
                    "type": "origins:daytime"
                },
                {
                    "type": "origins:exposed_to_sky"
                },
                {
                    "type": "origins:in_rain",
                    "inverted": true
                },
                {
                    "type": "origins:equipped_item",
                    "equipment_slot": "head",
                    "item_condition": {
                        "type": "origins:ingredient",
                        "ingredient": {
                            "item": "minecraft:leather_helmet"
                        }
                    },
                    "inverted": true
                },
                {
                    "type": "origins:invisible",
                    "inverted": true
                },
                {
                    "type": "origins:status_effect",
                    "effect": "minecraft:fire_resistance",
                    "inverted": true
                },
                {
                    "type": "origins:block_in_radius",
                    "block_condition": {
                        "type": "origins:in_tag",
                        "tag": "bloodsucker:cool_blocks"
                    },
                    "radius": 1,
                    "compare_to": 0,
                    "comparison": "=="
                }
            ]
        }
    },
    "sunlight": {
        "type": "origins:action_over_time",
        "interval": 20,
        "entity_action": {
            "type": "origins:if_else",
            "condition": {
                "type": "origins:and",
                "conditions": [
                    {
                        "type": "origins:equipped_item",
                        "equipment_slot": "head",
                        "item_condition": {
                            "type": "origins:ingredient",
                            "ingredient": {
                                "item": "minecraft:leather_helmet"
                            }
                        }
                    }
                ]
            },
            "if_action": {
                "type": "origins:and",
                "actions": [
                    {
                        "type": "origins:chance",
                        "action": {
                            "type": "origins:equipped_item_action",
                            "equipment_slot": "head",
                            "action": {
                                "type": "origins:damage",
                                "damage": 1,
                                "ignore_unbreaking": false
                            }
                        },
                        "chance": 0.05
                    }
                ]
            },
            "else_action": {
                "type": "origins:if_else",
                "condition": {
                    "type": "origins:and",
                    "conditions": [
                        {
                            "type": "origins:food_level",
                            "compare_to": 6,
                            "comparison": ">"
                        }
                    ]
                },
                "if_action": {
                    "type": "origins:and",
                    "actions": [
                        {
                            "type": "origins:exhaust",
                            "amount": 0.6
                        }
                    ]
                },
                "else_action": {
                    "type": "origins:if_else",
                    "condition": {
                        "type": "origins:and",
                        "conditions": [
                            {
                                "type": "origins:food_level",
                                "compare_to": 0,
                                "comparison": ">"
                            }
                        ]
                    },
                    "if_action": {
                        "type": "origins:and",
                        "actions": [
                            {
                                "type": "origins:exhaust",
                                "amount": 0.3
                            },
                            {
                                "type": "origins:spawn_particles",
                                "particle": {
                                    "type": "minecraft:flame"
                                },
                                "count": 16,
                                "speed": 0.0,
                                "force": false,
                                "spread": {
                                    "x": 0.5,
                                    "y": 0.25,
                                    "z": 0.5
                                }
                            }
                        ]
                    },
                    "else_action": {
                        "type": "origins:set_on_fire",
                        "duration": 5
                    }
                }
            }
        },
        "condition": {
            "type": "origins:and",
            "conditions": [
                {
                    "type": "origins:daytime"
                },
                {
                    "type": "origins:exposed_to_sky"
                },
                {
                    "type": "origins:in_rain",
                    "inverted": true
                },
                {
                    "type": "origins:invisible",
                    "inverted": true
                },
                {
                    "type": "origins:status_effect",
                    "effect": "minecraft:fire_resistance",
                    "inverted": true
                },
                {
                    "type": "origins:block_in_radius",
                    "block_condition": {
                        "type": "origins:in_tag",
                        "tag": "bloodsucker:cool_blocks"
                    },
                    "radius": 1,
                    "compare_to": 0,
                    "comparison": "=="
                }
            ]
        }
    },
    "fire_damage": {
        "type": "origins:damage_over_time",
        "interval": 20,
        "onset_delay": 1,
        "damage": 1,
        "damage_easy": 1,
        "damage_source": {
            "name": "onFire",
            "unblockable": true,
            "bypasses_armor": true,
            "fire": true
        },
        "protection_enchantment": "minecraft:fire_protection",
        "protection_effectiveness": 0.5,
        "condition": {
            "type": "origins:and",
            "conditions": [
                {
                    "type": "origins:daytime"
                },
                {
                    "type": "origins:exposed_to_sky"
                },
                {
                    "type": "origins:in_rain",
                    "inverted": true
                },
                {
                    "type": "origins:equipped_item",
                    "equipment_slot": "head",
                    "item_condition": {
                        "type": "origins:ingredient",
                        "ingredient": {
                            "item": "minecraft:leather_helmet"
                        }
                    },
                    "inverted": true
                },
                {
                    "type": "origins:invisible",
                    "inverted": true
                },
                {
                    "type": "origins:status_effect",
                    "effect": "minecraft:fire_resistance",
                    "inverted": true
                },
                {
                    "type": "origins:block_in_radius",
                    "block_condition": {
                        "type": "origins:in_tag",
                        "tag": "bloodsucker:cool_blocks"
                    },
                    "radius": 1,
                    "compare_to": 0,
                    "comparison": "=="
                },
                {
                    "type": "origins:food_level",
                    "compare_to": 6,
                    "comparison": "<="
                },
                {
                    "type": "origins:food_level",
                    "compare_to": 0,
                    "comparison": ">"
                }
            ]
        }
    },
    "shader": {
        "type": "apoli:overlay",
        "hidden": true,
        "texture": "minecraft:textures/misc/nausea.png",
        "red": 0.8,
        "green": 0.6,
        "blue": 0,
        "strength": 0.5,
        "draw_mode": "nausea",
        "draw_phase": "above_hud",
        "visible_in_third_person": true,
        "hide_with_hud": true,
        "condition": {
            "type": "origins:and",
            "conditions": [
                {
                    "type": "origins:daytime"
                },
                {
                    "type": "origins:exposed_to_sky"
                },
                {
                    "type": "origins:in_rain",
                    "inverted": true
                },
                {
                    "type": "origins:equipped_item",
                    "equipment_slot": "head",
                    "item_condition": {
                        "type": "origins:ingredient",
                        "ingredient": {
                            "item": "minecraft:leather_helmet"
                        }
                    },
                    "inverted": true
                },
                {
                    "type": "origins:invisible",
                    "inverted": true
                },
                {
                    "type": "origins:status_effect",
                    "effect": "minecraft:fire_resistance",
                    "inverted": true
                },
                {
                    "type": "origins:block_in_radius",
                    "block_condition": {
                        "type": "origins:in_tag",
                        "tag": "bloodsucker:cool_blocks"
                    },
                    "radius": 1,
                    "compare_to": 0,
                    "comparison": "=="
                }
            ]
        }
    }
}