{
    "type": "origins:multiple",
    "name": "Vampiric Regeneration",
    "description": "You do not regenerate normally, but you'll rapidly regenerate at the cost of food. Every food shank can heal up to 5 hearts before being depleted.",
    "disable_regen": {
        "type": "origins:disable_regen"
    },
    "regeneration": {
        "type": "origins:action_over_time",
        "interval": 1,
        "entity_action": {
            "type": "origins:if_else_list",
            "actions": [
                {
                    "action": {
                        "type": "origins:if_else",
                        "condition": {
                            "type": "origins:resource",
                            "resource": "*:*_half_timer",
                            "comparison": "==",
                            "compare_to": 0
                        },
                        "if_action": {
                            "type": "origins:and",
                            "actions": [
                                {
                                    "type": "origins:heal",
                                    "amount": 1
                                },
                                {
                                    "type": "origins:if_else",
                                    "condition": {
                                        "type": "origins:resource",
                                        "resource": "*:*_food_resource",
                                        "comparison": "==",
                                        "compare_to": 5
                                    },
                                    "if_action": {
                                        "type": "origins:and",
                                        "actions": [
                                            {
                                                "type": "origins:feed",
                                                "food": -1,
                                                "saturation": 0
                                            },
                                            {
                                                "type": "origins:change_resource",
                                                "resource": "*:*_food_resource",
                                                "change": -5
                                            }
                                        ]
                                    },
                                    "else_action": {
                                        "type": "origins:change_resource",
                                        "resource": "*:*_food_resource",
                                        "change": 1
                                    }
                                },
                                {
                                    "type": "origins:trigger_cooldown",
                                    "power": "*:*_half_timer"
                                }
                            ]
                        }
                    },
                    "condition": {
                        "type": "origins:and",
                        "conditions": [
                            {
                                "type": "origins:relative_health",
                                "comparison": "<=",
                                "compare_to": 0.5
                            },
                            {
                                "type": "origins:food_level",
                                "comparison": ">",
                                "compare_to": 0
                            }
                        ]
                    }
                },
                {
                    "action": {
                        "type": "origins:if_else",
                        "condition": {
                            "type": "origins:resource",
                            "resource": "*:*_timer",
                            "comparison": "==",
                            "compare_to": 0
                        },
                        "if_action": {
                            "type": "origins:and",
                            "actions": [
                                {
                                    "type": "origins:heal",
                                    "amount": 1
                                },
                                {
                                    "type": "origins:if_else",
                                    "condition": {
                                        "type": "origins:resource",
                                        "resource": "*:*_food_resource",
                                        "comparison": "==",
                                        "compare_to": 5
                                    },
                                    "if_action": {
                                        "type": "origins:and",
                                        "actions": [
                                            {
                                                "type": "origins:feed",
                                                "food": -2,
                                                "saturation": 0
                                            },
                                            {
                                                "type": "origins:change_resource",
                                                "resource": "*:*_food_resource",
                                                "change": -5
                                            }
                                        ]
                                    },
                                    "else_action": {
                                        "type": "origins:change_resource",
                                        "resource": "*:*_food_resource",
                                        "change": 1
                                    }
                                },
                                {
                                    "type": "origins:trigger_cooldown",
                                    "power": "*:*_timer"
                                }
                            ]
                        }
                    },
                    "condition": {
                        "type": "origins:and",
                        "conditions": [
                            {
                                "type": "origins:relative_health",
                                "comparison": ">",
                                "compare_to": 0.5
                            },
                            {
                                "type": "origins:relative_health",
                                "comparison": "<",
                                "compare_to": 1
                            },
                            {
                                "type": "origins:food_level",
                                "comparison": ">=",
                                "compare_to": 10
                            }
                        ]
                    }
                }
            ]
        },
        "condition": {
            "type": "origins:and",
            "conditions": [
                {
                    "type": "origins:and",
                    "conditions": [
                        {
                            "type": "origins:creative_flying"
                        },
                        {
                            "type": "origins:gamemode",
                            "gamemode": "creative",
                            "inverted": true
                        }
                    ],
                    "inverted": true
                },
                {
                    "type": "origins:resource",
                    "resource": "bloodsucker:unholy_smite_cooldown",
                    "comparison": "==",
                    "compare_to": 0
                }
            ]
        }
    },
    "timer": {
        "type": "origins:cooldown",
        "cooldown": 10,
        "hud_render": {
            "should_render": false
        }
    },
    "half_timer": {
        "type": "origins:cooldown",
        "cooldown": 7,
        "hud_render": {
            "should_render": false
        }
    },
    "food_resource": {
        "type": "origins:resource",
        "min": 0,
        "max": 5,
        "hud_render": {
            "should_render": false
        }
    }
}