{
    "type": "origins:action_on_callback",
    "entity_action_added": {
        "type": "origins:revoke_power",
        "power": "*:*",
        "source": "bloodsucker:bloodsucker"
    },
    "entity_action_lost": {
        "type": "origins:if_else",
        "condition": {
            "type": "origins:and",
            "conditions": [
                {
                    "type": "origins:food_level",
                    "compare_to": 0,
                    "comparison": ">"
                },
                {
                    "type": "origins:relative_health",
                    "compare_to": 1,
                    "comparison": "<"
                }
            ]
        },
        "if_action": {
            "type": "origins:and",
            "actions": [
                {
                    "type": "origins:feed",
                    "food": -1,
                    "saturation": 0
                },
                {
                    "type": "origins:heal",
                    "amount": 4
                },
                {
                    "type": "origins:grant_power",
                    "power": "*:*",
                    "source": "bloodsucker:bloodsucker"
                }
            ]
        }
    }
}