{
    "type": "origins:shader",
    "shader": "minecraft:shaders/post/desaturate.json",
    "condition": {
        "type": "origins:and",
        "conditions": [
            {
                "type": "origins:creative_flying",
                "inverted": true
            },
            {
                "type": "origins:gamemode",
                "gamemode": "creative",
                "inverted": true
            },
            {
                "type": "origins:food_level",
                "comparison": "<=",
                "compare_to": 8
            }
        ]
    },
    "toggleable": false,
    "hidden": true
}