{
    "type": "origins:multiple",
    "name": "Sanguine Leftovers",
    "description": "You can sacrifice health, and food to fill a glass bottle with your blood by right clicking the air with an Athame. Target other creatures by sneaking and right-clicking their back with an Athame.",
    "badges": [
        {
            "type": "origins:crafting_recipe",
            "sprite": "minecraft:textures/block/crafting_table_top.png",
            "prefix": "The recipe for an Athame:",
            "recipe": {
                "id": "bloodsucker:sacrificial_dagger",
                "type": "minecraft:crafting_shaped",
                "key": {
                    "#": {
                        "item": "minecraft:iron_sword"
                    },
                    "X": {
                        "item": "minecraft:redstone"
                    }
                },
                "pattern": [
                    " X ",
                    " X ",
                    " # "
                ],
                "result": {
                    "item": "minecraft:iron_sword"
                }
            },
            "suffix": {
                "text": "(Or right click an iron sword with 2+ redstone in your cursor)",
                "color": "gray",
                "italic": true
            }
        }
    ],
    "store_main": {
        "type": "origins:active_self",
        "entity_action": {
            "type": "origins:and",
            "actions": [
                {
                    "type": "origins:execute_command",
                    "command": "clear @s minecraft:glass_bottle 1"
                },
                {
                    "type": "origins:equipped_item_action",
                    "equipment_slot": "mainhand",
                    "action": {
                        "type": "origins:damage",
                        "damage": 5
                    }
                },
                {
                    "type": "origins:give",
                    "stack": {
                        "item": "minecraft:potion",
                        "tag": "{display:{Name:'{\"text\":\"Bloodsucker\\'s Vial\",\"color\":\"dark_red\"}'},CustomPotionColor:10354688,BloodsuckerBloodBottle:1b,BloodBottle:1b}"
                    },
                    "preferred_slot": "offhand"
                },
                {
                    "type": "origins:feed",
                    "food": -6,
                    "saturation": 0
                },
                {
                    "type": "origins:damage",
                    "amount": 2,
                    "source": {
                        "name": "generic",
                        "unblockable": true,
                        "bypasses_armor": true
                    }
                }
            ]
        },
        "condition": {
            "type": "origins:and",
            "conditions": [
                {
                    "type": "origins:command",
                    "command": "clear @s minecraft:glass_bottle 0",
                    "compare_to": 1,
                    "comparison": ">="
                },
                {
                    "type": "origins:equipped_item",
                    "equipment_slot": "mainhand",
                    "item_condition": {
                        "type": "origins:and",
                        "conditions": [
                            {
                                "type": "origins:nbt",
                                "nbt": "{SacrificialDagger:1b}"
                            },
                            {
                                "type": "origins:ingredient",
                                "ingredient": {
                                    "item": "minecraft:iron_sword"
                                }
                            }
                        ]
                    }
                },
                {
                    "type": "origins:food_level",
                    "compare_to": 6,
                    "comparison": ">="
                },
                {
                    "type": "origins:sneaking",
                    "inverted": true
                }
            ]
        },
        "cooldown": 20,
        "key": {
            "key": "key.use",
            "continuous": true
        }
    },
    "store_off": {
        "type": "origins:active_self",
        "entity_action": {
            "type": "origins:and",
            "actions": [
                {
                    "type": "origins:execute_command",
                    "command": "clear @s minecraft:glass_bottle 1"
                },
                {
                    "type": "origins:equipped_item_action",
                    "equipment_slot": "offhand",
                    "action": {
                        "type": "origins:damage",
                        "damage": 5
                    }
                },
                {
                    "type": "origins:give",
                    "stack": {
                        "item": "minecraft:potion",
                        "tag": "{display:{Name:'{\"text\":\"Bloodsucker\\'s Vial\",\"color\":\"dark_red\"}'},CustomPotionColor:10354688,BloodsuckerBloodBottle:1b,BloodBottle:1b}"
                    },
                    "preferred_slot": "offhand"
                },
                {
                    "type": "origins:feed",
                    "food": -6,
                    "saturation": 0
                },
                {
                    "type": "origins:damage",
                    "amount": 2,
                    "source": {
                        "name": "generic",
                        "unblockable": true,
                        "bypasses_armor": true
                    }
                }
            ]
        },
        "condition": {
            "type": "origins:and",
            "conditions": [
                {
                    "type": "origins:command",
                    "command": "clear @s minecraft:glass_bottle 0",
                    "compare_to": 1,
                    "comparison": ">="
                },
                {
                    "type": "origins:equipped_item",
                    "equipment_slot": "offhand",
                    "item_condition": {
                        "type": "origins:and",
                        "conditions": [
                            {
                                "type": "origins:nbt",
                                "nbt": "{SacrificialDagger:1b}"
                            },
                            {
                                "type": "origins:ingredient",
                                "ingredient": {
                                    "item": "minecraft:iron_sword"
                                }
                            }
                        ]
                    }
                },
                {
                    "type": "origins:food_level",
                    "compare_to": 6,
                    "comparison": ">="
                },
                {
                    "type": "origins:sneaking",
                    "inverted": true
                }
            ]
        },
        "cooldown": 20,
        "key": {
            "key": "key.use",
            "continuous": true
        }
    },
    "stab": {
        "type": "origins:action_on_entity_use",
        "bientity_action": {
            "type": "origins:and",
            "actions": [
                {
                    "type": "origins:if_else",
                    "condition": {
                        "type": "origins:target_condition",
                        "condition": {
                            "type": "origins:health",
                            "compare_to": 6,
                            "comparison": ">"
                        }
                    },
                    "if_action": {
                        "type": "origins:and",
                        "actions": [
                            {
                                "type": "origins:target_action",
                                "action": {
                                    "type": "origins:heal",
                                    "amount": -6
                                }
                            },
                            {
                                "type": "origins:damage",
                                "amount": 0,
                                "source": {
                                    "name": "player",
                                    "bypasses_armor": true,
                                    "unblockable": true
                                }
                            }
                        ]
                    },
                    "else_action": {
                        "type": "origins:damage",
                        "amount": 6,
                        "source": {
                            "name": "player",
                            "bypasses_armor": true,
                            "unblockable": true
                        }
                    }
                },
                {
                    "type": "origins:if_else_list",
                    "actions": [
                        {
                            "action": {
                                "type": "origins:actor_action",
                                "action": {
                                    "type": "origins:and",
                                    "actions": [
                                        {
                                            "type": "origins:execute_command",
                                            "command": "clear @s minecraft:glass_bottle 1"
                                        },
                                        {
                                            "type": "origins:give",
                                            "stack": {
                                                "item": "minecraft:potion",
                                                "tag": "{display:{Name:'{\"text\":\"Burning Blood Vial\",\"color\":\"gold\"}'},CustomPotionColor:16738352,HotBloodBottle:1b,BloodBottle:1b}"
                                            },
                                            "preferred_slot": "offhand"
                                        }
                                    ]
                                }
                            },
                            "condition": {
                                "type": "origins:target_condition",
                                "condition": {
                                    "type": "origins:or",
                                    "conditions": [
                                        {
                                            "type": "origins:in_tag",
                                            "tag": "bloodsucker:blood_types/hotblooded"
                                        },
                                        {
                                            "type": "origins:power",
                                            "power": "origins:hotblooded"
                                        }
                                    ]
                                }
                            }
                        },
                        {
                            "action": {
                                "type": "origins:actor_action",
                                "action": {
                                    "type": "origins:and",
                                    "actions": [
                                        {
                                            "type": "origins:execute_command",
                                            "command": "clear @s minecraft:glass_bottle 1"
                                        },
                                        {
                                            "type": "origins:give",
                                            "stack": {
                                                "item": "minecraft:potion",
                                                "tag": "{display:{Name:'{\"text\":\"Unstable Blood Vial\",\"color\":\"light_purple\"}'},CustomPotionColor:12196351,UnstableBloodBottle:1b,BloodBottle:1b}"
                                            },
                                            "preferred_slot": "offhand"
                                        }
                                    ]
                                }
                            },
                            "condition": {
                                "type": "origins:target_condition",
                                "condition": {
                                    "type": "origins:in_tag",
                                    "tag": "bloodsucker:blood_types/unstable"
                                }
                            }
                        },
                        {
                            "action": {
                                "type": "origins:actor_action",
                                "action": {
                                    "type": "origins:and",
                                    "actions": [
                                        {
                                            "type": "origins:execute_command",
                                            "command": "clear @s minecraft:glass_bottle 1"
                                        },
                                        {
                                            "type": "origins:give",
                                            "stack": {
                                                "item": "minecraft:potion",
                                                "tag": "{display:{Name:'{\"text\":\"Slushy Blood Vial\",\"color\":\"aqua\"}'},CustomPotionColor:12123647,FrozenBloodBottle:1b,BloodBottle:1b}"
                                            },
                                            "preferred_slot": "offhand"
                                        }
                                    ]
                                }
                            },
                            "condition": {
                                "type": "origins:target_condition",
                                "condition": {
                                    "type": "origins:in_tag",
                                    "tag": "bloodsucker:blood_types/frozen"
                                }
                            }
                        },
                        {
                            "action": {
                                "type": "origins:actor_action",
                                "action": {
                                    "type": "origins:and",
                                    "actions": [
                                        {
                                            "type": "origins:execute_command",
                                            "command": "clear @s minecraft:glass_bottle 1"
                                        },
                                        {
                                            "type": "origins:give",
                                            "stack": {
                                                "item": "minecraft:potion",
                                                "tag": "{display:{Name:'{\"text\":\"Toxic Blood Vial\",\"color\":\"dark_green\"}'},CustomPotionColor:10026844,PoisonousBloodBottle:1b,BloodBottle:1b}"
                                            },
                                            "preferred_slot": "offhand"
                                        }
                                    ]
                                }
                            },
                            "condition": {
                                "type": "origins:target_condition",
                                "condition": {
                                    "type": "origins:in_tag",
                                    "tag": "bloodsucker:blood_types/poisonous"
                                }
                            }
                        },
                        {
                            "action": {
                                "type": "origins:actor_action",
                                "action": {
                                    "type": "origins:and",
                                    "actions": [
                                        {
                                            "type": "origins:execute_command",
                                            "command": "clear @s minecraft:glass_bottle 1"
                                        },
                                        {
                                            "type": "origins:give",
                                            "stack": {
                                                "item": "minecraft:potion",
                                                "tag": "{display:{Name:'{\"text\":\"Human\\'s Blood Vial\",\"color\":\"red\"}'},CustomPotionColor:13376283,HumanBloodBottle:1b,BloodBottle:1b}"
                                            },
                                            "preferred_slot": "offhand"
                                        }
                                    ]
                                }
                            },
                            "condition": {
                                "type": "origins:target_condition",
                                "condition": {
                                    "type": "origins:in_tag",
                                    "tag": "bloodsucker:blood_types/human"
                                }
                            }
                        },
                        {
                            "action": {
                                "type": "origins:actor_action",
                                "action": {
                                    "type": "origins:and",
                                    "actions": [
                                        {
                                            "type": "origins:execute_command",
                                            "command": "clear @s minecraft:glass_bottle 1"
                                        },
                                        {
                                            "type": "origins:give",
                                            "stack": {
                                                "item": "minecraft:potion",
                                                "tag": "{display:{Name:'{\"text\":\"Animal\\'s Blood Vial\",\"color\":\"red\"}'},CustomPotionColor:13376283,AnimalBloodBottle:1b,BloodBottle:1b}"
                                            },
                                            "preferred_slot": "offhand"
                                        }
                                    ]
                                }
                            },
                            "condition": {
                                "type": "origins:target_condition",
                                "condition": {
                                    "type": "origins:in_tag",
                                    "tag": "bloodsucker:blood_types/animal"
                                }
                            }
                        },
                        {
                            "action": {
                                "type": "origins:actor_action",
                                "action": {
                                    "type": "origins:and",
                                    "actions": [
                                        {
                                            "type": "origins:execute_command",
                                            "command": "clear @s minecraft:glass_bottle 1"
                                        },
                                        {
                                            "type": "origins:give",
                                            "stack": {
                                                "item": "minecraft:potion",
                                                "tag": "{display:{Name:'{\"text\":\"Corpse\\'s Blood Vial\",\"color\":\"red\"}'},CustomPotionColor:13376283,UndeadBloodBottle:1b,BloodBottle:1b}"
                                            },
                                            "preferred_slot": "offhand"
                                        }
                                    ]
                                }
                            },
                            "condition": {
                                "type": "origins:target_condition",
                                "condition": {
                                    "type": "origins:in_tag",
                                    "tag": "bloodsucker:blood_types/undead"
                                }
                            }
                        }
                    ]
                },
                {
                    "type": "apoli:actor_action",
                    "action": {
                        "type": "origins:trigger_cooldown",
                        "power": "*:*_stab_cooldown"
                    }
                }
            ]
        },
        "bientity_condition": {
            "type": "origins:and",
            "conditions": [
                {
                    "type": "origins:target_condition",
                    "condition": {
                        "type": "origins:living"
                    }
                },
                {
                    "type": "origins:can_see"
                },
                {
                    "type": "origins:distance",
                    "compare_to": 3.5,
                    "comparison": "<="
                },
                {
                    "type": "origins:relative_rotation",
                    "actor_rotation": "head",
                    "target_rotation": "body",
                    "comparison": ">=",
                    "compare_to": 0.0
                },
                {
                    "type": "origins:target_condition",
                    "condition": {
                        "type": "origins:in_tag",
                        "tag": "bloodsucker:blood_types/blacklist"
                    },
                    "inverted": true
                }
            ]
        },
        "condition": {
            "type": "origins:and",
            "conditions": [
                {
                    "type": "origins:sneaking"
                },
                {
                    "type": "origins:resource",
                    "resource": "*:*_stab_cooldown",
                    "compare_to": 0,
                    "comparison": "=="
                },
                {
                    "type": "origins:equipped_item",
                    "equipment_slot": "mainhand",
                    "item_condition": {
                        "type": "origins:and",
                        "conditions": [
                            {
                                "type": "origins:nbt",
                                "nbt": "{SacrificialDagger:1b}"
                            },
                            {
                                "type": "origins:ingredient",
                                "ingredient": {
                                    "item": "minecraft:iron_sword"
                                }
                            }
                        ]
                    }
                },
                {
                    "type": "origins:command",
                    "command": "clear @s minecraft:glass_bottle 0",
                    "compare_to": 1,
                    "comparison": ">="
                }
            ]
        }
    },
    "stab_cooldown": {
        "type": "origins:cooldown",
        "cooldown": 100,
        "hud_render": {
            "should_render": false
        }
    }
}