{
    "type": "origins:multiple",
    "name": "Unholy",
    "description": "Your intrinsic unholiness means being hurt by fire, or a smite-infused weapon will hurt more and disable your regeneration capabilities for 10 seconds.",
    "smite": {
        "type": "origins:modify_damage_taken",
        "modifier": {
            "operation": "multiply_base_multiplicative",
            "value": 0.5
        },
        "self_action": {
            "type": "origins:trigger_cooldown",
            "power": "*:*_smite_cooldown"
        },
        "damage_condition": {
            "type": "origins:or",
            "conditions": [
                {
                    "type": "origins:attacker",
                    "entity_condition": {
                        "type": "origins:equipped_item",
                        "equipment_slot": "mainhand",
                        "item_condition": {
                            "type": "origins:enchantment",
                            "enchantment": "minecraft:smite",
                            "compare_to": 1,
                            "comparison": ">="
                        }
                    }
                },
                {
                    "type": "origins:fire"
                }
            ]
        }
    },
    "smite_cooldown": {
        "type": "origins:cooldown",
        "cooldown": 200,
        "hud_render": {
            "should_render": false
        }
    }
}