{
    "type": "origins:multiple",
    "name": "Vampirism",
    "description": "You don't naturally exhaust, and food provides no benefit. Instead of eating, you can feed from mobs by §nSneak+Right-Clicking§r them from behind, damaging them and providing you with food.",
    "badges": [
        {
            "type": "origins:tooltip",
            "sprite": "origins:textures/gui/badge/star.png",
            "text": "Sucking the blood of a mob gives it the Vampiric Mark, providing the following effects:\n- Slightly extends the mark's duration when hit\n- Gives attacking Bloodsuckers more food\n- Multiplies taken damage by 1.5x"
        }
    ],
    "bloodsuck": {
        "type": "origins:action_on_entity_use",
        "bientity_action": {
            "type": "origins:and",
            "actions": [
                {
                    "type": "origins:if_else",
                    "condition": {
                        "type": "origins:target_condition",
                        "condition": {
                            "type": "origins:health",
                            "compare_to": 1,
                            "comparison": ">"
                        }
                    },
                    "if_action": {
                        "type": "origins:and",
                        "actions": [
                            {
                                "type": "origins:target_action",
                                "action": {
                                    "type": "origins:heal",
                                    "amount": -1
                                }
                            },
                            {
                                "type": "origins:damage",
                                "amount": 0,
                                "source": {
                                    "name": "player",
                                    "bypasses_armor": true,
                                    "unblockable": true
                                }
                            }
                        ]
                    },
                    "else_action": {
                        "type": "origins:damage",
                        "amount": 1,
                        "source": {
                            "name": "player",
                            "bypasses_armor": true,
                            "unblockable": true
                        }
                    }
                },
                {
                    "type": "origins:if_else",
                    "condition": {
                        "type": "origins:target_condition",
                        "condition": {
                            "type": "origins:in_tag",
                            "tag": "bloodsucker:blood_types/blacklist"
                        },
                        "inverted": true
                    },
                    "if_action": {
                        "type": "origins:and",
                        "actions": [
                            {
                                "type": "origins:target_action",
                                "action": {
                                    "type": "origins:and",
                                    "actions": [
                                        {
                                            "type": "origins:execute_command",
                                            "command": "tp @s @s"
                                        },
                                        {
                                            "type": "origins:grant_power",
                                            "power": "bloodsucker:blood_mark",
                                            "source": "bloodsucker:vampirism"
                                        }
                                    ]
                                }
                            },
                            {
                                "type": "origins:actor_action",
                                "action": {
                                    "type": "origins:and",
                                    "actions": [
                                        {
                                            "type": "origins:heal",
                                            "amount": 1
                                        },
                                        {
                                            "type": "origins:feed",
                                            "food": 1,
                                            "saturation": 0.25
                                        },
                                        {
                                            "type": "origins:trigger_cooldown",
                                            "power": "*:*_cooldown"
                                        }
                                    ]
                                }
                            }
                        ]
                    }
                },
                {
                    "type": "origins:if_else_list",
                    "actions": [
                        {
                            "action": {
                                "type": "origins:actor_action",
                                "action": {
                                    "type": "origins:set_on_fire",
                                    "duration": 5
                                }
                            },
                            "condition": {
                                "type": "origins:target_condition",
                                "condition": {
                                    "type": "origins:or",
                                    "conditions": [
                                        {
                                            "type": "origins:in_tag",
                                            "tag": "bloodsucker:blood_types/hotblooded"
                                        },
                                        {
                                            "type": "origins:power",
                                            "power": "origins:hotblooded"
                                        }
                                    ]
                                }
                            }
                        },
                        {
                            "action": {
                                "type": "origins:actor_action",
                                "action": {
                                    "type": "origins:and",
                                    "actions": [
                                        {
                                            "type": "origins:spawn_particles",
                                            "particle": {
                                                "type": "minecraft:portal"
                                            },
                                            "count": 64,
                                            "speed": 0.1,
                                            "force": false,
                                            "spread": {
                                                "x": 0.5,
                                                "y": 0.5,
                                                "z": 0.5
                                            }
                                        },
                                        {
                                            "type": "origins:execute_command",
                                            "command": "spreadplayers ~ ~ 0 10 under 127 false @s"
                                        },
                                        {
                                            "type": "origins:spawn_particles",
                                            "particle": {
                                                "type": "minecraft:reverse_portal"
                                            },
                                            "count": 64,
                                            "speed": 0.1,
                                            "force": false,
                                            "spread": {
                                                "x": 0.5,
                                                "y": 0.5,
                                                "z": 0.5
                                            }
                                        },
                                        {
                                            "type": "origins:play_sound",
                                            "sound": "minecraft:entity.enderman.teleport"
                                        }
                                    ]
                                }
                            },
                            "condition": {
                                "type": "origins:target_condition",
                                "condition": {
                                    "type": "origins:in_tag",
                                    "tag": "bloodsucker:blood_types/unstable"
                                }
                            }
                        },
                        {
                            "action": {
                                "type": "origins:actor_action",
                                "action": {
                                    "type": "origins:trigger_cooldown",
                                    "power": "*:*_freeze_timer"
                                }
                            },
                            "condition": {
                                "type": "origins:target_condition",
                                "condition": {
                                    "type": "origins:in_tag",
                                    "tag": "bloodsucker:blood_types/frozen"
                                }
                            }
                        },
                        {
                            "action": {
                                "type": "origins:actor_action",
                                "action": {
                                    "type": "origins:apply_effect",
                                    "effect": {
                                        "effect": "minecraft:poison",
                                        "duration": 140
                                    }
                                }
                            },
                            "condition": {
                                "type": "origins:target_condition",
                                "condition": {
                                    "type": "origins:in_tag",
                                    "tag": "bloodsucker:blood_types/poisonous"
                                }
                            }
                        }
                    ]
                }
            ]
        },
        "bientity_condition": {
            "type": "origins:and",
            "conditions": [
                {
                    "type": "origins:target_condition",
                    "condition": {
                        "type": "origins:living"
                    }
                },
                {
                    "type": "origins:can_see"
                },
                {
                    "type": "origins:distance",
                    "compare_to": 3.5,
                    "comparison": "<="
                },
                {
                    "type": "origins:relative_rotation",
                    "actor_rotation": "head",
                    "target_rotation": "body",
                    "comparison": ">=",
                    "compare_to": 0.0
                }
            ]
        },
        "condition": {
            "type": "origins:and",
            "conditions": [
                {
                    "type": "origins:sneaking"
                },
                {
                    "type": "origins:resource",
                    "resource": "*:*_cooldown",
                    "compare_to": 0,
                    "comparison": "=="
                },
                {
                    "type": "origins:equipped_item",
                    "equipment_slot": "mainhand",
                    "item_condition": {
                        "type": "origins:and",
                        "conditions": [
                            {
                                "type": "origins:nbt",
                                "nbt": "{SacrificialDagger:1b}"
                            },
                            {
                                "type": "origins:ingredient",
                                "ingredient": {
                                    "item": "minecraft:iron_sword"
                                }
                            }
                        ]
                    },
                    "inverted": true
                }
            ]
        }
    },
    "cooldown": {
        "type": "origins:cooldown",
        "cooldown": 10,
        "hud_render": {
            "should_render": false
        }
    },
    "inedible": {
        "type": "origins:modify_food",
        "item_condition": {
            "type": "origins:food"
        },
        "food_modifier": {
            "operation": "multiply_total",
            "value": -1
        },
        "saturation_modifier": {
            "operation": "multiply_total",
            "value": -1
        },
        "prevent_effects": true
    },
    "tooltip": {
        "type": "origins:tooltip",
        "item_condition": {
            "type": "origins:food"
        },
        "text": {
            "color": "dark_red",
            "text": "Provides very little benefit to a Vampire!"
        }
    },
    "exhaustion": {
        "type": "origins:modify_exhaustion",
        "modifier": {
            "operation": "multiply_base",
            "value": -1
        }
    },
    "glowing": {
        "type": "origins:entity_glow",
        "bientity_condition": {
            "type": "origins:and",
            "conditions": [
                {
                    "type": "origins:target_condition",
                    "condition": {
                        "type": "origins:living"
                    }
                },
                {
                    "type": "origins:can_see"
                },
                {
                    "type": "origins:distance",
                    "compare_to": 3.5,
                    "comparison": "<="
                },
                {
                    "type": "origins:relative_rotation",
                    "actor_rotation": "head",
                    "target_rotation": "body",
                    "comparison": ">=",
                    "compare_to": 0.0
                }
            ]
        },
        "condition": {
            "type": "origins:sneaking"
        },
        "use_teams": false,
        "red": 1.0,
        "green": 0.05,
        "blue": 0.05
    },
    "starvation": {
        "type": "origins:invulnerability",
        "damage_condition": {
            "type": "origins:name",
            "name": "starve"
        }
    }
}