{
    "type": "vegetation_patch",
    "config": {
        "surface": "floor",
        "depth": {
            "type": "uniform",
            "value": {
                "min_inclusive": 1,
                "max_inclusive": 2
            }
        },
        "replaceable": "#moss_replaceable",
        "vertical_range": 5,
        "xz_radius": {
            "type": "uniform",
            "value": {
                "min_inclusive": 4,
                "max_inclusive": 8
            }
        },
        "ground_state": {
            "type": "minecraft:weighted_state_provider",
            "entries": [
                {
                    "data": {
                        "Name": "minecraft:moss_block"
                    },
                    "weight": 3
                },
                {
                    "data": {
                        "Name": "minecraft:grass_block"
                    },
                    "weight": 2
                }
            ]
        },
        "extra_bottom_block_chance": 0,
        "extra_edge_column_chance": 0.1,
        "vegetation_chance": 0.15,
        "vegetation_feature": {
            "placement": [],
            "feature": {
                "type": "simple_block",
                "config": {
                    "to_place": {
                        "type": "minecraft:weighted_state_provider",
                        "entries": [
                            {
                                "data": {
                                    "Name": "minecraft:moss_carpet"
                                },
                                "weight": 5
                            },
                            {
                                "data": {
                                    "Name": "minecraft:azalea"
                                },
                                "weight": 1
                            },
                            {
                                "data": {
                                    "Name": "minecraft:flowering_azalea"
                                },
                                "weight": 1
                            },
                            {
                                "data": {
                                    "Name": "minecraft:grass"
                                },
                                "weight": 15
                            }
                        ]
                    }
                }
            }
        }
    }
}