{
  "pools": [
    {
      "rolls": 1,
      "entries": [
        {
          "type": "item",
          "name": "minecraft:netherite_sword",
          "functions": [
            {
              "function": "set_nbt",
              "tag": "{CustomModelData:888501,AttributeModifiers:[{AttributeName:\"generic.movement_speed\",Name:\"generic.movement_speed\",Amount:0.01,Operation:0,UUID:[I;-1112438523,-1678162319,-1888207382,-993756585],Slot:\"mainhand\"},{AttributeName:\"generic.attack_damage\",Name:\"generic.attack_damage\",Amount:12,Operation:0,UUID:[I;1401610331,1048199356,-1607358411,589202321],Slot:\"mainhand\"}],Enchantments:[{id:\"minecraft:smite\",lvl:7s},{id:\"minecraft:knockback\",lvl:3s},{id:\"minecraft:sweeping\",lvl:7s}]}"
            },
            {
              "function": "set_name",
              "name": [
                {
                  "translate": "Paxmaker Sword",
                  "color": "white",
                  "italic": false
                }
              ]
            },
            {
              "function": "set_lore",
              "lore": [
                {
                  "text": "A protector, usque in diem, cum omnes gladiis sunt comminutae.",
                  "color": "white",
                  "italic": false
                }  
              ]
            },
            {
              "function": "set_damage",
              "damage": {
                "min": 0.78,
                "max": 0.83
              }
            }
          ]
        }
      ]
    }
  ]
}
