{
	"powers": [
		"gelatinous:movement/bouncy",
		"gelatinous:survivability/malleable",
		"gelatinous:survivability/effect_immunity",
		"gelatinous:mass/mass",
		"gelatinous:mass/mass_stats",
		"gelatinous:mass/climbing",
		"gelatinous:mass/energy",
		"gelatinous:mass/mass_cooldown",
		"gelatinous:mass/mass_cooldown_damage",
		"gelatinous:mass/mass_ejection",
		"gelatinous:mass/mass_absorption",
		"gelatinous:mass/slimeball_loot",
		"gelatinous:mass/mass_extermination",
		"gelatinous:mass/mass_decay",
		"gelatinous:mass/retain_slimeball",
		"gelatinous:visual/model_color_default",
		"gelatinous:credits"
	],
	"icon": "minecraft:slime_ball",
	"order": 5,
	"impact": 2,
	"name": "Gelatinous",
	"description": "The Gelatinous are a race of slime-like creatures known best for their flexibility in appearance, and ability."
}