{
    "parent": "minecraft:nether/root",
    "display": {
        "title": {
            "translate": "An Antique Land"
        },
        "description": {
            "translate": "Dig below the Nether",
            "color": "green"
        },
        "icon": {
            "item": "minecraft:clay"
        },
        "frame": "task",
        "show_toast": true,
        "announce_to_chat": true,
        "hidden": false
    },
    "criteria": {
        "bracken:san1": {
            "trigger": "minecraft:location",
            "conditions": {
                "player": {
                    "location": {
                        "dimension": "bracken:sanctum"
                    }
                }
            }
        }
    },
    "requirements": [
        [
            "bracken:san1"
        ]
    ]
}
