{
    "parent": "minecraft:adventure/throw_trident",
    "display": {
        "title": {
            "translate": "Cherenkovicious"
        },
        "description": {
            "translate": "Get struck by lightning. Arrive somewhere else???",
            "color": "green"
        },
        "icon": {
            "item": "minecraft:copper_block"
        },
        "frame": "task",
        "show_toast": true,
        "announce_to_chat": true,
        "hidden": false
    },
    "criteria": {
        "bracken:fae1": {
            "trigger": "minecraft:location",
            "conditions": {
                "player": {
                    "location": {
                        "dimension": "bracken:varskspace"
                    }
                }
            }
        }
    },
    "requirements": [
        [
            "bracken:fae1"
        ]
    ]
}
