{
    "type": "minecraft:entity",
    "pools": [
      {
        "rolls": 1,
        "entries": [
          {
            "type": "minecraft:item",
            "name": "minecraft:black_dye",
            "functions": [
              {
                "function": "minecraft:set_lore",
                "entity": "this",
                "lore": [
                  [
                    {
                      "text": "Health: ",
                      "color": "red",
                      "bold": false,
                      "italic": false
                    },
                    {
                      "score": {
                        "name": "@s",
                        "objective": "vheretic.soulhp"
                      },
                      "color": "dark_red",
                      "bold": false,
                      "italic": false,
                      "underlined": true
                    }
                  ],
                  [
                    {
                      "text": "Strength: ",
                      "color": "red",
                      "bold": false,
                      "italic": false,
                      "underlined": false
                    },
                    {
                      "score": {
                        "name": "@s",
                        "objective": "vheretic.soulatk"
                      },
                      "color": "dark_red",
                      "bold": false,
                      "italic": false,
                      "underlined": true
                    }
                  ]
                ]
              },
              {
                "function": "minecraft:set_nbt",
                "tag": "{vheretic_soul:1,vheretic_soulhp:1,vheretic_soulatk:1}"
              },
              {
                "function": "minecraft:set_name",
                "entity": "this",
                "name": "§3Harvested Soul"
              }
            ]
          }
        ]
      }
    ]
  }
  