{
    "type": "origins:action_on_callback",
    "hidden": true,
    "entity_action_gained": {
        "type": "origins:and",
        "actions": [
            {
                "type": "origins:execute_command",
                "command": "power grant @s origins:water_breathing"
            },
            {
                "type": "origins:execute_command",
                "command": "power grant @s origins:like_water"
            }
        ]
    },
    "entity_action_lost": {
        "type": "origins:and",
        "actions": [
            {
                "type": "origins:execute_command",
                "command": "power remove @s origins:water_breathing"
            },
            {
                "type": "origins:execute_command",
                "command": "power remove @s origins:like_water"
            }
        ]
    }
}