{
    "type": "minecraft:block",
    "pools": [
      {
        "rolls": 1,
        "bonus_rolls": 0,
        "entries": [
          {
            "type": "minecraft:alternatives",
            "children": [
              {
                "type": "minecraft:item",
                "name": "minecraft:air"
              }
            ],
            "conditions": [
              {
                "condition": "minecraft:location_check",
                "predicate": {
                  "dimension": "limbo:limbo_dim"
                }
              }
            ]
          },
          {
            "type": "minecraft:alternatives",
            "children": [
              {
                "type": "minecraft:loot_table",
                "name": "limbo:blocks/gravel_old"
              }
            ],
            "conditions": [
              {
                "condition": "minecraft:location_check",
                "predicate": {
                  "dimension": "minecraft:overworld"
                }
              }
            ]
          }
        ]
      }
    ],
    "random_sequence": "minecraft:blocks/gravel"
  }
  