{
	"credit": "Made with Blockbench",
	"parent": "minecraft:block/cube",
	"texture_size": [64, 64],
	"textures": {
		"0": "manic:block/grimstone_plinth/main",
		"particle": "manic:block/grimstone_plinth/particles"
	},
	"elements": [
		{
			"from": [-1, 9, -1],
			"to": [17, 18, 17],
			"rotation": {"angle": 0, "axis": "y", "origin": [0, 2, 0]},
			"faces": {
				"north": {"uv": [0, 0, 4.5, 2.25], "texture": "#0"},
				"east": {"uv": [0, 0, 4.5, 2.25], "texture": "#0"},
				"south": {"uv": [0, 0, 4.5, 2.25], "texture": "#0"},
				"west": {"uv": [0, 0, 4.5, 2.25], "texture": "#0"},
				"up": {"uv": [0, 2.25, 4.5, 6.75], "texture": "#0"},
				"down": {"uv": [0, 6.5, 4.5, 11], "texture": "#0"}
			}
		},
		{
			"from": [-1, 0, -1],
			"to": [17, 5, 17],
			"faces": {
				"north": {"uv": [4.5, 0, 9, 1.25], "texture": "#0"},
				"east": {"uv": [4.5, 0, 9, 1.25], "texture": "#0"},
				"south": {"uv": [4.5, 0, 9, 1.25], "texture": "#0"},
				"west": {"uv": [4.5, 0, 9, 1.25], "texture": "#0"},
				"up": {"uv": [4.5, 1.25, 9, 5.75], "texture": "#0"},
				"down": {"uv": [4.5, 5.75, 9, 10.25], "texture": "#0"}
			}
		},
		{
			"from": [3, 5, 3],
			"to": [13, 9, 13],
			"rotation": {"angle": 0, "axis": "y", "origin": [0, 3, 0]},
			"faces": {
				"north": {"uv": [13.5, 3.75, 16, 4.75], "texture": "#0"},
				"east": {"uv": [13.5, 3.75, 16, 4.75], "texture": "#0"},
				"south": {"uv": [13.5, 3.75, 16, 4.75], "texture": "#0"},
				"west": {"uv": [13.5, 3.75, 16, 4.75], "texture": "#0"}
			}
		},
		{
			"from": [-4, 15, 8],
			"to": [20, 32, 8],
			"rotation": {"angle": 45, "axis": "y", "origin": [8, 24, 8], "rescale": true},
			"faces": {
				"north": {"uv": [0, 11.75, 6, 16], "texture": "#0"},
				"east": {"uv": [0, 0, 0, 4], "texture": "#missing"},
				"south": {"uv": [0, 11.75, 6, 16], "texture": "#0"},
				"west": {"uv": [0, 0, 0, 4], "texture": "#missing"},
				"up": {"uv": [0, 0, 6, 0], "texture": "#missing"},
				"down": {"uv": [0, 0, 6, 0], "texture": "#missing"}
			}
		},
		{
			"from": [8, 15, -4],
			"to": [8, 32, 20],
			"rotation": {"angle": 45, "axis": "y", "origin": [8, 24, 8], "rescale": true},
			"faces": {
				"north": {"uv": [0, 0, 0, 4], "texture": "#missing"},
				"east": {"uv": [0, 11.75, 6, 16], "texture": "#0"},
				"south": {"uv": [0, 0, 0, 4], "texture": "#missing"},
				"west": {"uv": [0, 11.75, 6, 16], "texture": "#0"},
				"up": {"uv": [0, 0, 6, 0], "rotation": 270, "texture": "#missing"},
				"down": {"uv": [0, 0, 6, 0], "rotation": 90, "texture": "#missing"}
			}
		}
	],
	"display": {
		"thirdperson_righthand": {
			"rotation": [75, 0, 0],
			"translation": [0, 2.5, 0],
			"scale": [0.375, 0.375, 0.375]
		},
		"firstperson_righthand": {
			"rotation": [0, -20, 0],
			"scale": [0.4, 0.4, 0.4]
		},
		"firstperson_lefthand": {
			"rotation": [0, 225, 0],
			"scale": [0.4, 0.4, 0.4]
		},
		"ground": {
			"translation": [0, 3, 0],
			"scale": [0.25, 0.25, 0.25]
		},
		"gui": {
			"rotation": [30, -155, 0],
			"translation": [0.25, -2.5, 0],
			"scale": [0.38, 0.38, 0.38]
		},
		"fixed": {
			"rotation": [-90, 0, 0],
			"translation": [0, 0, -3],
			"scale": [0.5, 0.5, 0.5]
		}
	},
	"groups": [
		0,
		1,
		2,
		{
			"name": "bottom",
			"origin": [8, 0, 8],
			"color": 0,
			"children": []
		},
		{
			"name": "horns",
			"origin": [8, 24, 8],
			"color": 0,
			"children": [3, 4]
		}
	]
}