{
	"temperature": 0.2,
	"downfall": 0.4,
	"has_precipitation": false,
	"creature_spawn_probability": 0.2,
	"effects": {
	  "sky_color": 9737364,
	  "fog_color": 16448250,
	  "water_color": 8183795,
	  "water_fog_color": 7842813,
	  "grass_color": 6605330,
	  "foliage_color": 6736896,
	  "music": {
		"min_delay": 600,
		"max_delay": 16000,
		"replace_current_music": false
	  },
	  "particle": {
		"options": {
		  "type": "instant_effect"
		},
		"probability": 0.001
	  }
	},
	"spawners": {
	  "creature": [],
	  "misc": [],
	  "monster": [],
	  "water_ambient": [],
	  "water_creature": []
	},
	"spawn_costs": {
	  "minecraft:vindicator": {
		"energy_budget": 0.12,
		"charge": 20
	  },
	  "minecraft:pillager": {
		"energy_budget": 0.12,
		"charge": 10
	  },
	  "minecraft:evoker": {
		"energy_budget": 0.12,
		"charge": 30
	  },
	  "minecraft:enderman": {
		"energy_budget": 0.12,
		"charge": 5
	  },
	  "minecraft:spider": {
		"energy_budget": 0.12,
		"charge": 3
	  }
	},
	"carvers": {
	  "air": [
		"minecraft:cave",
		"minecraft:canyon"
	  ],
	  "liquid": [
		"minecraft:cave"
	  ]
	},
	"features": [
	  [],
	  [],
	  [],
	  [],
	  [],
	  [],
	  [],
	  [],
	  [
	  ],
	  [
	  ],
	  [

	  ]
	]
  }
  