{
    "elements": [
        {
            "element": {
                "element_type": "minecraft:single_pool_element",
                "projection": "rigid",
                "processors": "minecraft:empty",
                "location": "nfb_dimensions:beyond_the_clouds/sky_village/armorerhouse1"
            },
            "weight": 1
        },
        {
            "element": {
                "element_type": "minecraft:single_pool_element",
                "projection": "rigid",
                "processors": "minecraft:empty",
                "location": "nfb_dimensions:beyond_the_clouds/sky_village/generichouse1"
            },
            "weight": 2
        },
        {
            "element": {
                "element_type": "minecraft:single_pool_element",
                "projection": "rigid",
                "processors": "minecraft:empty",
                "location": "nfb_dimensions:beyond_the_clouds/sky_village/generichouse2"
            },
            "weight": 2
        },
        {
            "element": {
                "element_type": "minecraft:single_pool_element",
                "projection": "rigid",
                "processors": "minecraft:empty",
                "location": "nfb_dimensions:beyond_the_clouds/sky_village/library"
            },
            "weight": 1
        },
        {
            "element": {
                "element_type": "minecraft:single_pool_element",
                "projection": "rigid",
                "processors": "minecraft:empty",
                "location": "nfb_dimensions:beyond_the_clouds/sky_village/mergedhouse1"
            },
            "weight": 2
        },
        {
            "element": {
                "element_type": "minecraft:single_pool_element",
                "projection": "rigid",
                "processors": "minecraft:empty",
                "location": "nfb_dimensions:beyond_the_clouds/sky_village/farm1"
            },
            "weight": 2
        },
        {
            "element": {
                "element_type": "minecraft:single_pool_element",
                "projection": "rigid",
                "processors": "minecraft:empty",
                "location": "nfb_dimensions:beyond_the_clouds/sky_village/bridge1"
            },
            "weight": 1
        },
        {
            "element": {
                "element_type": "minecraft:single_pool_element",
                "projection": "rigid",
                "processors": "minecraft:empty",
                "location": "nfb_dimensions:beyond_the_clouds/sky_village/bridge2"
            },
            "weight": 1
        },
        {
            "element": {
                "element_type": "minecraft:single_pool_element",
                "projection": "rigid",
                "processors": "minecraft:empty",
                "location": "nfb_dimensions:beyond_the_clouds/sky_village/bridge3"
            },
            "weight": 1
        },
        {
            "element": {
                "element_type": "minecraft:single_pool_element",
                "projection": "rigid",
                "processors": "minecraft:empty",
                "location": "nfb_dimensions:beyond_the_clouds/sky_village/bridge4"
            },
            "weight": 1
        },
        {
            "element": {
                "element_type": "minecraft:single_pool_element",
                "projection": "rigid",
                "processors": "minecraft:empty",
                "location": "nfb_dimensions:beyond_the_clouds/sky_village/bridge5"
            },
            "weight": 3
        }
    ],
    "fallback": "nfb_dimensions:beyond_the_clouds/sky_village/fallback"
}