{
	"credit": "Made with Blockbench",
	"parent": "minecraft:item/handheld_rod",
	"textures": {
		"layer0": "manic:item/grim_quill"
	},
	"display": {
		"thirdperson_righthand": {
			"rotation": [135, 90, 0],
			"translation": [0, 1.25, 3],
			"scale": [0.65, 0.65, 0.65]
		},
		"thirdperson_lefthand": {
			"rotation": [135, -90, 0],
			"translation": [0, 1.25, 3],
			"scale": [0.65, 0.65, 0.65]
		},
		"firstperson_righthand": {
			"rotation": [92.75, 90, 0],
			"translation": [0, 1.6, 0.8],
			"scale": [0.68, 0.68, 0.68]
		},
		"firstperson_lefthand": {
			"rotation": [92.75, -90, 0],
			"translation": [0, 1.6, 0.8],
			"scale": [0.68, 0.68, 0.68]
		}
	}
}