{
    "replace": false,
    "values": [
        "minecraft:light",
        "minecraft:air",
        "minecraft:cave_air",
        "minecraft:void_air",
        "#minecraft:impermeable",
        "#minecraft:underwater_bonemeals",
        "#minecraft:flowers",
        "#minecraft:saplings",
        "minecraft:red_mushroom",
        "minecraft:brown_mushroom",
        "minecraft:warped_fungus",
        "minecraft:crimson_fungus",
        "minecraft:nether_wart",
        "minecraft:sweet_berry_bush",
        "minecraft:weeping_vines",
        "minecraft:twisting_vines",
        "minecraft:grass",
        "minecraft:tall_grass",
        "minecraft:fern",
        "minecraft:dead_bush",
        "minecraft:vine",
        "minecraft:crimson_roots",
        "minecraft:nether_sprouts",
        "#minecraft:fire",
        "#minecraft:wall_post_override",
        "minecraft:rail",
        "minecraft:powered_rail",
        "minecraft:detector_rail",
        "minecraft:activator_rail",
        "minecraft:redstone_wire",
        "minecraft:repeater",
        "minecraft:comparator",
        "minecraft:lever",
        "#minecraft:buttons",
        "minecraft:tripwire",
        "minecraft:tripwire_hook",
        "#minecraft:flower_pots",
        "minecraft:skeleton_skull",
        "minecraft:creeper_head",
        "minecraft:wither_skeleton_skull",
        "minecraft:zombie_head",
        "minecraft:player_head",
        {
            "required": false,
            "id": "#minecraft:carpets"
        },
        {
            "required": false,
            "id": "#minecraft:wool_carpets"
        },
        "minecraft:snow",
        "minecraft:nether_portal",
        "minecraft:end_portal",
        "minecraft:end_gateway",
        "minecraft:structure_void",
        "minecraft:cobweb",
        {
            "required": false,
            "id": "origins:temporary_cobweb"
        },
        "minecraft:bamboo",
        "minecraft:bamboo_sapling",
        {
            "required": false,
            "id": "#minecraft:candles"
        }
    ]
}