{
	"parent": "item/handheld",
	"textures": {
		"layer0": "mythicmetals:item/weapons/royal_midas_gold_sword"
	},
	"display": {
		"thirdperson_righthand": {
			"rotation": [0, -90, 55],
			"translation": [0, 4.60, 0.55],
			"scale": [1.70, 1.70, 1.0]
		},
		"thirdperson_lefthand": {
			"rotation": [0, 90, -55],
			"translation": [0, 4.60, 0.55],
			"scale": [1.70, 1.70, 1.0]
		},
		"firstperson_righthand": {
			"rotation": [0, -90, 25],
			"translation": [1.13, 3.2, 1.13],
			"scale": [1.30, 1.30, 1.0]
		},
		"firstperson_lefthand": {
			"rotation": [0, 90, -25],
			"translation": [1.13, 3.2, 1.13],
			"scale": [1.30, 1.30, 1.0]
		},
		"gui": {
			"scale": [1.5, 1.5, 1.5]
		},
		"fixed": {
			"rotation": [180, 0, 180],
			"scale": [2.5, 2.5, 2.0]
		},
		"ground": {
			"translation": [0, 2, 0],
			"scale": [1.25, 1.25, 0.6]
		}
	}
}