{
	"parent": "item/handheld",
	"textures": {
		"layer0": "mythicmetals:item/weapons/true_royal_midas_gold_sword"
	},
	"display": {
		"thirdperson_righthand": {
			"rotation": [0, -90, 55],
			"translation": [0, 9.0, 0.45],
			"scale": [1.85, 1.85, 1.25]
		},
		"thirdperson_lefthand": {
			"rotation": [0, 90, -55],
			"translation": [0, 9.0, 0.45],
			"scale": [1.85, 1.85, 1.25]
		},
		"firstperson_righthand": {
			"rotation": [0, -90, 25],
			"translation": [1.13, 5.7, 1.13],
			"scale": [1.30, 1.30, 1.0]
		},
		"firstperson_lefthand": {
			"rotation": [0, 90, -25],
			"translation": [1.13, 5.7, 1.13],
			"scale": [1.30, 1.30, 1.0]
		},
		"gui": {
			"scale": [1.5, 1.5, 1.5]
		},
		"fixed": {
			"rotation": [180, 0, 180],
			"scale": [2.5, 2.5, 2.0]
		},
		"ground": {
			"translation": [0, 2, 0],
			"scale": [1.6, 1.6, 0.6]
		}
	}
}