{
    "type": "delta_feature",
    "config": {
        "contents": {
            "Name": "minecraft:water",
            "Properties": {
                "level": "0"
            }
        },
        "rim": {
            "Name": "minecraft:grass_block",
            "Properties": {
                "snowy": "false"
            }
        },
        "rim_size": 1,
        "size": {
            "type": "uniform",
            "value": {
                "min_inclusive": 10,
                "max_inclusive": 16
            }
        }
    }
}