{
	"display": {
		"icon": {
			"item": "minecraft:shulker_shell"
		},
		"title": {
			"translate": "stellarity.advancements.kill_shulker",
			"fallback": "This Block Moves!"
		},
		"description": {
			"translate": "stellarity.advancements.kill_shulker.description",
			"fallback": "Kill a Shulker for its Shells"
		},
		"show_toast": true,
		"announce_to_chat": true
	},
	"parent": "minecraft:end/find_end_city",
	"criteria": {
		"defeat_shulkers": {
			"trigger": "minecraft:player_killed_entity",
			"conditions": {
				"entity": {
					"type": "minecraft:shulker"
				}
			}
		}
	}
}
