{
  "name": "§e§nDevouring Sands",
  "description": "You can Pounce onto your enemies! Attacking Enemies During the Day will Reset your Pounce Cooldown!",

  "badges": [
    {
      "type": "origins:tooltip",
      "sprite": "origins:textures/gui/badge/info.png",
      "text": "Your Cooldown during the Day is 5 Seconds!\nDuring the Night, it is extended to 15 Seconds, \nand you lose the ability to reset it's cooldown"
    }
  ],

  "type": "origins:multiple",
  "air": {
    "type": "origins:active_self",
    "hud_render": {
      "sprite_location": "origins:textures/gui/community/huang/resource_bar_01.png",
      "bar_index": 3
    },
    "cooldown": 100,
    "key": {
      "key": "key.jump"
    },
    "entity_action": {
      "type": "origins:and",
      "actions": [{
        "type": "origins:change_resource",
        "resource": "*:*_jumps",
        "change": -1
      },
        {
          "type": "origins:set_fall_distance",
          "fall_distance": 0
        },
        {
          "type": "origins:add_velocity",
          "z": 1.25,
          "y": 0.75,
          "space": "local"
        },
        {
          "type": "origins:execute_command",
          "command": "particle dust_color_transition 1 0.84 0 1 1 1 1 ~ ~ ~ 0.5 0.25 0.5 0 100"
        },
        {
          "type": "origins:execute_command",
          "command": "playsound minecraft:entity.fox.aggro master @a ~ ~ ~ 3 0.75"
        },
        {
          "type": "origins:execute_command",
          "command": "playsound minecraft:block.respawn_anchor.set_spawn master @a ~ ~ ~ 3 2"
        }
      ]
    },
    "condition": {
      "type": "origins:and",
      "conditions": [{
        "type": "origins:resource",
        "resource": "*:*_jumps",
        "comparison": ">=",
        "compare_to": 1
      },
        {
          "type": "origins:on_block",
          "inverted": true
        },
        {
          "type": "origins:climbing",
          "inverted": true
        },
        {
          "type": "origins:riding",
          "inverted": true
        },
        {
          "type": "origins:swimming",
          "inverted": true
        },
        {
          "type": "origins:gamemode",
          "gamemode": "creative",
          "inverted": true
        },
        {
          "type": "origins:gamemode",
          "gamemode": "spectator",
          "inverted": true
        },
        {
          "type": "origins:daytime"
        }
      ]
    }
  },
  "air2": {
    "type": "origins:active_self",
    "hud_render": {
      "sprite_location": "origins:textures/gui/community/huang/resource_bar_01.png",
      "bar_index": 3
    },
    "cooldown": 300,
    "key": {
      "key": "key.jump"
    },
    "entity_action": {
      "type": "origins:and",
      "actions": [{
        "type": "origins:change_resource",
        "resource": "*:*_jumps",
        "change": -1
      },
        {
          "type": "origins:set_fall_distance",
          "fall_distance": 0
        },
        {
          "type": "origins:add_velocity",
          "z": 1.25,
          "y": 0.75,
          "space": "local"
        },
        {
          "type": "origins:execute_command",
          "command": "particle dust_color_transition 1 0.84 0 1 1 1 1 ~ ~ ~ 0.5 0.25 0.5 0 100"
        },
        {
          "type": "origins:execute_command",
          "command": "playsound minecraft:entity.fox.aggro master @a ~ ~ ~ 3 0.75"
        },
        {
          "type": "origins:execute_command",
          "command": "playsound minecraft:block.respawn_anchor.set_spawn master @a ~ ~ ~ 3 2"
        }
      ]
    },
    "condition": {
      "type": "origins:and",
      "conditions": [{
        "type": "origins:resource",
        "resource": "*:*_jumps",
        "comparison": ">=",
        "compare_to": 1
      },
        {
          "type": "origins:on_block",
          "inverted": true
        },
        {
          "type": "origins:climbing",
          "inverted": true
        },
        {
          "type": "origins:riding",
          "inverted": true
        },
        {
          "type": "origins:swimming",
          "inverted": true
        },
        {
          "type": "origins:gamemode",
          "gamemode": "creative",
          "inverted": true
        },
        {
          "type": "origins:gamemode",
          "gamemode": "spectator",
          "inverted": true
        },
        {
          "type": "origins:daytime",
          "inverted": true
        }
      ]
    }
  },
  "effects": {
    "type": "origins:action_over_time",
    "entity_action": {
      "type": "origins:execute_command",
      "command": "particle dust_color_transition 1 0.84 0 1 1 1 1 ~ ~1.5 ~ 0.5 0.5 0.5 0 5"
    },
    "interval": 1,
    "condition": {
      "type": "origins:resource",
      "resource": "*:*_air",
      "comparison": ">=",
      "compare_to": 80
    }
  },
  "effects2": {
    "type": "origins:action_over_time",
    "entity_action": {
      "type": "origins:execute_command",
      "command": "particle dust_color_transition 1 0.84 0 1 1 1 1 ~ ~1.5 ~ 0.5 0.5 0.5 0 5"
    },
    "interval": 1,
    "condition": {
      "type": "origins:resource",
      "resource": "*:*_air2",
      "comparison": ">=",
      "compare_to": 280
    }
  },
  "punch_reset": {
    "type": "origins:self_action_on_hit",
    "entity_action": {
      "type": "origins:and",
      "actions": [
        {
          "type": "origins:change_resource",
          "resource": "*:*_air",
          "change": 100,
          "operation": "set"
        },
        {
          "type": "origins:execute_command",
          "command": "playsound minecraft:entity.fox.bite master @a ~ ~ ~ 1 0.75"
        },
        {
          "type": "origins:execute_command",
          "command": "execute positioned ~ ~2.6 ~ positioned ^ ^ ^2 run function teufox_2:claws"
        }
      ]
    },
    "cooldown": 1,
    "condition": {
      "type": "origins:and",
      "conditions": [
        {
          "type": "origins:daytime"
        },
        {
          "type": "origins:resource",
          "resource": "*:*_air",
          "comparison": ">",
          "compare_to": 0
        }
      ]
    }
  },
  "jumps": {
    "type": "origins:resource",
    "min": 0,
    "max": 1,
    "start_value": 1,
    "hud_render": {
      "should_render": false
    }
  },
  "reset": {
    "type": "origins:action_over_time",
    "interval": 5,
    "entity_action": {
      "type": "origins:change_resource",
      "resource": "*:*_jumps",
      "change": 1
    },
    "condition": {
      "type": "origins:and",
      "conditions": [{
        "type": "origins:resource",
        "resource": "*:*_jumps",
        "comparison": "<=",
        "compare_to": 1
      },
        {
          "type": "origins:on_block"
        }
      ]
    }
  }
}