{
  "name": "§a§nDesert's Fury",
  "description": "As long as you breathe, no order will go unfulfilled. Upon Death, you can wreak havoc on everything around you for a short duration!",
  "type": "origins:multiple",
  "death": {
    "type": "origins:prevent_death",
    "entity_action": {
      "type": "origins:and",
      "actions": [
        {
          "type": "origins:clear_effect"
        },
        {
          "type": "origins:execute_command",
          "command": "playsound minecraft:item.totem.use master @a ~ ~ ~ 3 0.75"
        },
        {
          "type": "origins:execute_command",
          "command": "playsound minecraft:entity.allay.death master @a ~ ~ ~ 3 0"
        },
        {
          "type": "origins:execute_command",
          "command": "playsound minecraft:entity.warden.sonic_boom master @a ~ ~ ~ 3 0.75"
        },
        {
          "type": "origins:execute_command",
          "command": "particle minecraft:totem_of_undying ~ ~1.5 ~ 0.25 0.5 0.25 0.75 100 force @a"
        },
        {
          "type": "origins:execute_command",
          "command": "particle minecraft:cloud ~ ~1.5 ~ 0.5 0.5 0.5 0.5 30 force @a"
        },
        {
          "type": "origins:apply_effect",
          "effects": [
            {
              "effect": "minecraft:regeneration",
              "amplifier": 0,
              "duration": 200
            },
            {
              "effect": "minecraft:fire_resistance",
              "duration": 800
            },
            {
              "effect": "minecraft:absorption",
              "amplifier": 4,
              "duration": 100
            },
            {
              "effect": "minecraft:strength",
              "amplifier": 2,
              "duration": 100
            },
            {
              "effect": "minecraft:resistance",
              "amplifier": 0,
              "duration": 100
            }
          ]
        },
        {
          "type": "origins:trigger_cooldown",
          "power": "*:fury_cd"
        }
      ]
    },
    "condition": {
      "type": "origins:resource",
      "resource": "*:fury_cd",
      "comparison": "==",
      "compare_to": 0
    }
  },
  "cd": {
    "type": "origins:cooldown",
    "cooldown": 24000,
    "hud_render": {
      "should_render": true,
      "sprite_location": "origins:textures/gui/community/huang/resource_bar_01.png",
      "bar_index": 6
    }
  },
  "glow": {
    "type": "origins:self_glow",
    "use_teams": false,
    "red": 1,
    "green": 0.8,
    "blue": 0,
    "condition": {
      "type": "origins:resource",
      "resource": "*:fury_cd",
      "comparison": ">=",
      "compare_to": 23900
    }
  },
  "tint": {
    "type": "origins:model_color",
    "red": 1,
    "green": 0.8,
    "blue": 0,
    "alpha": 1.0,
    "condition": {
      "type": "origins:resource",
      "resource": "*:fury_cd",
      "comparison": ">=",
      "compare_to": 23900
    }
  },
  "effects": {
    "type": "origins:action_over_time",
    "entity_action": {
      "type": "origins:execute_command",
      "command": "particle dust_color_transition 1 0.84 0 1 1 1 1 ~ ~1.5 ~ 0.5 0.5 0.5 0 5"
    },
    "interval": 1,
    "condition": {
      "type": "origins:resource",
      "resource": "*:fury_cd",
      "comparison": ">=",
      "compare_to": 23900
    }
  }
}