{
    "name": "§a§nTeumessian Height",
    "description": "You are naturally three blocks tall.",
    "type": "origins:action_on_callback",
    "entity_action_chosen": {
        "type": "origins:and",
        "actions": [
            {
                "type": "origins:execute_command",
                "command": "scale set 1.57 @s"
            },
            {
                "type": "origins:execute_command",
                "command": "scale persist set true @s"
            }
        ]
    },
    "execute_chosen_when_orb": true,
    "entity_action_lost": {
        "type": "origins:execute_command",
        "command": "scale reset @s"
    }
}