{
    "type": "origins:multiple",
    "main": {
        "type": "origins:prevent_item_use",
        "item_condition": {
            "type": "origins:ingredient",
            "ingredient": [
                {
                "item": "bow"
                },
                {
                "item": "trident"
                },
                {
                "item": "crossbow"
                },
                {
                "item": "shield"
                }
            ]
        }
    },
    "failsafe": {
        "type": "origins:modify_projectile_damage",
        "modifier": {
            "operation": "multiply_total",
            "value": -1
        }
    },
    "name": "§c§nWild Hunter",
    "description": "You can't use ranged weapons or shields."
}