{
  "name": "§c§nFall from Grace",
  "description": "The God's have abandoned you...\nDuring the night, you are significantly weaker and slower. Additionally, you cannot Pounce as often and receive 25% more damage from all sources",

  "type": "origins:multiple",
  "debuffs": {
    "type": "origins:action_over_time",
    "entity_action": {
      "type": "origins:apply_effect",
      "effects": [
        {
          "effect": "minecraft:slowness",
          "duration": 40,
          "amplifier": 1,
          "is_ambient": false,
          "show_particles": false,
          "show_icon": false
        },
        {
          "effect": "minecraft:weakness",
          "duration": 40,
          "amplifier": 0,
          "is_ambient": false,
          "show_particles": false,
          "show_icon": false
        }
      ]
    },
    "interval": 20,
    "condition": {
      "type": "origins:daytime",
      "inverted": true
    }
  },
  "more_dmg": {
    "type": "origins:modify_damage_taken",
    "modifier": {
      "name": "Weak",
      "operation": "multiply_base_additive",
      "value": 0.25
    }
  }
}