{
    "name": "§a§nOn the Hunt",
    "description": "They cannot escape you. When activated, the auras of nearby entities and players will be shown for a short duration.",
    "type": "origins:active_self",
    "entity_action": {
        "type": "origins:and",
        "actions": [
            {
                "type": "origins:execute_command",
                "command": "effect give @e[distance=1..20] minecraft:glowing 10 1 true"
            },
            {
                "type": "origins:execute_command",
                "command": "playsound minecraft:entity.elder_guardian.curse master @a ~ ~ ~ 1 0"
            },
            {
                "type": "origins:execute_command",
                "command": "particle minecraft:end_rod ~ ~1.5 ~ 0.5 0.5 0.5 0.1 30 force @a"
            },
            {
                "type": "origins:execute_command",
                "command": "effect clear @s"
            }
        ]
    },
    "cooldown": 150,
    "hud_render": {
        "should_render": true,
        "sprite_location": "origins:textures/gui/community/spiderkolo/resource_bar_02.png",
        "bar_index": 7
    },
    "key": {
        "key": "key.origins.primary_active"
    }
}