{
	"powers": [
		"cloudskipper:cloudskip",
		"cloudskipper:hover",
		"cloudskipper:slow_falling",
		"cloudskipper:air_affinity",
		"cloudskipper:dissipation",
		"cloudskipper:cloud_feet",
		"cloudskipper:no_elytra",
		"cloudskipper:cosmetic/cloud_particles",
		"cloudskipper:cosmetic/dissipation_model",
		"creator_silent:credits"
	],
	"icon": "minecraft:white_stained_glass",
	"order": 10,
	"impact": 2,
	"name": "Cloudskipper",
	"description": "Majestic, bird-like elementals capable of skipping on air itself."
}
