{
    "name": "Fervent Heartbeat",
    "description": "You lose and gain health at a constant rate. Damage is taken over time. You don't heal while losing health.",
    "badges": [
        {
            "type": "origins:tooltip",
            "sprite": "origins:textures/gui/badge/info.png",
            "text": "You can only die when at one health."
        }
    ],
    "death": {
        "type": "origins:prevent_death",
        "condition": {
            "type": "origins:health",
            "compare_to": 1,
            "comparison": ">"
        }
    },
    "type": "origins:multiple",
    "disable": {
        "type": "origins:disable_regen"
    },
    "cd": {
        "type": "origins:cooldown",
        "cooldown": 40,
        "hud_render": {
            "should_render": false
        }
    },
    "regen": {
        "type": "origins:action_over_time",
        "interval": 20,
        "entity_action": {
            "type": "origins:heal",
            "amount": 2
        },
        "condition": {
            "type": "origins:resource",
            "resource": "*:*_cd",
            "compare_to": 0,
            "comparison": "=="
        }
    },
    "dmgpool": {
        "type": "origins:resource",
        "min": 0,
        "max": 100,
        "hud_render": {
            "should_render": false
        }
    },
    "dealdmg": {
        "type": "origins:action_over_time",
        "interval": 20,
        "entity_action": {
            "type": "origins:and",
            "actions": [
                {
                    "type": "origins:trigger_cooldown",
                    "power": "*:*_cd"
                },
                {
                    "type": "origins:damage",
                    "amount": 2,
                    "damage_type": "vostinateer:beat"
                },
                {
                    "type": "origins:change_resource",
                    "resource": "*:*_dmgpool",
                    "change": -2
                }
            ]
        },
        "condition": {
            "type": "origins:resource",
            "resource": "*:*_dmgpool",
            "compare_to": 0,
            "comparison": ">"
        }
    },
    "nodmg": {
        "type": "origins:modify_damage_taken",
        "modifier": {
            "value": -0.99,
            "operation": "multiply_total"
        },
        "damage_condition": {
            "type": "origins:name",
            "name": "fireworks",
            "inverted": true
        },
        "self_action": {
            "type": "origins:and",
            "actions": [
                {
                    "type": "origins:change_resource",
                    "resource": "*:*_dmgpool",
                    "change": 1
                },
                {
                    "type": "origins:trigger_cooldown",
                    "power": "*:*_cd"
                }
            ]
        }
    }
}