{
    "name": "Crescendo",
    "description": "Your mining speed increases if you keep mining.",
    "type": "origins:multiple",
    "meter": {
        "type": "origins:resource",
        "min": 0,
        "max": 80,
        "hud_render": {
            "should_render": false
        }
    },
    "haste1": {
        "type": "origins:modify_break_speed",
        "modifier": {
            "value": 0.1,
            "operation": "multiply_total"
        },
        "condition": {
            "type": "origins:and",
            "conditions": [
                {
                    "type": "origins:resource",
                    "compare_to": 0,
                    "comparison": ">",
                    "resource": "*:*_meter"
                },
                {
                    "type": "origins:resource",
                    "compare_to": 20,
                    "comparison": "<=",
                    "resource": "*:*_meter"
                }
            ]
        }
    },
    "haste2": {
        "type": "origins:modify_break_speed",
        "modifier": {
            "value": 0.3,
            "operation": "multiply_total"
        },
        "condition": {
            "type": "origins:and",
            "conditions": [
                {
                    "type": "origins:resource",
                    "compare_to": 20,
                    "comparison": ">",
                    "resource": "*:*_meter"
                },
                {
                    "type": "origins:resource",
                    "compare_to": 40,
                    "comparison": "<=",
                    "resource": "*:*_meter"
                }
            ]
        }
    },
    "haste3": {
        "type": "origins:modify_break_speed",
        "modifier": {
            "value": 0.45,
            "operation": "multiply_total"
        },
        "condition": {
            "type": "origins:and",
            "conditions": [
                {
                    "type": "origins:resource",
                    "compare_to": 40,
                    "comparison": ">",
                    "resource": "*:*_meter"
                },
                {
                    "type": "origins:resource",
                    "compare_to": 60,
                    "comparison": "<=",
                    "resource": "*:*_meter"
                }
            ]
        }
    },
    "haste4": {
        "type": "origins:modify_break_speed",
        "modifier": {
            "value": 0.6,
            "operation": "multiply_total"
        },
        "condition": {
            "type": "origins:and",
            "conditions": [
                {
                    "type": "origins:resource",
                    "compare_to": 60,
                    "comparison": ">",
                    "resource": "*:*_meter"
                },
                {
                    "type": "origins:resource",
                    "compare_to": 80,
                    "comparison": "<=",
                    "resource": "*:*_meter"
                }
            ]
        }
    },
    "add": {
        "type": "origins:action_on_block_break",
        "entity_action": {
            "type": "origins:change_resource",
            "resource": "*:*_meter",
            "change": 1
        }
    },
    "cd": {
        "type": "origins:cooldown",
        "cooldown": 600,
        "hud_render": {
            "should_render": false
        }
    },
    "cdt": {
        "type": "origins:action_over_time",
        "interval": 2,
        "rising_action": {
            "type": "origins:change_resource",
            "resource": "*:*_meter",
            "change": 0,
            "operation": "set"
        },
        "condition": {
            "type": "origins:resource",
            "resource": "*:*_cd",
            "compare_to": 0,
            "comparison": "=="
        }   
    }
}