{
    "name": "Thunderous Percussion",
    "description": "You can set a rhythm by hitting a mob two times within 3 seconds. Failure to follow the rhythm will cut your damage in half, but obeying it will boost your damage by 25%.",
    "badges": [
        {
            "type": "origins:tooltip",
            "sprite": "origins:textures/gui/badge/info.png",
            "text": "The rhythm resets to 1.5 seconds after a while, letting you set a new one."
        }
    ],
    "type": "origins:multiple",
    "cd": {
        "type": "origins:cooldown",
        "cooldown": 600,
        "hud_render": {
            "should_render": true,
            "bar_index": 9,
            "sprite_location": "origins:textures/gui/community/spiderkolo/resource_bar_03.png"
        }
    },
    "cdt": {
        "type": "origins:action_over_time",
        "interval": 2,
        "rising_action": {
            "type": "origins:and",
            "actions": [
                {
                    "type": "origins:execute_command",
                    "command": "scoreboard players set @s vostinateer.rhythm_tick 15"
                },
                {
                    "type": "origins:execute_command",
                    "command": "scoreboard players set @s vostinateer.rhythm_timer 0"
                }
            ]
        },
        "condition": {
            "type": "origins:resource",
            "resource": "*:*_cd",
            "compare_to": 0,
            "comparison": "=="
        }
    },
    "nodmg": {
        "type": "origins:modify_damage_dealt",
        "modifier": {
            "value": -0.5,
            "operation": "multiply_total"
        },
        "condition": {
            "type": "origins:power",
            "power": "*:rhythmoverlay",
            "inverted": true
        }
    },
    "tick": {
        "type": "origins:action_over_time",
        "interval": 1,
        "entity_action": {
            "type": "origins:execute_command",
            "command": "function vostinateer:follow_rhythm"
        }
    },
    "ticking": {
        "type": "origins:cooldown",
        "cooldown": 60,
        "hud_render": {
            "should_render": true,
            "bar_index": 2
        }
    },
    "rhythm": {
        "type": "origins:action_on_hit",
        "condition": {
            "type": "origins:resource",
            "resource": "*:*_cd",
            "compare_to": 0,
            "comparison": "=="
        },
        "bientity_action": {
            "type": "origins:and",
            "actions": [
                {
                    "type": "origins:if_else",
                    "condition": {
                        "type": "origins:actor_condition",
                        "condition": {
                            "type": "origins:resource",
                            "resource": "*:*_ticking",
                            "compare_to": 0,
                            "comparison": "=="
                        }
                    },
                    "if_action": {
                        "type": "origins:actor_action",
                        "action": {
                            "type": "origins:trigger_cooldown",
                            "power": "*:*_ticking"
                        }
                    },
                    "else_action": {
                        "type": "origins:actor_action",
                        "action": {
                            "type": "origins:and",
                            "actions": [
                                {
                                    "type": "origins:execute_command",
                                    "command": "scoreboard players set #vostinateer vostinateer.rhythm_tick 60"
                                },
                                {
                                    "type": "origins:execute_command",
                                    "command": "execute store result score @s vostinateer.rhythm_tick run resource get @s vostinateer:percussion_ticking"
                                },
                                {
                                    "type": "origins:execute_command",
                                    "command": "scoreboard players operation #vostinateer vostinateer.rhythm_tick -= @s vostinateer.rhythm_tick"
                                },
                                {
                                    "type": "origins:execute_command",
                                    "command": "scoreboard players operation @s vostinateer.rhythm_tick = #vostinateer vostinateer.rhythm_tick"
                                },
                                {
                                    "type": "origins:trigger_cooldown",
                                    "power": "*:*_cd"
                                }
                            ]
                        }
                    }
                }
            ]
        }
    }
}