{
    "type": "origins:multiple",
    "overlay": {
        "type": "origins:overlay",
        "texture": "minecraft:textures/misc/nausea.png",
        "draw_mode": "nausea",
        "draw_phase": "below_hud",
        "strength": 0.65,
        "red": 1,
        "blue": 1,
        "green": 0
    },
    "rem": {
        "type": "origins:action_over_time",
        "interval": 4,
        "entity_action": {
            "type": "origins:revoke_power",
            "power": "*:*",
            "source": "apoli:command"
        }
    },
    "hit": {
        "type": "origins:modify_damage_dealt",
        "modifier": {
            "value": 0.25,
            "operation": "multiply_total"
        },
        "self_action": {
            "type": "origins:and",
            "actions": [
                {
                    "type": "origins:execute_command",
                    "command": "playsound block.note_block.guitar master @s ~ ~ ~ 1 0"
                },
                {
                    "type": "origins:delay",
                    "ticks": 1,
                    "action": {
                        "type": "origins:revoke_power",
                        "power": "*:*",
                        "source": "apoli:command"
                    }
                }
            ]
        }
    },
    "as": {
        "type": "origins:modify_attribute",
        "attribute": "minecraft:generic.attack_speed",
        "modifier": {
            "value": 1000,
            "operation": "addition"
        }
    },
    "jump": {
        "type": "origins:action_on_callback",
        "entity_action_added": {
            "type": "origins:if_else",
            "condition": {
                "type": "origins:on_block"
            },
            "if_action": {
                "type": "origins:add_velocity",
                "y": 0.655
            }
        }
    }
}