{
    "type": "origins:action_over_time",
    "interval": 40,
    "entity_action": {
        "type": "origins:and",
        "actions": [
            {
                "type": "origins:execute_command",
                "command": "tp @s ~ ~ ~ ~ 0"
            },
            {
                "type": "origins:execute_command",
                "command": "execute as @a[distance=..18] at @s run playsound minecraft:block.amethyst_block.chime master @s ~ ~ ~ 0.75 0"
            },
            {
                "type": "origins:execute_command",
                "command": "execute as @a[distance=..18] at @s run playsound minecraft:block.respawn_anchor.ambient master @s ~ ~ ~ 0.33 0.25"
            },
            {
                "type": "origins:execute_command",
                "command": "scoreboard players set @s vsandmage.timer 0"
            },
            {
                "type": "origins:execute_command",
                "command": "function vsandmage:exaltation/cleric_circle"
            }
        ]
    }
}