{
    "type": "origins:action_over_time",
    "interval": 40,
    "entity_action": {
        "type": "origins:and",
        "actions": [
            {
                "type": "origins:execute_command",
                "command": "tp @s ~ ~ ~ ~ 0"
            },
            {
                "type": "origins:heal",
                "amount": 2
            },
            {
                "type": "origins:execute_command",
                "command": "particle minecraft:dust 0.7 0 0 0.75 ~ ~1 ~ 2 0.5 2 0 50"
            },
            {
                "type": "origins:execute_command",
                "command": "playsound minecraft:block.amethyst_block.resonate master @a[distance=..5] ~ ~ ~ 1 0"
            },
            {
                "type": "origins:execute_command",
                "command": "playsound minecraft:entity.player.attack.crit master @a[distance=..5] ~ ~ ~ 0.75 1.25"
            },
            {
                "type": "origins:execute_command",
                "command": "scoreboard players set @s vsandmage.timer 0"
            },
            {
                "type": "origins:execute_command",
                "command": "function vsandmage:exaltation/guard_circle"
            },
            {
                "type": "origins:change_resource",
                "resource": "*:effects/damagecalc_res",
                "change": 8,
                "operation": "set"
            },
            {
                "type": "origins:execute_command",
                "command": "execute as @e[type=!item,type=!experience_orb,type=!boat,type=!minecart,type=!marker,type=!armor_stand,tag=!vsandmage.sand_soldier,tag=!vsandmage.exalted,sort=nearest,distance=..4] unless score @s vsandmage.id = @e[tag=vsandmage.exalted_guardian,sort=nearest,limit=1,distance=..0.01] vsandmage.id run tp @e[tag=vsandmage.exalted_guardian,sort=nearest,limit=1,distance=..0.01] ~ ~ ~ facing entity @s feet"
            },
            {
                "type": "origins:execute_command",
                "command": "execute as @e[type=!item,type=!experience_orb,type=!boat,type=!minecart,type=!marker,type=!armor_stand,tag=!vsandmage.sand_soldier,tag=!vsandmage.exalted,sort=nearest,distance=..4] unless score @s vsandmage.id = @e[tag=vsandmage.exalted_guardian,sort=nearest,limit=1,distance=..0.01] vsandmage.id run tag @e[tag=vsandmage.exalted_guardian,sort=nearest,limit=1,distance=..0.01] add vsandmage.guard_found_target"
            },
            {
                "type": "origins:execute_command",
                "command": "execute as @e[type=!item,type=!experience_orb,type=!boat,type=!minecart,type=!marker,type=!armor_stand,tag=!vsandmage.sand_soldier,tag=!vsandmage.exalted,sort=nearest,distance=..4] unless score @s vsandmage.id = @e[tag=vsandmage.exalted_guardian,sort=nearest,limit=1,distance=..0.01] vsandmage.id run tag @s add vsandmage.guard_target"
            },
            {
                "type": "origins:if_else",
                "condition": {
                    "type": "origins:nbt",
                    "nbt": "{Tags:['vsandmage.guard_found_target']}"
                },
                "if_action": {
                    "type": "origins:execute_command",
                    "command": "function vsandmage:soldiers/guardsweep"
                }
            }
        ]
    }
}