{
    "type": "origins:action_over_time",
    "interval": 40,
    "entity_action": {
        "type": "origins:and",
        "actions": [
            {
                "type": "origins:execute_command",
                "command": "tp @s ~ ~ ~ ~ 0"
            },
            {
                "type": "origins:execute_command",
                "command": "particle minecraft:happy_villager ~ ~1 ~ 3.5 0.5 3.5 0 70"
            },
            {
                "type": "origins:execute_command",
                "command": "playsound minecraft:block.amethyst_block.resonate master @a[distance=..5] ~ ~ ~ 1 0"
            },
            {
                "type": "origins:execute_command",
                "command": "playsound minecraft:block.brewing_stand.brew master @a[distance=..5] ~ ~ ~ 0.33 0.25"
            },
            {
                "type": "origins:execute_command",
                "command": "scoreboard players set @s vsandmage.timer 0"
            },
            {
                "type": "origins:execute_command",
                "command": "function vsandmage:exaltation/priest_circle"
            },
            {
                "type": "origins:area_of_effect",
                "radius": 6,
                "bientity_action": {
                    "type": "origins:target_action",
                    "action": {
                        "type": "origins:heal",
                        "amount": 1
                    }
                },
                "bientity_condition": {
                    "type": "origins:target_condition",
                    "condition": {
                        "type": "origins:or",
                        "conditions": [
                            {
                                "type": "origins:entity_type",
                                "entity_type": "player"
                            },
                            {
                                "type": "origins:in_tag",
                                "tag": "vsandmage:passive"
                            },
                            {
                                "type": "origins:command",
                                "command": "execute if entity @s[tag=vsandmage.exalted]",
                                "compare_to": 1,
                                "comparison": "=="
                            }
                        ]
                    }
                }
            }
        ]
    }
}