{
  "feature": "minecraft:trees_flower_forest",
  "placement": [
    {
      "type": "minecraft:count_on_every_layer",
      "count": {
        "type": "minecraft:weighted_list",
        "distribution": [
          {
            "data": 6,
            "weight": 9
          },
          {
            "data": 7,
            "weight": 1
          }
        ]
      }
    },
    {
      "type": "minecraft:biome"
    },
    {
      "type": "block_predicate_filter",
      "predicate": {
        "type": "minecraft:would_survive",
        "state": {
          "Name": "minecraft:oak_sapling",
          "Properties": {
            "stage": "0"
          }
        }
      }
    }
  ]
}