{
  "parent": "bracken:panacea/enter_panacea",
  "display": {
    "title": {
      "translate": "Agents of Bedlam"
    },
    "description": {
      "translate": "Explore the creeper dominion biome",
      "color": "green"
    },
    "icon": {
      "item": "minecraft:creeper_spawn_egg"
    },
    "frame": "task",
    "show_toast": true,
    "announce_to_chat": true,
    "hidden": false
  },
  "criteria": {
    "bracken:panacea/creeper1": {
      "trigger": "minecraft:location",
      "conditions": {
        "player": [
          {
            "condition": "minecraft:entity_properties",
            "entity": "this",
            "predicate": {
              "location": {
                "biome": "bracken:panacea/creeper_dominion"
              }
            }
          }
        ]
      }
    }
  },
  "requirements": [
    [
      "bracken:panacea/creeper1"
    ]
  ]
}
