{
  "parent": "bracken:panacea/finalform",
  "display": {
    "title": {
      "translate": "All Mortal Greatness..."
    },
    "description": {
      "translate": "Find the mortal cull",
      "color": "green"
    },
    "icon": {
      "item": "minecraft:netherite_axe",
      "nbt": "{CustomModelData:888501}"
    },
    "frame": "task",
    "show_toast": true,
    "announce_to_chat": true,
    "hidden": false
  },
  "criteria": {
    "bracken:panacea/cull1": {
      "trigger": "minecraft:inventory_changed",
      "conditions": {
        "player": [
          {
            "condition": "minecraft:entity_properties",
            "entity": "this",
            "predicate": {
              "location": {
                "dimension": "bracken:panacea"
              }
            }
          }
        ],
        "items": [
          {
            "items": [
              "minecraft:netherite_axe"
            ],
            "nbt": "{CustomModelData:888501}"
          }
        ]
      }
    }
  },
  "requirements": [
    [
      "bracken:panacea/cull1"
    ]
  ]
}
