{
  "parent": "bracken:panacea/rain",
  "display": {
    "title": {
      "translate": "The Tooth Hurts!"
    },
    "description": {
      "translate": "Fight with a Gothrum Fang",
      "color": "green"
    },
    "icon": {
      "item": "minecraft:iron_sword",
      "nbt": "{CustomModelData:888501}"
    },
    "frame": "task",
    "show_toast": true,
    "announce_to_chat": true,
    "hidden": false
  },
  "criteria": {
    "bracken:panacea/fang1": {
      "trigger": "minecraft:player_hurt_entity",
      "conditions": {
        "player": [
          {
            "condition": "minecraft:entity_properties",
            "entity": "this",
            "predicate": {
              "equipment": {
                "mainhand": {
                  "items": [
                    "minecraft:iron_sword"
                  ],
                  "nbt": "{CustomModelData:888501}"
                }
              }
            }
          }
        ]
      }
    }
  },
  "requirements": [
    [
      "bracken:panacea/fang1"
    ]
  ]
}
