{
  "parent": "bracken:panacea/rain",
  "display": {
    "title": {
      "translate": "This is Madness!"
    },
    "description": {
      "translate": "Consume yakitubba hide. Go berserk!",
      "color": "green"
    },
    "icon": {
      "item": "minecraft:apple",
      "nbt": "{CustomModelData:888502}"
    },
    "frame": "task",
    "show_toast": true,
    "announce_to_chat": true,
    "hidden": false
  },
  "criteria": {
    "bracken:panacea/flesh1": {
      "trigger": "minecraft:consume_item",
      "conditions": {
        "item": {
          "items": [
            "minecraft:apple"
          ],
          "nbt": "{CustomModelData:888502}"
        }
      }
    }
  },
  "requirements": [
    [
      "bracken:panacea/flesh1"
    ]
  ]
}
