{
  "parent": "bracken:panacea/enter_panacea",
  "display": {
    "title": {
      "translate": "A Giving Tree"
    },
    "description": {
      "translate": "Investigate the tetra tree",
      "color": "green"
    },
    "icon": {
      "item": "minecraft:oak_log"
    },
    "frame": "task",
    "show_toast": true,
    "announce_to_chat": true,
    "hidden": false
  },
  "criteria": {
    "bracken:panacea/tree1": {
      "trigger": "minecraft:location",
      "conditions": {
        "player": [
          {
            "condition": "minecraft:entity_properties",
            "entity": "this",
            "predicate": {
              "location": {
                "dimension": "bracken:panacea",
                "structure": "bracken:panacea_tetra_tree"
              }
            }
          }
        ]
      }
    }
  },
  "requirements": [
    [
      "bracken:panacea/tree1"
    ]
  ]
}
