{
    "feature": "mythicmetals:ore_mythril",
    "placement": [
        {
            "type": "minecraft:count",
            "count": 3
        },
        {
            "type": "minecraft:in_square"
        },
        {
            "type": "minecraft:height_range",
            "height": {
                "type": "minecraft:biased_to_bottom",
                "min_inclusive": {
                    "absolute": 16
                },
                "max_inclusive": {
                    "absolute": 250
                }
            }
        },
        {
            "type": "minecraft:biome"
        }
    ]
}