{
    "type": "simple_random_selector",
    "config": {
        "features": [
            {
                "feature": "nfb_dimensions:beyond_the_clouds/dark_oak/tree/11",
                "placement": []
            },
            {
                "feature": "nfb_dimensions:beyond_the_clouds/dark_oak/tree/13",
                "placement": []
            },
            {
                "feature": "nfb_dimensions:beyond_the_clouds/dark_oak/tree/15",
                "placement": []
            },
            {
                "feature": "nfb_dimensions:beyond_the_clouds/dark_oak/tree/17",
                "placement": []
            }
        ]
    }
}