{
  "variants": {
    "facing=east,lit=false": {
      "model": "alloy_forgery:block/adamantite_block_forge_controller",
      "y": 90
    },"facing=east,lit=true": {
      "model": "alloy_forgery:block/adamantite_block_forge_controller_on",
      "y": 90
    },"facing=north,lit=false": {
      "model": "alloy_forgery:block/adamantite_block_forge_controller"
    },"facing=north,lit=true": {
      "model": "alloy_forgery:block/adamantite_block_forge_controller_on"
    },"facing=south,lit=false": {
      "model": "alloy_forgery:block/adamantite_block_forge_controller",
      "y": 180
    },"facing=south,lit=true": {
      "model": "alloy_forgery:block/adamantite_block_forge_controller_on",
      "y": 180
    },"facing=west,lit=false": {
      "model": "alloy_forgery:block/adamantite_block_forge_controller",
      "y": 270
    },"facing=west,lit=true": {
      "model": "alloy_forgery:block/adamantite_block_forge_controller_on",
      "y": 270
    }
  }
}