{
    "powers": [
        "vsandmage:id",
        "vsandmage:summon",
        "vsandmage:authority",
        "vsandmage:dash",
        "vsandmage:exalt",
        "vsandmage:dunebound",
        "vsandmage:shape",
        "vsandmage:phasing",
        "vsandmage:nodmg",
        "vsandmage:freezing"
    ],
    "order": 1,
    "impact": 3,
    "icon": {
        "item": "chiseled_sandstone"
    },
    "name": "Sandweaver",
    "description": "Adept at shaping the deserts, Sandweavers are capable of raising entire armies from the dunes."
}