{
    "name": "§a§nSpreading Cheer",
    "description": "You can give your presents to mobs, pacifying them to get their loot in return.",
    "bientity_condition": {
        "type": "origins:target_condition",
        "condition": {
            "type": "origins:command",
            "command": "attribute @s minecraft:generic.max_health get",
            "compare_to": 100,
            "comparison": "<="
        }
    },
    "type": "origins:action_on_entity_use",
    "item_condition": {
        "type": "origins:and",
        "conditions": [
            {
                "type": "origins:empty",
                "inverted": true
            },
            {
                "type": "origins:nbt",
                "nbt": "{vjolly:1}"
            }
        ]
    },
    "held_item_action": {
        "type": "origins:consume",
        "amount": 1
    },
    "bientity_action": {
        "type": "origins:and",
        "actions": [
            {
                "type": "origins:actor_action",
                "action": {
                    "type": "origins:execute_command",
                    "command": "tag @s add vjolly.bribery"
                }
            },
            {
                "type": "origins:target_action",
                "action": {
                    "type": "origins:execute_command",
                    "command": "function vjolly:tame"
                }
            },
            {
                "type": "origins:actor_action",
                "action": {
                    "type": "origins:execute_command",
                    "command": "tag @s remove vjolly.bribery"
                }
            }
        ]
    }
}