{
    "type": "origins:action_on_callback",
    "entity_action_added": {
        "type": "origins:choice",
        "actions": [
            {
                "element": {
                    "type": "origins:apply_effect",
                    "effect": {
                        "effect": "luck",
                        "amplifier": 1,
                        "duration": 1200
                    }
                },
                "weight": 1
            },
            {
                "element": {
                    "type": "origins:apply_effect",
                    "effect": {
                        "effect": "dolphins_grace",
                        "amplifier": 0,
                        "duration": 1200
                    }
                },
                "weight": 1
            },
            {
                "element": {
                    "type": "origins:apply_effect",
                    "effect": {
                        "effect": "haste",
                        "amplifier": 0,
                        "duration": 1200
                    }
                },
                "weight": 1
            },
            {
                "element": {
                    "type": "origins:apply_effect",
                    "effect": {
                        "effect": "health_boost",
                        "amplifier": 0,
                        "duration": 1200
                    }
                },
                "weight": 1
            },
            {
                "element": {
                    "type": "origins:apply_effect",
                    "effect": {
                        "effect": "speed",
                        "amplifier": 0,
                        "duration": 1200
                    }
                },
                "weight": 1
            },
            {
                "element": {
                    "type": "origins:apply_effect",
                    "effect": {
                        "effect": "jump_boost",
                        "amplifier": 0,
                        "duration": 1200
                    }
                },
                "weight": 1
            }
        ]
    }
}