{
    "name": "§c§nKind Soul",
    "description": "You refuse to hurt most mobs except for players and bosses.",
    "type": "origins:multiple",
    "melee": {
        "type": "origins:modify_damage_dealt",
        "modifier": {
            "value": -1,
            "operation": "multiply_total"
        },
        "bientity_condition": {
            "type": "origins:target_condition",
            "condition": {
                "type": "origins:or",
                "inverted": true,
                "conditions": [
                    {
                        "type": "origins:or",
                        "conditions": [
                            {
                                "type": "origins:entity_type",
                                "entity_type": "player"
                            },
                            {
                                "type": "origins:command",
                                "command": "attribute @s minecraft:generic.max_health get",
                                "compare_to": 100,
                                "comparison": ">="
                            }
                        ]
                    }
                ]
            }
        }
    },
    "ranged": {
        "type": "origins:modify_projectile_damage",
        "modifier": {
            "value": -1,
            "operation": "multiply_total"
        },
        "bientity_condition": {
            "type": "origins:target_condition",
            "condition": {
                "type": "origins:or",
                "inverted": true,
                "conditions": [
                    {
                        "type": "origins:or",
                        "conditions": [
                            {
                                "type": "origins:entity_type",
                                "entity_type": "player"
                            },
                            {
                                "type": "origins:command",
                                "command": "attribute @s minecraft:generic.max_health get",
                                "compare_to": 100,
                                "comparison": ">="
                            }
                        ]
                    }
                ]
            }
        }
    }
}