{
    "name": "§f§nHoliday Spirit",
    "description": "You are part of a leaderboard tracking how many gifts the top 3 Jolly players gave:\n§a/trigger vjolly.board§r to view it.",
    "type": "origins:action_over_time",
    "interval": 4,
    "entity_action": {
        "type": "origins:execute_command",
        "command": "scoreboard players enable @a vjolly.board"
    },
    "badges": [
        {
            "type": "origins:tooltip",
            "sprite": "origins:textures/gui/badge/info.png",
            "text": "Gifts given with §aSpreading Cheer§r and gifts opened by players count for this leaderboard."
        },
        {
            "type": "origins:tooltip",
            "sprite": "origins:textures/gui/badge/star.png",
            "text": "Only shows online Jolly players' values."
        }
    ]
}