{
    "name": "Gifted with Love",
    "description": "Gifted food is more nutritious!",
    "type": "origins:modify_food",
    "food_modifier": {
        "value": 4,
        "operation": "addition"
    },
    "saturation_modifier": {
        "value": 4,
        "operation": "addition"
    },
    "item_condition": {
        "type": "origins:and",
        "conditions": [
            {
                "type": "origins:empty",
                "inverted": true
            },
            {
                "type": "origins:nbt",
                "nbt": "{vjolly:2}"
            }
        ]
    }
}