{
    "name": "§a§nPresent Wrapping",
    "description": "You can wrap an item into a present that reveals the item within when opened.",
    "badges": [
        {
            "type": "origins:tooltip",
            "sprite": "minecraft:textures/item/redstone.png",
            "text": "§aChristmas Surprise§r: Certain items will have a special effect when unpacked!"
        },
        {
            "type": "origins:keybind",
            "sprite": "origins:textures/gui/badge/active.png",
            "text": "Press %s while holding an item to wrap it into a present."
        }
    ],
    "type": "origins:active_self",
    "entity_action": {
        "type": "origins:execute_command",
        "command": "function vjolly:present_make"
    },
    "condition": {
        "type": "origins:equipped_item",
        "equipment_slot": "mainhand",
        "item_condition": {
            "type": "origins:empty",
            "inverted": true
        }
    }
}