{
    "name": "Open Present",
    "description": "You can open presents!",
    "type": "origins:active_self",
    "key": {
        "key": "key.attack"
    },
    "condition": {
        "type": "origins:equipped_item",
        "equipment_slot": "mainhand",
        "item_condition": {
            "type": "origins:and",
            "conditions": [
                {
                    "type": "origins:empty",
                    "inverted": true
                },
                {
                    "type": "origins:nbt",
                    "nbt": "{vjolly:1}"
                }
            ]
        }
    },
    "entity_action": {
        "type": "origins:and",
        "actions": [
            {
                "type": "origins:execute_command",
                "command": "function vjolly:present_open"
            },
            {
                "type": "origins:if_else_list",
                "actions": [
                    {
                        "condition": {
                            "type": "origins:command",
                            "command": "execute if score $vjolly vjolly.timer matches 1",
                            "compare_to": 1,
                            "comparison": "=="
                        },
                        "action": {
                            "type": "origins:and",
                            "actions": [
                                {
                                    "type": "origins:execute_command",
                                    "command": "particle explosion_emitter ~ ~ ~"
                                },
                                {
                                    "type": "origins:damage",
                                    "amount": 10,
                                    "damage_type": "fireworks"
                                },
                                {
                                    "type": "origins:execute_command",
                                    "command": "playsound minecraft:entity.generic.explode player @s"
                                }
                            ]
                        }
                    },
                    {
                        "condition": {
                            "type": "origins:command",
                            "command": "execute if score $vjolly vjolly.timer matches 2",
                            "compare_to": 1,
                            "comparison": "=="
                        },
                        "action": {
                            "type": "origins:and",
                            "actions": [
                                {
                                    "type": "origins:damage",
                                    "amount": 5,
                                    "damage_type": "magic"
                                },
                                {
                                    "type": "origins:apply_effect",
                                    "effect": {
                                        "effect": "poison",
                                        "duration": 100,
                                        "amplifier": 1
                                    }
                                },
                                {
                                    "type": "origins:execute_command",
                                    "command": "playsound minecraft:entity.puffer_fish.sting player @s ~ ~ ~ 1 0"
                                }
                            ]
                        }
                    },
                    {
                        "condition": {
                            "type": "origins:command",
                            "command": "execute if score $vjolly vjolly.timer matches 3",
                            "compare_to": 1,
                            "comparison": "=="
                        },
                        "action": {
                            "type": "origins:and",
                            "actions": [
                                {
                                    "type": "origins:damage",
                                    "amount": 5,
                                    "damage_type": "on_fire"
                                },
                                {
                                    "type": "origins:set_on_fire",
                                    "duration": 6
                                },
                                {
                                    "type": "origins:execute_command",
                                    "command": "title @s title {\"text\":\"NAUGHTY\",\"color\":\"red\"}"
                                }
                            ]
                        }
                    },
                    {
                        "condition": {
                            "type": "origins:command",
                            "command": "execute if score $vjolly vjolly.timer matches 4",
                            "compare_to": 1,
                            "comparison": "=="
                        },
                        "action": {
                            "type": "origins:and",
                            "actions": [
                                {
                                    "type": "origins:execute_command",
                                    "command": "function vjolly:pot"
                                }
                            ]
                        }
                    },
                    {
                        "condition": {
                            "type": "origins:command",
                            "command": "execute if score $vjolly vjolly.timer matches 0",
                            "compare_to": 1,
                            "comparison": "=="
                        },
                        "action": {
                            "type": "origins:execute_command",
                            "command": "function vjolly:present_get"
                        }
                    }
                ]
            },
            {
                "type": "origins:execute_command",
                "command": "scoreboard players set $vjolly vjolly.timer 0"
            },
            {
                "type": "origins:equipped_item_action",
                "equipment_slot": "mainhand",
                "action": {
                    "type": "origins:consume",
                    "amount": 1
                }
            }
        ]
    }
}