{
    "name": "§c§nSorrow",
    "description": "If you haven't gifted anyone a present for a while, you'll get sad, reducing your luck and speed.",
    "type": "origins:multiple",
    "res": {
        "type": "origins:resource",
        "min": 0,
        "max": 6000,
        "hud_render": {
            "should_render": true,
            "bar_index": 15,
            "sprite_location": "origins:textures/gui/community/spiderkolo/resource_bar_02.png"
        },
        "start_value": 1,
        "min_action": {
            "type": "origins:execute_command",
            "command": "scoreboard players add @s vjolly.gifts 1"
        }
    },
    "raise": {
        "type": "origins:action_over_time",
        "interval": 1,
        "entity_action": {
            "type": "origins:change_resource",
            "resource": "*:*_res",
            "change": 1
        }
    },
    "slow": {
        "type": "origins:modify_attribute",
        "attribute": "minecraft:generic.movement_speed",
        "modifier": {
            "value": -0.15,
            "operation": "multiply_base"
        },
        "condition": {
            "type": "origins:resource",
            "resource": "*:*_res",
            "compare_to": 6000,
            "comparison": "=="
        }
    },
    "bl": {
        "type": "origins:modify_attribute",
        "attribute": "minecraft:generic.luck",
        "modifier": {
            "value": -10,
            "operation": "addition"
        },
        "condition": {
            "type": "origins:resource",
            "resource": "*:*_res",
            "compare_to": 6000,
            "comparison": "=="
        }
    }
}