{
    "name": "Cloak",
    "description": "Your silk-woven cloak allows you to slow your fall until you safely touch the ground, boosting you slightly forwards upon activation.",
    "type": "origins:multiple",
    "glide": {
        "type": "origins:modify_falling",
        "velocity": 0.02,
        "take_fall_damage": false,
        "condition": {
            "type": "origins:and",
            "conditions": [
                {
                    "type": "origins:resource",
                    "resource": "*:*_fall",
                    "comparison": ">",
                    "compare_to": 0
                }
            ]
        }
    },
    "fall": {
        "type": "origins:resource",
        "min": 0,
        "max": 1,
        "hud_render": {
            "should_render": false
        },
        "max_action": {
            "type": "origins:and",
            "actions": [
                {
                    "type": "origins:add_velocity",
                    "space": "local",
                    "z": 0.4
                },
                {
                    "type": "origins:add_velocity",
                    "space": "local",
                    "y": 0.3
                }
            ]
        }
    },
    "touch_ground": {
        "type": "origins:action_over_time",
        "entity_action": {
            "type": "origins:and",
            "actions": [
                {
                    "type": "origins:change_resource",
                    "resource": "*:*_fall",
                    "change": 0,
                    "operation": "set"
                }
            ]
        },
        "interval": 1,
        "condition": {
            "type": "origins:or",
            "conditions": [
                {
                    "type": "origins:climbing"
                },
                {
                    "type": "origins:fluid_height",
                    "fluid": "minecraft:water",
                    "comparison": "!=",
                    "compare_to": 0
                },
                {
                    "type": "origins:on_block"
                }
            ]
        }
    },
    "check": {
        "type": "origins:active_self",
        "entity_action": {
            "type": "origins:and",
            "actions": [
                {
                    "type": "origins:change_resource",
                    "resource": "*:*_fall",
                    "change": 1,
                    "operation": "set"
                }
            ]
        },
        "cooldown": 10,
        "key": {
            "key": "key.jump"
        },
        "condition": {
            "type": "origins:and",
            "conditions": [
                {
                    "type": "origins:climbing",
                    "inverted": true
                },
                {
                    "type": "origins:fluid_height",
                    "fluid": "minecraft:water",
                    "comparison": "==",
                    "compare_to": 0
                },
                {
                    "type": "origins:on_block",
                    "inverted": true
                },
                {
                    "type": "origins:resource",
                    "resource": "*:*_fall",
                    "compare_to": 0,
                    "comparison": "=="
                }
            ]
        }
    }
}