{
    "name": "Forest Night",
    "description": "You may set your spawn where you stand, allowing you to easily traverse without worry of a home. The comfort of your camp will regenerate nearby saddled mobs.",
    "type": "origins:active_self",
    "entity_action": {
        "type": "origins:and",
        "actions": [
            {
                "type": "origins:area_of_effect",
                "radius": 10,
                "bientity_action": {
                    "type": "origins:target_action",
                    "action": {
                        "type": "origins:and",
                        "actions": [
                            {
                                "type": "origins:heal",
                                "amount": 5
                            },
                            {
                                "type": "origins:execute_command",
                                "command": "particle minecraft:heart ~ ~.8 ~ 0.5 1 0.5 0 3 force"
                            }
                        ]
                    }
                },
                "bientity_condition": {
                    "type": "origins:target_condition",
                    "condition": {
                        "type": "origins:and",
                        "conditions": [
                            {
                                "type": "origins:nbt",
                                "nbt": "{SaddleItem:{id:\"minecraft:saddle\",Count:1b}}"
                            },
                            {
                                "type": "origins:relative_health",
                                "compare_to": 1,
                                "comparison": "<"
                            }
                        ]
                    }
                }
            },
            {
                "type": "origins:execute_command",
                "command": "spawnpoint @s ~ ~ ~"
            },
            {
                "type": "origins:execute_command",
                "command": "title @s actionbar {\"text\":\"Spawnpoint Set\",\"color\":\"white\",\"bold\":false,\"italic\":false}"
            },
            {
                "type": "origins:execute_command",
                "command": "particle minecraft:campfire_cosy_smoke ~ ~.4 ~ 0.3 3 0.3 0 20 force"
            },
            {
                "type": "origins:execute_command",
                "command": "particle minecraft:flame ~ ~.4 ~ 0.5 0.4 0.5 0 20 force"
            },
            {
                "type": "origins:play_sound",
                "sound": "minecraft:entity.zombie_villager.cure",
                "pitch": 2
            }
        ]
    },
    "key": {
        "key": "key.origins.primary_active"
    },
    "cooldown": 100
}