{
    "name": "Gizmo Sack",
    "description": "You have access to a sack, allowing you to store anything you find on your journeys.",
    "type": "origins:inventory",
    "drop_on_death": false,
    "condition": {
        "type": "origins:resource",
        "resource": "wayfintris:puncture_punctured",
        "compare_to": 0,
        "comparison": "=="
    },
    "title": "Gizmo Sack",
    "container_type": "chest",
    "key": {
        "key": "key.origins.secondary_active"
    }
}