{
    "name": "Light Stomach",
    "description": "You exhaust faster, and you cannot get as much saturation from crops.",
    "type": "origins:multiple",
    "worse": {
        "type": "origins:modify_food",
        "item_condition": {
            "type": "origins:ingredient",
            "ingredient": {
                "tag": "minecraft:villager_plantable_seeds"
            }
        },
        "food_modifier": {
            "operation": "multiply_base",
            "value": -0.5
        },
        "saturation_modifier": {
            "operation": "addition",
            "value": -0.1
        }
    },
    "exhaust": {
        "type": "origins:modify_exhaustion",
        "modifier": {
            "operation": "multiply_base",
            "value": 0.5
        }
    }
}