{
    "name": "Navigator",
    "description": "You can craft lodestones cheaper, and you get more maps per craft. ",
    "type": "origins:multiple",
    "lode": {
        "type": "origins:recipe",
        "recipe": {
            "id": "wayfintris:navigator_lode",
            "type": "minecraft:crafting_shaped",
            "pattern": [
                "###",
                "#g#",
                "###"
            ],
            "key": {
                "#": {
                    "item": "minecraft:chiseled_stone_bricks"
                },
                "g": {
                    "item": "minecraft:gold_ingot"
                }
            },
            "result": {
                "item": "minecraft:lodestone",
                "count": 1
            }
        }
    },
    "map": {
        "type": "origins:modify_crafting",
        "recipe": "minecraft:map",
        "result": {
            "item": "minecraft:map",
            "amount": 3
        }
    }
}