{
    "name": "Punctured Pouch",
    "description": "Being attacked will temporarily prevent you from opening your Gizmo Sack.",
    "type": "origins:multiple",
    "punctured": {
        "type": "origins:cooldown",
        "cooldown": 120,
        "hud_render": {
            "should_render": true,
            "bar_index": 1,
            "sprite_location": "origins:textures/gui/community/spiderkolo/resource_bar_03.png"
        }
    },
    "damage": {
        "type": "origins:action_when_hit",
        "bientity_action": {
            "type": "origins:target_action",
            "action": {
                "type": "origins:trigger_cooldown",
                "power": "wayfintris:puncture_punctured"
            }
        },
        "condition": {
            "type": "origins:resource",
            "resource": "wayfintris:puncture_punctured",
            "compare_to": 0,
            "comparison": "=="
        }
    }
}