{
    "type": "origins:multiple",
    "name": "§d§nEvent Horizon",
    "description": "Killing mobs will yield bits of antimatter that float to you. Collecting these bits heals you and reduces the cooldown of §dSynthetic Black Hole§r.",
    "badges": [
        {
            "type": "origins:tooltip",
            "text": "Only usable in §dUmbral State",
            "sprite": "minecraft:textures/block/purple_shulker_box.png"
        }
    ],
    "on_kill": {
        "cooldown": 0,
        "type": "origins:action_on_hit",
        "bientity_action": {
            "type": "origins:and",
            "actions": [
                {
                    "type": "origins:target_action",
                    "action": {
                        "type": "origins:execute_command",
                        "command": "summon minecraft:armor_stand ~ ~1 ~ {ActiveEffects:[{Id:25,Amplifier:-1,Duration:-1,ShowParticles:0b}],Invisible:1b,Small:1b,Tags:[\"vluminary.antimatter_bit\"]}"
                    }
                }
            ]
        },
        "bientity_condition": {
            "type": "origins:target_condition",
            "condition": {
                "type": "origins:relative_health",
                "compare_to": 0,
                "comparison": "<="
            }
        },
        "condition": {
            "type": "origins:resource",
            "resource": "*:attune_value",
            "compare_to": 1,
            "comparison": "=="
        }
    },
    "attract": {
        "type": "origins:action_over_time",
        "interval": 1,
        "entity_action": {
            "type": "origins:and",
            "actions": [
                {
                    "type": "origins:execute_command",
                    "command": "execute at @e[type=armor_stand,tag=vluminary.antimatter_bit] run particle minecraft:dust 0.1 0.1 0.1 1.5 ~ ~ ~ 0 0 0 0.1 1 normal @s"
                },
                {
                    "type": "origins:area_of_effect",
                    "radius": 16,
                    "bientity_action": {
                        "type": "origins:add_velocity",
                        "z": -0.05
                    },
                    "bientity_condition": {
                        "type": "origins:target_condition",
                        "condition": {
                            "type": "origins:command",
                            "command": "execute if entity @s[type=armor_stand,tag=vluminary.antimatter_bit]",
                            "compare_to": 1,
                            "comparison": "=="
                        }
                    }
                },
                {
                    "type": "origins:area_of_effect",
                    "radius": 1,
                    "bientity_action": {
                        "type": "origins:and",
                        "actions": [
                            {
                                "type": "origins:target_action",
                                "action": {
                                    "type": "origins:execute_command",
                                    "command": "kill @s"
                                }
                            },
                            {
                                "type": "origins:actor_action",
                                "action": {
                                    "type": "origins:and",
                                    "actions": [
                                        {
                                            "type": "origins:play_sound",
                                            "sound": "minecraft:block.amethyst_cluster.break"
                                        },
                                        {
                                            "type": "origins:play_sound",
                                            "sound": "minecraft:entity.generic.eat",
                                            "pitch": 0.5
                                        },
                                        {
                                            "type": "origins:change_resource",
                                            "resource": "*:umbral/hole_active",
                                            "change": -40
                                        },
                                        {
                                            "type": "origins:heal",
                                            "amount": 2
                                        }
                                    ]
                                }
                            }
                        ]
                    },
                    "bientity_condition": {
                        "type": "origins:target_condition",
                        "condition": {
                            "type": "origins:command",
                            "command": "execute if entity @s[type=armor_stand,tag=vluminary.antimatter_bit]",
                            "compare_to": 1,
                            "comparison": "=="
                        }
                    }
                }
            ]
        }
    }
}