{
    "type": "origins:multiple",
    "lifetime": {
        "type": "origins:resource",
        "max": 0,
        "min": -300,
        "start_value": 0,
        "min_action": {
            "type": "origins:and",
            "actions": [
                {
                    "type": "origins:execute_command",
                    "command": "stopsound @a * minecraft:block.respawn_anchor.ambient"
                },
                {
                    "type": "origins:play_sound",
                    "sound": "minecraft:entity.chicken.egg",
                    "pitch": 2,
                    "volume": 2
                },
                {
                    "type": "origins:execute_command",
                    "command": "particle minecraft:dust 1 1 1 1 ~ ~0.85 ~ 0.4 0.4 0.4 0.1 30 normal @a"
                },
                {
                    "type": "origins:execute_command",
                    "command": "kill @s"
                }
            ]
        },
        "hud_render": {
            "should_render": false
        }
    },
    "glow": {
        "type": "origins:self_glow",
        "red": 0.0001,
        "green": 0.0001,
        "blue": 0.0001,
        "use_teams": false,
        "entity_condition": {
            "type": "origins:origin",
            "origin": "vluminary:luminary",
            "layer": "origins:origin"
        }
    },
    "tick": {
        "type": "origins:action_over_time",
        "interval": 1,
        "entity_action": {
            "type": "origins:and",
            "actions": [
                {
                    "type": "origins:execute_command",
                    "command": "particle minecraft:dust 0 0 0 1 ~ ~0.85 ~ 0.4 0.4 0.4 0.1 10 normal @a"
                },
                {
                    "type": "origins:play_sound",
                    "sound": "minecraft:block.respawn_anchor.ambient",
                    "pitch": 0.5,
                    "volume": 0.5
                },
                {
                    "type": "origins:change_resource",
                    "resource": "*:*_lifetime",
                    "change": -1
                }
            ]
        }
    },
    "circle": {
        "type": "origins:action_over_time",
        "interval": 4,
        "condition": {
            "type": "origins:resource",
            "resource": "*:*_lifetime",
            "compare_to": -20,
            "comparison": "<="
        },
        "entity_action": {
            "type": "origins:and",
            "actions": [
                {
                    "type": "origins:execute_command",
                    "command": "scoreboard players set @s vluminary.timer 0"
                },
                {
                    "type": "origins:execute_command",
                    "command": "function vluminary:umbral/black_circle"
                }
            ]
        }
    },
    "activecheck": {
        "type": "origins:action_over_time",
        "interval": 1,
        "condition": {
            "type": "origins:resource",
            "resource": "*:*_lifetime",
            "compare_to": -20,
            "comparison": "<="
        },
        "rising_action": {
            "type": "origins:and",
            "actions": [
                {
                    "type": "origins:execute_command",
                    "command": "tag @s add vluminary.active_hole"
                }
            ]
        }
    },
    "pullfar": {
        "type": "origins:action_over_time",
        "interval": 1,
        "condition": {
            "type": "origins:resource",
            "resource": "*:*_lifetime",
            "compare_to": -20,
            "comparison": "<="
        },
        "entity_action": {
            "type": "origins:and",
            "actions": [
                {
                    "type": "origins:area_of_effect",
                    "radius": 3,
                    "bientity_action": {
                        "type": "origins:add_velocity",
                        "z": -0.325,
                        "space": "local"
                    },
                    "bientity_condition": {
                        "type": "origins:and",
                        "conditions": [
                            {
                                "type": "origins:target_condition",
                                "condition": {
                                    "type": "origins:entity_type",
                                    "entity_type": "armor_stand",
                                    "inverted": true
                                }
                            },
                            {
                                "type": "origins:target_condition",
                                "condition": {
                                    "type": "origins:entity_type",
                                    "entity_type": "marker",
                                    "inverted": true
                                }
                            },
                            {
                                "type": "origins:target_condition",
                                "inverted": true,
                                "condition": {
                                    "type": "origins:and",
                                    "conditions": [
                                        {
                                            "type": "origins:entity_type",
                                            "entity_type": "player"
                                        },
                                        {
                                            "type": "origins:origin",
                                            "origin": "vluminary:luminary",
                                            "layer": "origins:origin"
                                        },
                                        {
                                            "type": "origins:resource",
                                            "resource": "*:attune_value",
                                            "compare_to": 1,
                                            "comparison": "=="
                                        }
                                    ]
                                }
                            }
                        ]
                    }
                }
            ]
        }
    },
    "pullclose": {
        "type": "origins:action_over_time",
        "interval": 1,
        "condition": {
            "type": "origins:resource",
            "resource": "*:*_lifetime",
            "compare_to": -20,
            "comparison": "<="
        },
        "entity_action": {
            "type": "origins:and",
            "actions": [
                {
                    "type": "origins:area_of_effect",
                    "radius": 1,
                    "bientity_action": {
                        "type": "origins:add_velocity",
                        "z": 0,
                        "y": 0,
                        "x": 0,
                        "set": true
                    },
                    "bientity_condition": {
                        "type": "origins:and",
                        "conditions": [
                            {
                                "type": "origins:target_condition",
                                "condition": {
                                    "type": "origins:entity_type",
                                    "entity_type": "armor_stand",
                                    "inverted": true
                                }
                            },
                            {
                                "type": "origins:target_condition",
                                "condition": {
                                    "type": "origins:entity_type",
                                    "entity_type": "marker",
                                    "inverted": true
                                }
                            },
                            {
                                "type": "origins:target_condition",
                                "inverted": true,
                                "condition": {
                                    "type": "origins:and",
                                    "conditions": [
                                        {
                                            "type": "origins:entity_type",
                                            "entity_type": "player"
                                        },
                                        {
                                            "type": "origins:origin",
                                            "origin": "vluminary:luminary",
                                            "layer": "origins:origin"
                                        },
                                        {
                                            "type": "origins:resource",
                                            "resource": "*:attune_value",
                                            "compare_to": 1,
                                            "comparison": "=="
                                        }
                                    ]
                                }
                            }
                        ]
                    }
                }
            ]
        }
    }
}