{
    "type": "origins:action_on_callback",
    "entity_action_added": {
        "type": "origins:and",
        "actions": [
            {
                "type": "origins:area_of_effect",
                "radius": 3,
                "bientity_condition": {
                    "type": "origins:target_condition",
                    "inverted": true,
                    "condition": {
                        "type": "origins:and",
                        "conditions": [
                            {
                                "type": "origins:entity_type",
                                "entity_type": "player"
                            },
                            {
                                "type": "origins:origin",
                                "origin": "vluminary:luminary",
                                "layer": "origins:origin"
                            },
                            {
                                "type": "origins:resource",
                                "resource": "*:attune_value",
                                "compare_to": 1,
                                "comparison": "=="
                            }
                        ]
                    }
                },
                "bientity_action": {
                    "type": "origins:and",
                    "actions": [
                        {
                            "type": "origins:damage",
                            "amount": 10,
                            "damage_type": "magic"
                        },
                        {
                            "type": "origins:target_action",
                            "action": {
                                "type": "origins:grant_power",
                                "power": "*:umbral/blackholeslow",
                                "source": "vluminary:blackholecollapse"
                            }
                        },
                        {
                            "type": "origins:target_action",
                            "action": {
                                "type": "origins:if_else",
                                "condition": {
                                    "type": "origins:health",
                                    "compare_to": 0,
                                    "comparison": "<="
                                },
                                "if_action": {
                                    "type": "origins:execute_command",
                                    "command": "summon minecraft:armor_stand ~ ~1 ~ {ActiveEffects:[{Id:25,Amplifier:-1,Duration:-1,ShowParticles:0b}],Invisible:1b,Small:1b,Tags:[\"vluminary.antimatter_bit\"]}"
                                }
                            }
                        }
                    ]
                }
            },
            {
                "type": "origins:execute_command",
                "command": "kill @s"
            }
        ]
    }
}