{
    "type": "origins:multiple",
    "particles": {
        "type": "origins:particle",
        "particle": {
            "type": "squid_ink"
        },
        "frequency": 2
    },
    "slow": {
        "type": "origins:attribute",
        "modifier": {
            "value": -0.5,
            "attribute": "generic.movement_speed",
            "operation": "multiply_base"
        }
    },
    "cd": {
        "type": "origins:cooldown",
        "cooldown": 200,
        "hud_render": {
            "should_render": false
        }
    },
    "trigger": {
        "type": "origins:action_on_callback",
        "entity_action_added": {
            "type": "origins:delay",
            "action": {
                "type": "origins:trigger_cooldown",
                "power": "*:*_cd"
            },
            "ticks": 1
        }
    },
    "rem": {
        "type": "origins:action_over_time",
        "interval": 1,
        "rising_action": {
            "type": "origins:revoke_power",
            "power": "*:*",
            "source": "vluminary:blackholecollapse"
        },
        "condition": {
            "type": "origins:resource",
            "resource": "*:*_cd",
            "compare_to": 1,
            "comparison": "=="
        }
    }
}