{
    "name": "§d§nEdge of the Void",
    "description": "§d[Shift + Attack]§r\nYou can slice active black holes apart, collapsing it to deal high damage to everything within its radius and slowing foes within.",
    "badges": [
        {
            "type": "origins:tooltip",
            "text": "Only usable in §dUmbral State",
            "sprite": "minecraft:textures/block/purple_shulker_box.png"
        }
    ],
    "type": "origins:multiple",
    "active": {
        "type": "origins:active_self",
        "key": {
            "key": "key.attack"
        },
        "condition": {
            "type": "origins:and",
            "conditions": [
                {
                    "type": "origins:resource",
                    "resource": "*:attune_value",
                    "compare_to": 1,
                    "comparison": "=="
                },
                {
                    "type": "origins:sneaking"
                }
            ]
        },
        "entity_action": {
            "type": "origins:raycast",
            "distance": 16,
            "command_step": 0.1,
            "entity": false,
            "block": false,
            "command_along_ray": "execute positioned ~ ~-0.6 ~ as @e[type=armor_stand,tag=vluminary.black_hole,distance=..0.4,sort=nearest,limit=1] at @s if entity @s[tag=vluminary.active_hole] positioned ~ ~0.7 ~ run function vluminary:umbral/black_hole_cut"
        }
    }
}