{
    "name": "§d§nSynthetic Black Hole",
    "description": "§d[Primary]§r\nYou can create a black hole that pulls things nearby inside.",
    "badges": [
        {
            "type": "origins:tooltip",
            "text": "Only usable in §dUmbral State",
            "sprite": "minecraft:textures/block/purple_shulker_box.png"
        },
        {
            "type": "origins:tooltip",
            "text": "You are immune to black holes' pull while in §dUmbral State",
            "sprite": "origins:textures/gui/badge/info.png"
        },
        {
            "type": "origins:tooltip",
            "text": "Black holes take a second to activate their gravitational pull",
            "sprite": "origins:textures/gui/badge/star.png"
        }
    ],
    "type": "origins:multiple",
    "active": {
        "cooldown": 800,
        "hud_render": {
            "should_render": true,
            "bar_index": 16,
            "sprite_location": "origins:textures/gui/community/spiderkolo/resource_bar_01.png"
        },
        "type": "origins:active_self",
        "condition": {
            "type": "origins:and",
            "conditions": [
                {
                    "type": "origins:resource",
                    "resource": "*:attune_value",
                    "compare_to": 1,
                    "comparison": "=="
                },
                {
                    "type": "origins:sneaking",
                    "inverted": true
                }
            ]
        },
        "entity_action": {
            "type": "origins:and",
            "actions": [
                {
                    "type": "origins:raycast",
                    "distance": 12,
                    "command_at_hit": "function vluminary:umbral/summon_black_hole",
                    "hit_action": {
                        "type": "origins:execute_command",
                        "command": "playsound block.respawn_anchor.charge master @a[distance=..8] ~ ~ ~"
                    }
                }
            ]
        }
    }
}