{
    "name": "§d§nEver-Rising Shadow",
    "description": "Attacks on enemies slowed by §dEdge of the§r\n§dVoid§r have a chance to spawn antimatter bits.",
    "badges": [
        {
            "type": "origins:tooltip",
            "text": "Only usable in §dUmbral State",
            "sprite": "minecraft:textures/block/purple_shulker_box.png"
        }
    ],
    "type": "origins:action_on_hit",
    "cooldown": 10,
    "bientity_action": {
        "type": "origins:chance",
        "chance": 0.6,
        "action": {
            "type": "origins:target_action",
            "action": {
                "type": "origins:execute_command",
                "command": "summon minecraft:armor_stand ~ ~1 ~ {ActiveEffects:[{Id:25,Amplifier:-1,Duration:-1,ShowParticles:0b}],Invisible:1b,Small:1b,Tags:[\"vluminary.antimatter_bit\"]}"
            }
        }
    },
    "condition": {
        "type": "origins:resource",
        "resource": "*:attune_value",
        "compare_to": 1,
        "comparison": "=="
    },
    "bientity_condition": {
        "type": "origins:target_condition",
        "condition": {
            "type": "origins:power",
            "power": "*:umbral/blackholeslow"
        }
    }
}