{
    "type": "origins:multiple",
    "particles": {
        "type": "origins:action_over_time",
        "interval": 2,
        "entity_action": {
            "type": "origins:execute_command",
            "command": "particle firework ~ ~1 ~ 0.2 0.35 0.2 0.1 2"
        }
    },
    "particles2": {
        "type": "origins:action_over_time",
        "interval": 1,
        "entity_action": {
            "type": "origins:execute_command",
            "command": "particle dust 1 0 1 1 ~ ~1 ~ 0.2 0.35 0.2 0.1 2"
        }
    },
    "whenhit": {
        "type": "origins:action_when_hit",
        "damage_condition": {
            "type": "origins:projectile",
            "inverted": true
        },
        "bientity_action": {
            "type": "origins:and",
            "actions": [
                {
                    "type": "origins:actor_action",
                    "action": {
                        "type": "origins:if_else",
                        "if_action": {
                            "type": "origins:and",
                            "actions": [
                                {
                                    "type": "origins:trigger_cooldown",
                                    "power": "*:residue_timer"
                                },
                                {
                                    "type": "origins:execute_command",
                                    "command": "playsound minecraft:block.amethyst_cluster.break master @s"
                                },
                                {
                                    "type": "origins:execute_command",
                                    "command": "particle minecraft:firework ~ ~1 ~ 0 0 0 0.3 5"
                                }
                            ]
                        },
                        "condition": {
                            "type": "origins:and",
                            "conditions": [
                                {
                                    "type": "origins:entity_type",
                                    "entity_type": "player"
                                },
                                {
                                    "type": "origins:origin",
                                    "origin": "vstellarhunter:hunter",
                                    "layer": "origins:origin"
                                }
                            ]
                        }
                    }
                },
                {
                    "type": "origins:target_action",
                    "action": {
                        "type": "origins:revoke_power",
                        "power": "*:*",
                        "source": "vstellarhunter:nova"
                    }
                }
            ]
        }
    }
}