{
    "parent": "minecraft:item/generated",
    "textures": {
        "layer0": "minecraft:item/armor_stand"
    },
    "overrides": [
        {
            "predicate": {
                "custom_model_data": 1
            },
            "model": "gm4:gui/advancements/icon/better_armour_stands/better_armour_stands"
        },
        {
            "predicate": {
                "custom_model_data": 2
            },
            "model": "gm4:gui/advancements/icon/poses_pack/poses_pack"
        },
        {
            "predicate": {
                "custom_model_data": 3
            },
            "model": "gm4:gui/advancements/icon/guidebook/poses_pack"
        },
        {
            "predicate": {
                "custom_model_data": 4
            },
            "model": "gm4:gui/advancements/icon/guidebook/particles_pack"
        },
        {
            "predicate": {
                "custom_model_data": 5
            },
            "model": "minecraft:item/armor_stand"
        },
        {
            "predicate": {
                "custom_model_data": 3420001
            },
            "model": "gm4:gui/advancements/icon/better_armour_stands/better_armour_stands"
        },
        {
            "predicate": {
                "custom_model_data": 3420002
            },
            "model": "gm4:gui/advancements/icon/poses_pack/poses_pack"
        },
        {
            "predicate": {
                "custom_model_data": 3420003
            },
            "model": "gm4:gui/advancements/icon/guidebook/poses_pack"
        },
        {
            "predicate": {
                "custom_model_data": 3420004
            },
            "model": "gm4:gui/advancements/icon/guidebook/particles_pack"
        },
        {
            "predicate": {
                "custom_model_data": 3420005
            },
            "model": "minecraft:item/armor_stand"
        }
    ]
}
