{
    "parent": "item/generated",
    "textures": {
    "layer0": "item/bamboo"
    },
    
    "overrides": [
    
    {"predicate": {"custom_model_data":888501}, "model": "item/shadows/jellyfish"},
    {"predicate": {"custom_model_data":888502}, "model": "item/shadows/trilobite"},
    {"predicate": {"custom_model_data":888503}, "model": "item/shadows/nautilus"},
    {"predicate": {"custom_model_data":888504}, "model": "item/shadows/dunkleosteus"},
    {"predicate": {"custom_model_data":888505}, "model": "item/shadows/dragonfly"},
    {"predicate": {"custom_model_data":888506}, "model": "item/shadows/goth"},
    {"predicate": {"custom_model_data":888507}, "model": "item/shadows/gavsakka"},
    {"predicate": {"custom_model_data":888508}, "model": "item/shadows/slug"},
    {"predicate": {"custom_model_data":888509}, "model": "item/shadows/vent"},
    {"predicate": {"custom_model_data":888510}, "model": "item/shadows/babyslug"},
    {"predicate": {"custom_model_data":888511}, "model": "item/shadows/fae1"},
    {"predicate": {"custom_model_data":888512}, "model": "item/shadows/fae2"},
    {"predicate": {"custom_model_data":888513}, "model": "item/shadows/fae3"},
    {"predicate": {"custom_model_data":888514}, "model": "item/shadows/red_death"},
    {"predicate": {"custom_model_data":888515}, "model": "item/shadows/pirate"},
    {"predicate": {"custom_model_data":888516}, "model": "item/shadows/pirate2"},
    {"predicate": {"custom_model_data":888517}, "model": "item/shadows/pirate3"},
    {"predicate": {"custom_model_data":888518}, "model": "item/shadows/knight"},
    {"predicate": {"custom_model_data":888519}, "model": "item/shadows/aquatic_sentinel"},
    {"predicate": {"custom_model_data":888520}, "model": "item/shadows/bobbit_worm"},

    {"predicate": {"custom_model_data":888521}, "model": "item/shadows/fae4"},
    {"predicate": {"custom_model_data":888522}, "model": "item/shadows/fae5"},
    {"predicate": {"custom_model_data":888523}, "model": "item/shadows/fae6"},
    {"predicate": {"custom_model_data":888524}, "model": "item/shadows/fae7"},
    {"predicate": {"custom_model_data":888525}, "model": "item/shadows/fae8"},
    {"predicate": {"custom_model_data":888526}, "model": "item/shadows/fae9"},
    {"predicate": {"custom_model_data":888527}, "model": "item/shadows/fae10"},

    {"predicate": {"custom_model_data":888528}, "model": "item/shadows/crofter"}
    ]
   }