{
    "parent": "minecraft:item/generated",
    "textures": {
        "layer0": "minecraft:item/birch_sign"
    },
    "overrides": [
        {
            "predicate": {
                "custom_model_data": 1
            },
            "model": "gm4:item/trapped_signs/trapped_birch_sign"
        },
        {
            "predicate": {
                "custom_model_data": 2
            },
            "model": "gm4:item/trapped_signs/secret_trapped_birch_sign"
        },
        {
            "predicate": {
                "custom_model_data": 3
            },
            "model": "minecraft:item/birch_sign"
        },
        {
            "predicate": {
                "custom_model_data": 3420001
            },
            "model": "gm4:item/trapped_signs/trapped_birch_sign"
        },
        {
            "predicate": {
                "custom_model_data": 3420002
            },
            "model": "gm4:item/trapped_signs/secret_trapped_birch_sign"
        },
        {
            "predicate": {
                "custom_model_data": 3420003
            },
            "model": "minecraft:item/birch_sign"
        }
    ]
}
