{
    "parent": "minecraft:block/birch_stairs",
    "overrides": [
        {
            "predicate": {
                "custom_model_data": 1
            },
            "model": "gm4:gui/advancements/icon/chairs/chairs_creation"
        },
        {
            "predicate": {
                "custom_model_data": 2
            },
            "model": "minecraft:item/birch_stairs"
        },
        {
            "predicate": {
                "custom_model_data": 3420001
            },
            "model": "gm4:gui/advancements/icon/chairs/chairs_creation"
        },
        {
            "predicate": {
                "custom_model_data": 3420002
            },
            "model": "minecraft:item/birch_stairs"
        }
    ]
}
