{
    "parent": "minecraft:block/brown_stained_glass",
    "overrides": [
        {
            "predicate": {
                "custom_model_data": 1
            },
            "model": "gm4:gui/advancements/icon/soul_glass/soul_glass"
        },
        {
            "predicate": {
                "custom_model_data": 2
            },
            "model": "gm4:gui/advancements/icon/guidebook/soul_glass"
        },
        {
            "predicate": {
                "custom_model_data": 3
            },
            "model": "minecraft:item/brown_stained_glass"
        },
        {
            "predicate": {
                "custom_model_data": 3420001
            },
            "model": "gm4:gui/advancements/icon/soul_glass/soul_glass"
        },
        {
            "predicate": {
                "custom_model_data": 3420002
            },
            "model": "gm4:gui/advancements/icon/guidebook/soul_glass"
        },
        {
            "predicate": {
                "custom_model_data": 3420003
            },
            "model": "minecraft:item/brown_stained_glass"
        }
    ]
}
