{
  "parent": "minecraft:item/handheld_rod",
  "textures": {
    "layer0": "minecraft:item/carrot_on_a_stick"
  },
  "overrides": [
    {
      "predicate": {
        "custom_model_data": 124
      },
      "model": "gm4:item/metallurgy/shamir/curies_bismium/carrot_on_a_stick"
    },
    {
      "predicate": {
        "custom_model_data": 125
      },
      "model": "minecraft:item/carrot_on_a_stick"
    },
    {
      "predicate": {
        "custom_model_data": 51001
      },
      "model": "1_splatus:item/wand"
    },
    {
      "predicate": {
        "custom_model_data": 3420124
      },
      "model": "gm4:item/metallurgy/shamir/curies_bismium/carrot_on_a_stick"
    },
    {
      "predicate": {
        "custom_model_data": 3420125
      },
      "model": "minecraft:item/carrot_on_a_stick"
    }
  ]
}
