{
    "parent": "minecraft:block/carved_pumpkin",
    "overrides": [
        {
            "predicate": {
                "custom_model_data": 1
            },
            "model": "gm4:gui/advancements/icon/guidebook/menacing_goblins"
        },
        {
            "predicate": {
                "custom_model_data": 2
            },
            "model": "minecraft:item/carved_pumpkin"
        },
        {
            "predicate": {
                "custom_model_data": 3420001
            },
            "model": "gm4:gui/advancements/icon/guidebook/menacing_goblins"
        },
        {
            "predicate": {
                "custom_model_data": 3420002
            },
            "model": "minecraft:item/carved_pumpkin"
        }
    ]
}
