{
    "parent": "minecraft:item/generated",
    "textures": {
        "layer0": "minecraft:item/cauldron"
    },
    "overrides": [
        {
            "predicate": {
                "custom_model_data": 1
            },
            "model": "gm4:gui/advancements/icon/zauber_cauldrons/zauber_cauldrons_create"
        },
        {
            "predicate": {
                "custom_model_data": 2
            },
            "model": "gm4:gui/advancements/icon/guidebook/zauber_cauldrons"
        },
        {
            "predicate": {
                "custom_model_data": 3
            },
            "model": "minecraft:item/cauldron"
        },
        {
            "predicate": {
                "custom_model_data": 3420001
            },
            "model": "gm4:gui/advancements/icon/zauber_cauldrons/zauber_cauldrons_create"
        },
        {
            "predicate": {
                "custom_model_data": 3420002
            },
            "model": "gm4:gui/advancements/icon/guidebook/zauber_cauldrons"
        },
        {
            "predicate": {
                "custom_model_data": 3420003
            },
            "model": "minecraft:item/cauldron"
        }
    ]
}
