{
  "parent": "minecraft:item/generated",
  "textures": {
    "layer0": "minecraft:item/chorus_fruit"
  },
  "overrides": [
    {
      "predicate": {
        "custom_model_data": 1
      },
      "model": "gm4:gui/advancements/icon/zauber_cauldrons/zauber_cauldrons_wormhole"
    },
    {
      "predicate": {
        "custom_model_data": 2
      },
      "model": "minecraft:item/chorus_fruit"
    },
    {
      "predicate": {
        "custom_model_data": 90000.0
      },
      "model": "stellarity:item/golden_chorus_fruit"
    },
    {
      "predicate": {
        "custom_model_data": 90001
      },
      "model": "stellarity:item/perm_buff/chaos_fruit"
    },
    {
      "predicate": {
        "custom_model_data": 3420001
      },
      "model": "gm4:gui/advancements/icon/zauber_cauldrons/zauber_cauldrons_wormhole"
    },
    {
      "predicate": {
        "custom_model_data": 3420002
      },
      "model": "minecraft:item/chorus_fruit"
    }
  ]
}
