{
    "parent": "minecraft:block/coarse_dirt",
    "overrides": [
        {
            "predicate": {
                "custom_model_data": 1
            },
            "model": "gm4:gui/advancements/icon/desire_lines/desire_lines_10000"
        },
        {
            "predicate": {
                "custom_model_data": 2
            },
            "model": "gm4:gui/advancements/icon/guidebook/desire_lines"
        },
        {
            "predicate": {
                "custom_model_data": 3
            },
            "model": "minecraft:item/coarse_dirt"
        },
        {
            "predicate": {
                "custom_model_data": 3420001
            },
            "model": "gm4:gui/advancements/icon/desire_lines/desire_lines_10000"
        },
        {
            "predicate": {
                "custom_model_data": 3420002
            },
            "model": "gm4:gui/advancements/icon/guidebook/desire_lines"
        },
        {
            "predicate": {
                "custom_model_data": 3420003
            },
            "model": "minecraft:item/coarse_dirt"
        }
    ]
}
