{
    "parent": "item/generated",
    "textures": {
        "layer0": "item/cod"
    },
    "display": {
        "head": {
            "rotation": [
                0,
                90,
                -60
            ],
            "translation": [
                -7,
                -4,
                -7
            ],
            "scale": [
                0.8,
                0.8,
                0.8
            ]
        }
    },
    "overrides": [
        {
            "predicate": {
                "custom_model_data": 1
            },
            "model": "gm4:gui/advancements/icon/guidebook/live_catch"
        },
        {
            "predicate": {
                "custom_model_data": 2
            },
            "model": "minecraft:item/cod"
        },
        {
            "predicate": {
                "custom_model_data": 3420001
            },
            "model": "gm4:gui/advancements/icon/guidebook/live_catch"
        },
        {
            "predicate": {
                "custom_model_data": 3420002
            },
            "model": "minecraft:item/cod"
        }
    ]
}
