{
  "parent": "item/generated",
  "textures": {
    "layer0": "item/crossbow_standby"
  },
  "display": {
    "thirdperson_righthand": {
      "rotation": [
        -90,
        0,
        -60
      ],
      "translation": [
        2,
        0.1,
        -3
      ],
      "scale": [
        0.9,
        0.9,
        0.9
      ]
    },
    "thirdperson_lefthand": {
      "rotation": [
        -90,
        0,
        30
      ],
      "translation": [
        2,
        0.1,
        -3
      ],
      "scale": [
        0.9,
        0.9,
        0.9
      ]
    },
    "firstperson_righthand": {
      "rotation": [
        -90,
        0,
        -55
      ],
      "translation": [
        1.13,
        3.2,
        1.13
      ],
      "scale": [
        0.68,
        0.68,
        0.68
      ]
    },
    "firstperson_lefthand": {
      "rotation": [
        -90,
        0,
        35
      ],
      "translation": [
        1.13,
        3.2,
        1.13
      ],
      "scale": [
        0.68,
        0.68,
        0.68
      ]
    }
  },
  "overrides": [
    {
      "predicate": {
        "pulling": 1
      },
      "model": "item/crossbow_pulling_0"
    },
    {
      "predicate": {
        "pulling": 1,
        "pull": 0.58
      },
      "model": "item/crossbow_pulling_1"
    },
    {
      "predicate": {
        "pulling": 1,
        "pull": 1.0
      },
      "model": "item/crossbow_pulling_2"
    },
    {
      "predicate": {
        "charged": 1
      },
      "model": "item/crossbow_arrow"
    },
    {
      "predicate": {
        "charged": 1,
        "firework": 1
      },
      "model": "item/crossbow_firework"
    },
    {
      "predicate": {
        "custom_model_data": 1
      },
      "model": "gm4:item/sky_dimension/crossbow_1"
    },
    {
      "predicate": {
        "custom_model_data": 1,
        "pulling": 1
      },
      "model": "gm4:item/sky_dimension/crossbow_pulling_0_1"
    },
    {
      "predicate": {
        "custom_model_data": 1,
        "pulling": 1,
        "pull": 0.58
      },
      "model": "gm4:item/sky_dimension/crossbow_pulling_1_1"
    },
    {
      "predicate": {
        "custom_model_data": 1,
        "pulling": 1,
        "pull": 1.0
      },
      "model": "gm4:item/sky_dimension/crossbow_pulling_2_1"
    },
    {
      "predicate": {
        "custom_model_data": 1,
        "charged": 1
      },
      "model": "gm4:item/sky_dimension/crossbow_arrow_1"
    },
    {
      "predicate": {
        "custom_model_data": 1,
        "charged": 1,
        "firework": 1
      },
      "model": "gm4:item/sky_dimension/crossbow_firework_1"
    },
    {
      "predicate": {
        "custom_model_data": 2
      },
      "model": "gm4:item/sky_dimension/crossbow_2"
    },
    {
      "predicate": {
        "custom_model_data": 2,
        "pulling": 1
      },
      "model": "gm4:item/sky_dimension/crossbow_pulling_0_2"
    },
    {
      "predicate": {
        "custom_model_data": 2,
        "pulling": 1,
        "pull": 0.58
      },
      "model": "gm4:item/sky_dimension/crossbow_pulling_1_2"
    },
    {
      "predicate": {
        "custom_model_data": 2,
        "pulling": 1,
        "pull": 1.0
      },
      "model": "gm4:item/sky_dimension/crossbow_pulling_2_2"
    },
    {
      "predicate": {
        "custom_model_data": 2,
        "charged": 1
      },
      "model": "gm4:item/sky_dimension/crossbow_arrow_2"
    },
    {
      "predicate": {
        "custom_model_data": 2,
        "charged": 1,
        "firework": 1
      },
      "model": "gm4:item/sky_dimension/crossbow_firework_2"
    },
    {
      "predicate": {
        "custom_model_data": 3
      },
      "model": "gm4:item/sky_dimension/crossbow_3"
    },
    {
      "predicate": {
        "custom_model_data": 3,
        "pulling": 1
      },
      "model": "gm4:item/sky_dimension/crossbow_pulling_0_3"
    },
    {
      "predicate": {
        "custom_model_data": 3,
        "pulling": 1,
        "pull": 0.58
      },
      "model": "gm4:item/sky_dimension/crossbow_pulling_1_3"
    },
    {
      "predicate": {
        "custom_model_data": 3,
        "pulling": 1,
        "pull": 1.0
      },
      "model": "gm4:item/sky_dimension/crossbow_pulling_2_3"
    },
    {
      "predicate": {
        "custom_model_data": 3,
        "charged": 1
      },
      "model": "gm4:item/sky_dimension/crossbow_arrow_3"
    },
    {
      "predicate": {
        "custom_model_data": 3,
        "charged": 1,
        "firework": 1
      },
      "model": "gm4:item/sky_dimension/crossbow_firework_3"
    },
    {
      "predicate": {
        "custom_model_data": 4
      },
      "model": "gm4:item/sky_dimension/crossbow_4"
    },
    {
      "predicate": {
        "custom_model_data": 4,
        "pulling": 1
      },
      "model": "gm4:item/sky_dimension/crossbow_pulling_0_4"
    },
    {
      "predicate": {
        "custom_model_data": 4,
        "pulling": 1,
        "pull": 0.58
      },
      "model": "gm4:item/sky_dimension/crossbow_pulling_1_4"
    },
    {
      "predicate": {
        "custom_model_data": 4,
        "pulling": 1,
        "pull": 1.0
      },
      "model": "gm4:item/sky_dimension/crossbow_pulling_2_4"
    },
    {
      "predicate": {
        "custom_model_data": 4,
        "charged": 1
      },
      "model": "gm4:item/sky_dimension/crossbow_arrow_4"
    },
    {
      "predicate": {
        "custom_model_data": 4,
        "charged": 1,
        "firework": 1
      },
      "model": "gm4:item/sky_dimension/crossbow_firework_4"
    },
    {
      "predicate": {
        "custom_model_data": 5
      },
      "model": "gm4:gui/advancements/icon/guidebook/crossbow_cartridges"
    },
    {
      "predicate": {
        "custom_model_data": 6
      },
      "model": "minecraft:item/crossbow"
    },
    {
      "predicate": {
        "custom_model_data": 6,
        "pulling": 1
      },
      "model": "minecraft:item/crossbow_pulling_0"
    },
    {
      "predicate": {
        "custom_model_data": 6,
        "pulling": 1,
        "pull": 0.58
      },
      "model": "minecraft:item/crossbow_pulling_1"
    },
    {
      "predicate": {
        "custom_model_data": 6,
        "pulling": 1,
        "pull": 1.0
      },
      "model": "minecraft:item/crossbow_pulling_2"
    },
    {
      "predicate": {
        "custom_model_data": 6,
        "charged": 1
      },
      "model": "minecraft:item/crossbow_arrow"
    },
    {
      "predicate": {
        "custom_model_data": 6,
        "charged": 1,
        "firework": 1
      },
      "model": "minecraft:item/crossbow_firework"
    },
    {
      "predicate": {
        "custom_model_data": 124
      },
      "model": "gm4:item/metallurgy/shamir/curies_bismium/crossbow"
    },
    {
      "predicate": {
        "custom_model_data": 124,
        "pulling": 1
      },
      "model": "gm4:item/metallurgy/shamir/curies_bismium/crossbow_pulling_0"
    },
    {
      "predicate": {
        "custom_model_data": 124,
        "pulling": 1,
        "pull": 0.58
      },
      "model": "gm4:item/metallurgy/shamir/curies_bismium/crossbow_pulling_1"
    },
    {
      "predicate": {
        "custom_model_data": 124,
        "pulling": 1,
        "pull": 1.0
      },
      "model": "gm4:item/metallurgy/shamir/curies_bismium/crossbow_pulling_2"
    },
    {
      "predicate": {
        "custom_model_data": 124,
        "charged": 1
      },
      "model": "gm4:item/metallurgy/shamir/curies_bismium/crossbow_arrow"
    },
    {
      "predicate": {
        "custom_model_data": 124,
        "charged": 1,
        "firework": 1
      },
      "model": "gm4:item/metallurgy/shamir/curies_bismium/crossbow_firework"
    },
    {
      "predicate": {
        "custom_model_data": 125
      },
      "model": "minecraft:item/crossbow"
    },
    {
      "predicate": {
        "custom_model_data": 125,
        "pulling": 1
      },
      "model": "minecraft:item/crossbow_pulling_0"
    },
    {
      "predicate": {
        "custom_model_data": 125,
        "pulling": 1,
        "pull": 0.58
      },
      "model": "minecraft:item/crossbow_pulling_1"
    },
    {
      "predicate": {
        "custom_model_data": 125,
        "pulling": 1,
        "pull": 1.0
      },
      "model": "minecraft:item/crossbow_pulling_2"
    },
    {
      "predicate": {
        "custom_model_data": 125,
        "charged": 1
      },
      "model": "minecraft:item/crossbow_arrow"
    },
    {
      "predicate": {
        "custom_model_data": 125,
        "charged": 1,
        "firework": 1
      },
      "model": "minecraft:item/crossbow_firework"
    },
    {
      "predicate": {
        "custom_model_data": 47030
      },
      "model": "1_splatus:item/chainfiring_resting"
    },
    {
      "predicate": {
        "custom_model_data": 47030,
        "pulling": 1
      },
      "model": "1_splatus:item/chainfiring_pulling_0"
    },
    {
      "predicate": {
        "custom_model_data": 47030,
        "pulling": 1,
        "pull": 0.58
      },
      "model": "1_splatus:item/chainfiring_pulling_1"
    },
    {
      "predicate": {
        "custom_model_data": 47030,
        "pulling": 1,
        "pull": 1.0
      },
      "model": "1_splatus:item/chainfiring_pulling_2"
    },
    {
      "predicate": {
        "custom_model_data": 47030,
        "charged": 1
      },
      "model": "1_splatus:item/chainfiring_arrow"
    },
    {
      "predicate": {
        "custom_model_data": 47030,
        "charged": 1,
        "firework": 1
      },
      "model": "1_splatus:item/chainfiring_firework"
    },
    {
      "predicate": {
        "custom_model_data": 47033
      },
      "model": "1_splatus:item/warped_resting"
    },
    {
      "predicate": {
        "custom_model_data": 47033,
        "pulling": 1
      },
      "model": "1_splatus:item/warped_pulling_0"
    },
    {
      "predicate": {
        "custom_model_data": 47033,
        "pulling": 1,
        "pull": 0.58
      },
      "model": "1_splatus:item/warped_pulling_1"
    },
    {
      "predicate": {
        "custom_model_data": 47033,
        "pulling": 1,
        "pull": 1.0
      },
      "model": "1_splatus:item/warped_pulling_2"
    },
    {
      "predicate": {
        "custom_model_data": 47033,
        "charged": 1
      },
      "model": "1_splatus:item/warped_arrow"
    },
    {
      "predicate": {
        "custom_model_data": 47033,
        "charged": 1,
        "firework": 1
      },
      "model": "1_splatus:item/warped_firework"
    },
    {
      "predicate": {
        "custom_model_data": 90000.0
      },
      "model": "stellarity:item/clockwork_crossbow/standby"
    },
    {
      "predicate": {
        "pulling": 1,
        "custom_model_data": 90000.0
      },
      "model": "stellarity:item/clockwork_crossbow/pulling_0"
    },
    {
      "predicate": {
        "pulling": 1,
        "pull": 0.58,
        "custom_model_data": 90000.0
      },
      "model": "stellarity:item/clockwork_crossbow/pulling_1"
    },
    {
      "predicate": {
        "pulling": 1,
        "pull": 1,
        "custom_model_data": 90000.0
      },
      "model": "stellarity:item/clockwork_crossbow/pulling_2"
    },
    {
      "predicate": {
        "charged": 1,
        "custom_model_data": 90000.0
      },
      "model": "stellarity:item/clockwork_crossbow/arrow"
    },
    {
      "predicate": {
        "charged": 1,
        "firework": 1,
        "custom_model_data": 90000.0
      },
      "model": "stellarity:item/clockwork_crossbow/firework"
    },
    {
      "predicate": {
        "custom_model_data": 90001
      },
      "model": "stellarity:item/prismatic_punch/standby"
    },
    {
      "predicate": {
        "pulling": 1,
        "custom_model_data": 90001
      },
      "model": "stellarity:item/prismatic_punch/pulling_0"
    },
    {
      "predicate": {
        "pulling": 1,
        "pull": 0.58,
        "custom_model_data": 90001
      },
      "model": "stellarity:item/prismatic_punch/pulling_1"
    },
    {
      "predicate": {
        "pulling": 1,
        "pull": 1,
        "custom_model_data": 90001
      },
      "model": "stellarity:item/prismatic_punch/pulling_2"
    },
    {
      "predicate": {
        "charged": 1,
        "custom_model_data": 90001
      },
      "model": "stellarity:item/prismatic_punch/loaded"
    },
    {
      "predicate": {
        "charged": 1,
        "firework": 1,
        "custom_model_data": 90001
      },
      "model": "stellarity:item/prismatic_punch/loaded"
    },
    {
      "predicate": {
        "custom_model_data": 1450100
      },
      "model": "incendium:item/patron/holy_wrath"
    },
    {
      "predicate": {
        "custom_model_data": 1450100,
        "pulling": 1
      },
      "model": "incendium:item/patron/holy_wrath/pulling_0"
    },
    {
      "predicate": {
        "custom_model_data": 1450100,
        "pulling": 1,
        "pull": 0.58
      },
      "model": "incendium:item/patron/holy_wrath/pulling_1"
    },
    {
      "predicate": {
        "custom_model_data": 1450100,
        "pulling": 1,
        "pull": 1.0
      },
      "model": "incendium:item/patron/holy_wrath/pulling_2"
    },
    {
      "predicate": {
        "custom_model_data": 1450100,
        "charged": 1
      },
      "model": "incendium:item/patron/holy_wrath/arrow"
    },
    {
      "predicate": {
        "custom_model_data": 1450100,
        "charged": 1,
        "firework": 1
      },
      "model": "incendium:item/patron/holy_wrath/firework"
    },
    {
      "predicate": {
        "custom_model_data": 1450101
      },
      "model": "incendium:item/firestorm"
    },
    {
      "predicate": {
        "custom_model_data": 1450101,
        "pulling": 1
      },
      "model": "incendium:item/firestorm/pulling_0"
    },
    {
      "predicate": {
        "custom_model_data": 1450101,
        "pulling": 1,
        "pull": 0.58
      },
      "model": "incendium:item/firestorm/pulling_1"
    },
    {
      "predicate": {
        "custom_model_data": 1450101,
        "pulling": 1,
        "pull": 1.0
      },
      "model": "incendium:item/firestorm/pulling_2"
    },
    {
      "predicate": {
        "custom_model_data": 1450101,
        "charged": 1
      },
      "model": "incendium:item/firestorm/arrow"
    },
    {
      "predicate": {
        "custom_model_data": 1450101,
        "charged": 1,
        "firework": 1
      },
      "model": "incendium:item/firestorm/firework"
    },
    {
      "predicate": {
        "custom_model_data": 1450102
      },
      "model": "incendium:item/multiplex"
    },
    {
      "predicate": {
        "custom_model_data": 1450102,
        "pulling": 1
      },
      "model": "incendium:item/multiplex/pulling_0"
    },
    {
      "predicate": {
        "custom_model_data": 1450102,
        "pulling": 1,
        "pull": 0.58
      },
      "model": "incendium:item/multiplex/pulling_1"
    },
    {
      "predicate": {
        "custom_model_data": 1450102,
        "pulling": 1,
        "pull": 1.0
      },
      "model": "incendium:item/multiplex/pulling_2"
    },
    {
      "predicate": {
        "custom_model_data": 1450102,
        "charged": 1
      },
      "model": "incendium:item/multiplex/arrow"
    },
    {
      "predicate": {
        "custom_model_data": 1450102,
        "charged": 1,
        "firework": 1
      },
      "model": "incendium:item/multiplex/firework"
    },
    {
      "predicate": {
        "custom_model_data": 1450103
      },
      "model": "incendium:item/sentrys_wrath"
    },
    {
      "predicate": {
        "custom_model_data": 1450103,
        "pulling": 1
      },
      "model": "incendium:item/sentrys_wrath/pulling_0"
    },
    {
      "predicate": {
        "custom_model_data": 1450103,
        "pulling": 1,
        "pull": 0.58
      },
      "model": "incendium:item/sentrys_wrath/pulling_1"
    },
    {
      "predicate": {
        "custom_model_data": 1450103,
        "pulling": 1,
        "pull": 1.0
      },
      "model": "incendium:item/sentrys_wrath/pulling_2"
    },
    {
      "predicate": {
        "custom_model_data": 1450103,
        "charged": 1
      },
      "model": "incendium:item/sentrys_wrath/arrow"
    },
    {
      "predicate": {
        "custom_model_data": 1450103,
        "charged": 1,
        "firework": 1
      },
      "model": "incendium:item/sentrys_wrath/firework"
    },
    {
      "predicate": {
        "custom_model_data": 3420001
      },
      "model": "gm4:item/sky_dimension/crossbow_1"
    },
    {
      "predicate": {
        "custom_model_data": 3420001,
        "pulling": 1
      },
      "model": "gm4:item/sky_dimension/crossbow_pulling_0_1"
    },
    {
      "predicate": {
        "custom_model_data": 3420001,
        "pulling": 1,
        "pull": 0.58
      },
      "model": "gm4:item/sky_dimension/crossbow_pulling_1_1"
    },
    {
      "predicate": {
        "custom_model_data": 3420001,
        "pulling": 1,
        "pull": 1.0
      },
      "model": "gm4:item/sky_dimension/crossbow_pulling_2_1"
    },
    {
      "predicate": {
        "custom_model_data": 3420001,
        "charged": 1
      },
      "model": "gm4:item/sky_dimension/crossbow_arrow_1"
    },
    {
      "predicate": {
        "custom_model_data": 3420001,
        "charged": 1,
        "firework": 1
      },
      "model": "gm4:item/sky_dimension/crossbow_firework_1"
    },
    {
      "predicate": {
        "custom_model_data": 3420002
      },
      "model": "gm4:item/sky_dimension/crossbow_2"
    },
    {
      "predicate": {
        "custom_model_data": 3420002,
        "pulling": 1
      },
      "model": "gm4:item/sky_dimension/crossbow_pulling_0_2"
    },
    {
      "predicate": {
        "custom_model_data": 3420002,
        "pulling": 1,
        "pull": 0.58
      },
      "model": "gm4:item/sky_dimension/crossbow_pulling_1_2"
    },
    {
      "predicate": {
        "custom_model_data": 3420002,
        "pulling": 1,
        "pull": 1.0
      },
      "model": "gm4:item/sky_dimension/crossbow_pulling_2_2"
    },
    {
      "predicate": {
        "custom_model_data": 3420002,
        "charged": 1
      },
      "model": "gm4:item/sky_dimension/crossbow_arrow_2"
    },
    {
      "predicate": {
        "custom_model_data": 3420002,
        "charged": 1,
        "firework": 1
      },
      "model": "gm4:item/sky_dimension/crossbow_firework_2"
    },
    {
      "predicate": {
        "custom_model_data": 3420003
      },
      "model": "gm4:item/sky_dimension/crossbow_3"
    },
    {
      "predicate": {
        "custom_model_data": 3420003,
        "pulling": 1
      },
      "model": "gm4:item/sky_dimension/crossbow_pulling_0_3"
    },
    {
      "predicate": {
        "custom_model_data": 3420003,
        "pulling": 1,
        "pull": 0.58
      },
      "model": "gm4:item/sky_dimension/crossbow_pulling_1_3"
    },
    {
      "predicate": {
        "custom_model_data": 3420003,
        "pulling": 1,
        "pull": 1.0
      },
      "model": "gm4:item/sky_dimension/crossbow_pulling_2_3"
    },
    {
      "predicate": {
        "custom_model_data": 3420003,
        "charged": 1
      },
      "model": "gm4:item/sky_dimension/crossbow_arrow_3"
    },
    {
      "predicate": {
        "custom_model_data": 3420003,
        "charged": 1,
        "firework": 1
      },
      "model": "gm4:item/sky_dimension/crossbow_firework_3"
    },
    {
      "predicate": {
        "custom_model_data": 3420004
      },
      "model": "gm4:item/sky_dimension/crossbow_4"
    },
    {
      "predicate": {
        "custom_model_data": 3420004,
        "pulling": 1
      },
      "model": "gm4:item/sky_dimension/crossbow_pulling_0_4"
    },
    {
      "predicate": {
        "custom_model_data": 3420004,
        "pulling": 1,
        "pull": 0.58
      },
      "model": "gm4:item/sky_dimension/crossbow_pulling_1_4"
    },
    {
      "predicate": {
        "custom_model_data": 3420004,
        "pulling": 1,
        "pull": 1.0
      },
      "model": "gm4:item/sky_dimension/crossbow_pulling_2_4"
    },
    {
      "predicate": {
        "custom_model_data": 3420004,
        "charged": 1
      },
      "model": "gm4:item/sky_dimension/crossbow_arrow_4"
    },
    {
      "predicate": {
        "custom_model_data": 3420004,
        "charged": 1,
        "firework": 1
      },
      "model": "gm4:item/sky_dimension/crossbow_firework_4"
    },
    {
      "predicate": {
        "custom_model_data": 3420005
      },
      "model": "gm4:gui/advancements/icon/guidebook/crossbow_cartridges"
    },
    {
      "predicate": {
        "custom_model_data": 3420006
      },
      "model": "minecraft:item/crossbow"
    },
    {
      "predicate": {
        "custom_model_data": 3420006,
        "pulling": 1
      },
      "model": "minecraft:item/crossbow_pulling_0"
    },
    {
      "predicate": {
        "custom_model_data": 3420006,
        "pulling": 1,
        "pull": 0.58
      },
      "model": "minecraft:item/crossbow_pulling_1"
    },
    {
      "predicate": {
        "custom_model_data": 3420006,
        "pulling": 1,
        "pull": 1.0
      },
      "model": "minecraft:item/crossbow_pulling_2"
    },
    {
      "predicate": {
        "custom_model_data": 3420006,
        "charged": 1
      },
      "model": "minecraft:item/crossbow_arrow"
    },
    {
      "predicate": {
        "custom_model_data": 3420006,
        "charged": 1,
        "firework": 1
      },
      "model": "minecraft:item/crossbow_firework"
    },
    {
      "predicate": {
        "custom_model_data": 3420124
      },
      "model": "gm4:item/metallurgy/shamir/curies_bismium/crossbow"
    },
    {
      "predicate": {
        "custom_model_data": 3420124,
        "pulling": 1
      },
      "model": "gm4:item/metallurgy/shamir/curies_bismium/crossbow_pulling_0"
    },
    {
      "predicate": {
        "custom_model_data": 3420124,
        "pulling": 1,
        "pull": 0.58
      },
      "model": "gm4:item/metallurgy/shamir/curies_bismium/crossbow_pulling_1"
    },
    {
      "predicate": {
        "custom_model_data": 3420124,
        "pulling": 1,
        "pull": 1.0
      },
      "model": "gm4:item/metallurgy/shamir/curies_bismium/crossbow_pulling_2"
    },
    {
      "predicate": {
        "custom_model_data": 3420124,
        "charged": 1
      },
      "model": "gm4:item/metallurgy/shamir/curies_bismium/crossbow_arrow"
    },
    {
      "predicate": {
        "custom_model_data": 3420124,
        "charged": 1,
        "firework": 1
      },
      "model": "gm4:item/metallurgy/shamir/curies_bismium/crossbow_firework"
    },
    {
      "predicate": {
        "custom_model_data": 3420125
      },
      "model": "minecraft:item/crossbow"
    },
    {
      "predicate": {
        "custom_model_data": 3420125,
        "pulling": 1
      },
      "model": "minecraft:item/crossbow_pulling_0"
    },
    {
      "predicate": {
        "custom_model_data": 3420125,
        "pulling": 1,
        "pull": 0.58
      },
      "model": "minecraft:item/crossbow_pulling_1"
    },
    {
      "predicate": {
        "custom_model_data": 3420125,
        "pulling": 1,
        "pull": 1.0
      },
      "model": "minecraft:item/crossbow_pulling_2"
    },
    {
      "predicate": {
        "custom_model_data": 3420125,
        "charged": 1
      },
      "model": "minecraft:item/crossbow_arrow"
    },
    {
      "predicate": {
        "custom_model_data": 3420125,
        "charged": 1,
        "firework": 1
      },
      "model": "minecraft:item/crossbow_firework"
    }
  ]
}
