{
  "parent": "minecraft:item/handheld",
  "textures": {
    "layer0": "minecraft:item/diamond_sword"
  },
  "overrides": [
    {
      "predicate": {
        "custom_model_data": 1
      },
      "model": "gm4:gui/advancements/icon/end_fishing/end_fishing_swords"
    },
    {
      "predicate": {
        "custom_model_data": 2
      },
      "model": "gm4:item/sky_dimension/diamond_sword_2"
    },
    {
      "predicate": {
        "custom_model_data": 3
      },
      "model": "gm4:item/sky_dimension/diamond_sword_3"
    },
    {
      "predicate": {
        "custom_model_data": 4
      },
      "model": "minecraft:item/diamond_sword"
    },
    {
      "predicate": {
        "custom_model_data": 10
      },
      "model": "gm4:item/end_fishing/swords/diamond_sword_10"
    },
    {
      "predicate": {
        "custom_model_data": 11
      },
      "model": "gm4:item/end_fishing/swords/diamond_sword_11"
    },
    {
      "predicate": {
        "custom_model_data": 12
      },
      "model": "gm4:item/end_fishing/swords/diamond_sword_12"
    },
    {
      "predicate": {
        "custom_model_data": 13
      },
      "model": "gm4:item/end_fishing/swords/diamond_sword_13"
    },
    {
      "predicate": {
        "custom_model_data": 14
      },
      "model": "gm4:item/end_fishing/swords/diamond_sword_14"
    },
    {
      "predicate": {
        "custom_model_data": 15
      },
      "model": "gm4:item/end_fishing/swords/diamond_sword_15"
    },
    {
      "predicate": {
        "custom_model_data": 16
      },
      "model": "gm4:item/end_fishing/swords/diamond_sword_16"
    },
    {
      "predicate": {
        "custom_model_data": 17
      },
      "model": "gm4:item/end_fishing/swords/diamond_sword_17"
    },
    {
      "predicate": {
        "custom_model_data": 18
      },
      "model": "gm4:item/end_fishing/swords/diamond_sword_18"
    },
    {
      "predicate": {
        "custom_model_data": 19
      },
      "model": "gm4:item/end_fishing/swords/diamond_sword_19"
    },
    {
      "predicate": {
        "custom_model_data": 20
      },
      "model": "gm4:item/end_fishing/swords/diamond_sword_20"
    },
    {
      "predicate": {
        "custom_model_data": 21
      },
      "model": "gm4:item/end_fishing/swords/diamond_sword_21"
    },
    {
      "predicate": {
        "custom_model_data": 22
      },
      "model": "gm4:item/end_fishing/swords/diamond_sword_22"
    },
    {
      "predicate": {
        "custom_model_data": 23
      },
      "model": "gm4:item/end_fishing/swords/diamond_sword_23"
    },
    {
      "predicate": {
        "custom_model_data": 24
      },
      "model": "gm4:item/end_fishing/swords/diamond_sword_24"
    },
    {
      "predicate": {
        "custom_model_data": 25
      },
      "model": "gm4:item/end_fishing/swords/diamond_sword_25"
    },
    {
      "predicate": {
        "custom_model_data": 26
      },
      "model": "gm4:item/end_fishing/swords/diamond_sword_26"
    },
    {
      "predicate": {
        "custom_model_data": 27
      },
      "model": "gm4:item/end_fishing/swords/diamond_sword_27"
    },
    {
      "predicate": {
        "custom_model_data": 28
      },
      "model": "gm4:item/end_fishing/swords/diamond_sword_28"
    },
    {
      "predicate": {
        "custom_model_data": 29
      },
      "model": "gm4:item/end_fishing/swords/diamond_sword_29"
    },
    {
      "predicate": {
        "custom_model_data": 30
      },
      "model": "gm4:item/sky_dimension/diamond_sword_30"
    },
    {
      "predicate": {
        "custom_model_data": 31
      },
      "model": "gm4:item/sky_dimension/diamond_sword_31"
    },
    {
      "predicate": {
        "custom_model_data": 32
      },
      "model": "minecraft:item/diamond_sword"
    },
    {
      "predicate": {
        "custom_model_data": 105
      },
      "model": "gm4:item/metallurgy/shamir/thorium/diamond_sword"
    },
    {
      "predicate": {
        "custom_model_data": 106
      },
      "model": "minecraft:item/diamond_sword"
    },
    {
      "predicate": {
        "custom_model_data": 108
      },
      "model": "gm4:item/metallurgy/shamir/barimium/diamond_sword"
    },
    {
      "predicate": {
        "custom_model_data": 109
      },
      "model": "minecraft:item/diamond_sword"
    },
    {
      "predicate": {
        "custom_model_data": 110
      },
      "model": "gm4:item/metallurgy/shamir/bismuth/diamond_sword"
    },
    {
      "predicate": {
        "custom_model_data": 111
      },
      "model": "minecraft:item/diamond_sword"
    },
    {
      "predicate": {
        "custom_model_data": 116
      },
      "model": "gm4:item/metallurgy/shamir/bismuth/diamond_sword"
    },
    {
      "predicate": {
        "custom_model_data": 117
      },
      "model": "gm4:item/metallurgy/shamir/curies_bismium/diamond_sword"
    },
    {
      "predicate": {
        "custom_model_data": 118
      },
      "model": "minecraft:item/diamond_sword"
    },
    {
      "predicate": {
        "custom_model_data": 124
      },
      "model": "gm4:item/metallurgy/shamir/curies_bismium/diamond_sword"
    },
    {
      "predicate": {
        "custom_model_data": 125
      },
      "model": "minecraft:item/diamond_sword"
    },
    {
      "predicate": {
        "custom_model_data": 47001
      },
      "model": "1_splatus:item/end_excalibur"
    },
    {
      "predicate": {
        "custom_model_data": 47002
      },
      "model": "1_splatus:item/end_excalibur_ready"
    },
    {
      "predicate": {
        "custom_model_data": 47003
      },
      "model": "1_splatus:item/end_excalibur_ready_loop"
    },
    {
      "predicate": {
        "custom_model_data": 47014
      },
      "model": "1_splatus:item/windsweeper"
    },
    {
      "predicate": {
        "custom_model_data": 47015
      },
      "model": "1_splatus:item/withering_sword_v2"
    },
    {
      "predicate": {
        "custom_model_data": 47042
      },
      "model": "1_splatus:item/crucible"
    },
    {
      "predicate": {
        "custom_model_data": 47043
      },
      "model": "1_splatus:item/crucible_charged"
    },
    {
      "predicate": {
        "custom_model_data": 47046
      },
      "model": "1_splatus:item/moonlight_edge"
    },
    {
      "predicate": {
        "custom_model_data": 47047
      },
      "model": "1_splatus:item/moonlight_edge_charged"
    },
    {
      "predicate": {
        "custom_model_data": 47202
      },
      "model": "1_splatus:item/crucible2"
    },
    {
      "predicate": {
        "custom_model_data": 47203
      },
      "model": "1_splatus:item/crucible3"
    },
    {
      "predicate": {
        "custom_model_data": 47204
      },
      "model": "1_splatus:item/crucible4"
    },
    {
      "predicate": {
        "custom_model_data": 47205
      },
      "model": "1_splatus:item/crucible5"
    },
    {
      "predicate": {
        "custom_model_data": 47206
      },
      "model": "1_splatus:item/crucible6"
    },
    {
      "predicate": {
        "custom_model_data": 47207
      },
      "model": "1_splatus:item/crucible7"
    },
    {
      "predicate": {
        "custom_model_data": 47208
      },
      "model": "1_splatus:item/crucible8"
    },
    {
      "predicate": {
        "custom_model_data": 47209
      },
      "model": "1_splatus:item/crucible9"
    },
    {
      "predicate": {
        "custom_model_data": 47210
      },
      "model": "1_splatus:item/crucible10"
    },
    {
      "predicate": {
        "custom_model_data": 47211
      },
      "model": "1_splatus:item/crucible11"
    },
    {
      "predicate": {
        "custom_model_data": 47212
      },
      "model": "1_splatus:item/crucible12"
    },
    {
      "predicate": {
        "custom_model_data": 47213
      },
      "model": "1_splatus:item/crucible13"
    },
    {
      "predicate": {
        "custom_model_data": 47214
      },
      "model": "1_splatus:item/crucible14"
    },
    {
      "predicate": {
        "custom_model_data": 47215
      },
      "model": "1_splatus:item/crucible15"
    },
    {
      "predicate": {
        "custom_model_data": 47216
      },
      "model": "1_splatus:item/crucible16"
    },
    {
      "predicate": {
        "custom_model_data": 90000.0
      },
      "model": "stellarity:item/spirit_dagger"
    },
    {
      "predicate": {
        "custom_model_data": 90001
      },
      "model": "stellarity:item/frigid_harvester/base"
    },
    {
      "predicate": {
        "custom_model_data": 90002
      },
      "model": "stellarity:item/frigid_harvester/tier_1"
    },
    {
      "predicate": {
        "custom_model_data": 90003
      },
      "model": "stellarity:item/frigid_harvester/tier_2"
    },
    {
      "predicate": {
        "custom_model_data": 90004
      },
      "model": "stellarity:item/frigid_harvester/tier_3"
    },
    {
      "predicate": {
        "custom_model_data": 1450003
      },
      "model": "incendium:item/chilling"
    },
    {
      "predicate": {
        "custom_model_data": 3420001
      },
      "model": "gm4:gui/advancements/icon/end_fishing/end_fishing_swords"
    },
    {
      "predicate": {
        "custom_model_data": 3420002
      },
      "model": "gm4:item/sky_dimension/diamond_sword_2"
    },
    {
      "predicate": {
        "custom_model_data": 3420003
      },
      "model": "gm4:item/sky_dimension/diamond_sword_3"
    },
    {
      "predicate": {
        "custom_model_data": 3420004
      },
      "model": "minecraft:item/diamond_sword"
    },
    {
      "predicate": {
        "custom_model_data": 3420010
      },
      "model": "gm4:item/end_fishing/swords/diamond_sword_10"
    },
    {
      "predicate": {
        "custom_model_data": 3420011
      },
      "model": "gm4:item/end_fishing/swords/diamond_sword_11"
    },
    {
      "predicate": {
        "custom_model_data": 3420012
      },
      "model": "gm4:item/end_fishing/swords/diamond_sword_12"
    },
    {
      "predicate": {
        "custom_model_data": 3420013
      },
      "model": "gm4:item/end_fishing/swords/diamond_sword_13"
    },
    {
      "predicate": {
        "custom_model_data": 3420014
      },
      "model": "gm4:item/end_fishing/swords/diamond_sword_14"
    },
    {
      "predicate": {
        "custom_model_data": 3420015
      },
      "model": "gm4:item/end_fishing/swords/diamond_sword_15"
    },
    {
      "predicate": {
        "custom_model_data": 3420016
      },
      "model": "gm4:item/end_fishing/swords/diamond_sword_16"
    },
    {
      "predicate": {
        "custom_model_data": 3420017
      },
      "model": "gm4:item/end_fishing/swords/diamond_sword_17"
    },
    {
      "predicate": {
        "custom_model_data": 3420018
      },
      "model": "gm4:item/end_fishing/swords/diamond_sword_18"
    },
    {
      "predicate": {
        "custom_model_data": 3420019
      },
      "model": "gm4:item/end_fishing/swords/diamond_sword_19"
    },
    {
      "predicate": {
        "custom_model_data": 3420020
      },
      "model": "gm4:item/end_fishing/swords/diamond_sword_20"
    },
    {
      "predicate": {
        "custom_model_data": 3420021
      },
      "model": "gm4:item/end_fishing/swords/diamond_sword_21"
    },
    {
      "predicate": {
        "custom_model_data": 3420022
      },
      "model": "gm4:item/end_fishing/swords/diamond_sword_22"
    },
    {
      "predicate": {
        "custom_model_data": 3420023
      },
      "model": "gm4:item/end_fishing/swords/diamond_sword_23"
    },
    {
      "predicate": {
        "custom_model_data": 3420024
      },
      "model": "gm4:item/end_fishing/swords/diamond_sword_24"
    },
    {
      "predicate": {
        "custom_model_data": 3420025
      },
      "model": "gm4:item/end_fishing/swords/diamond_sword_25"
    },
    {
      "predicate": {
        "custom_model_data": 3420026
      },
      "model": "gm4:item/end_fishing/swords/diamond_sword_26"
    },
    {
      "predicate": {
        "custom_model_data": 3420027
      },
      "model": "gm4:item/end_fishing/swords/diamond_sword_27"
    },
    {
      "predicate": {
        "custom_model_data": 3420028
      },
      "model": "gm4:item/end_fishing/swords/diamond_sword_28"
    },
    {
      "predicate": {
        "custom_model_data": 3420029
      },
      "model": "gm4:item/end_fishing/swords/diamond_sword_29"
    },
    {
      "predicate": {
        "custom_model_data": 3420030
      },
      "model": "gm4:item/sky_dimension/diamond_sword_30"
    },
    {
      "predicate": {
        "custom_model_data": 3420031
      },
      "model": "gm4:item/sky_dimension/diamond_sword_31"
    },
    {
      "predicate": {
        "custom_model_data": 3420032
      },
      "model": "minecraft:item/diamond_sword"
    },
    {
      "predicate": {
        "custom_model_data": 3420105
      },
      "model": "gm4:item/metallurgy/shamir/thorium/diamond_sword"
    },
    {
      "predicate": {
        "custom_model_data": 3420106
      },
      "model": "minecraft:item/diamond_sword"
    },
    {
      "predicate": {
        "custom_model_data": 3420108
      },
      "model": "gm4:item/metallurgy/shamir/barimium/diamond_sword"
    },
    {
      "predicate": {
        "custom_model_data": 3420109
      },
      "model": "minecraft:item/diamond_sword"
    },
    {
      "predicate": {
        "custom_model_data": 3420110
      },
      "model": "gm4:item/metallurgy/shamir/bismuth/diamond_sword"
    },
    {
      "predicate": {
        "custom_model_data": 3420111
      },
      "model": "minecraft:item/diamond_sword"
    },
    {
      "predicate": {
        "custom_model_data": 3420116
      },
      "model": "gm4:item/metallurgy/shamir/bismuth/diamond_sword"
    },
    {
      "predicate": {
        "custom_model_data": 3420117
      },
      "model": "gm4:item/metallurgy/shamir/curies_bismium/diamond_sword"
    },
    {
      "predicate": {
        "custom_model_data": 3420118
      },
      "model": "minecraft:item/diamond_sword"
    },
    {
      "predicate": {
        "custom_model_data": 3420124
      },
      "model": "gm4:item/metallurgy/shamir/curies_bismium/diamond_sword"
    },
    {
      "predicate": {
        "custom_model_data": 3420125
      },
      "model": "minecraft:item/diamond_sword"
    }
  ]
}
