{
  "parent": "minecraft:item/handheld",
  "textures": {
    "layer0": "minecraft:item/diamond_sword"
  },
  "overrides": [
    {
      "predicate": {
        "custom_model_data": 47001
      },
      "model": "1_splatus:item/end_excalibur"
    },
    {
      "predicate": {
        "custom_model_data": 47002
      },
      "model": "1_splatus:item/end_excalibur_ready"
    },
    {
      "predicate": {
        "custom_model_data": 47003
      },
      "model": "1_splatus:item/end_excalibur_ready_loop"
    },
    {
      "predicate": {
        "custom_model_data": 47014
      },
      "model": "1_splatus:item/windsweeper"
    },
    {
      "predicate": {
        "custom_model_data": 47015
      },
      "model": "1_splatus:item/withering_sword_v2"
    },
    {
      "predicate": {
        "custom_model_data": 47042
      },
      "model": "1_splatus:item/crucible"
    },
    {
      "predicate": {
        "custom_model_data": 47043
      },
      "model": "1_splatus:item/crucible_charged"
    },
    {
      "predicate": {
        "custom_model_data": 47046
      },
      "model": "1_splatus:item/moonlight_edge"
    },
    {
      "predicate": {
        "custom_model_data": 47047
      },
      "model": "1_splatus:item/moonlight_edge_charged"
    },
    {
      "predicate": {
        "custom_model_data": 47202
      },
      "model": "1_splatus:item/crucible2"
    },
    {
      "predicate": {
        "custom_model_data": 47203
      },
      "model": "1_splatus:item/crucible3"
    },
    {
      "predicate": {
        "custom_model_data": 47204
      },
      "model": "1_splatus:item/crucible4"
    },
    {
      "predicate": {
        "custom_model_data": 47205
      },
      "model": "1_splatus:item/crucible5"
    },
    {
      "predicate": {
        "custom_model_data": 47206
      },
      "model": "1_splatus:item/crucible6"
    },
    {
      "predicate": {
        "custom_model_data": 47207
      },
      "model": "1_splatus:item/crucible7"
    },
    {
      "predicate": {
        "custom_model_data": 47208
      },
      "model": "1_splatus:item/crucible8"
    },
    {
      "predicate": {
        "custom_model_data": 47209
      },
      "model": "1_splatus:item/crucible9"
    },
    {
      "predicate": {
        "custom_model_data": 47210
      },
      "model": "1_splatus:item/crucible10"
    },
    {
      "predicate": {
        "custom_model_data": 47211
      },
      "model": "1_splatus:item/crucible11"
    },
    {
      "predicate": {
        "custom_model_data": 47212
      },
      "model": "1_splatus:item/crucible12"
    },
    {
      "predicate": {
        "custom_model_data": 47213
      },
      "model": "1_splatus:item/crucible13"
    },
    {
      "predicate": {
        "custom_model_data": 47214
      },
      "model": "1_splatus:item/crucible14"
    },
    {
      "predicate": {
        "custom_model_data": 47215
      },
      "model": "1_splatus:item/crucible15"
    },
    {
      "predicate": {
        "custom_model_data": 47216
      },
      "model": "1_splatus:item/crucible16"
    },
    {
      "predicate": {
        "custom_model_data": 90000.0
      },
      "model": "stellarity:item/spirit_dagger"
    },
    {
      "predicate": {
        "custom_model_data": 90001
      },
      "model": "stellarity:item/frigid_harvester/base"
    },
    {
      "predicate": {
        "custom_model_data": 90002
      },
      "model": "stellarity:item/frigid_harvester/tier_1"
    },
    {
      "predicate": {
        "custom_model_data": 90003
      },
      "model": "stellarity:item/frigid_harvester/tier_2"
    },
    {
      "predicate": {
        "custom_model_data": 90004
      },
      "model": "stellarity:item/frigid_harvester/tier_3"
    },
    {
      "predicate": {
        "custom_model_data": 1450003
      },
      "model": "incendium:item/chilling"
    }
  ]
}
