{
    "parent": "minecraft:item/handheld",
    "textures": {
        "layer0": "minecraft:item/diamond_pickaxe"
    },
    "overrides": [
        {
            "predicate": {
                "custom_model_data": 10
            },
            "model": "gm4:item/end_fishing/tools/diamond_pickaxe_10"
        },
        {
            "predicate": {
                "custom_model_data": 11
            },
            "model": "gm4:item/end_fishing/tools/diamond_pickaxe_11"
        },
        {
            "predicate": {
                "custom_model_data": 12
            },
            "model": "gm4:item/end_fishing/tools/diamond_pickaxe_12"
        },
        {
            "predicate": {
                "custom_model_data": 13
            },
            "model": "gm4:item/end_fishing/tools/diamond_pickaxe_13"
        },
        {
            "predicate": {
                "custom_model_data": 14
            },
            "model": "gm4:item/end_fishing/tools/diamond_pickaxe_14"
        },
        {
            "predicate": {
                "custom_model_data": 15
            },
            "model": "gm4:item/end_fishing/tools/diamond_pickaxe_15"
        },
        {
            "predicate": {
                "custom_model_data": 16
            },
            "model": "gm4:item/end_fishing/tools/diamond_pickaxe_16"
        },
        {
            "predicate": {
                "custom_model_data": 17
            },
            "model": "gm4:item/end_fishing/tools/diamond_pickaxe_17"
        },
        {
            "predicate": {
                "custom_model_data": 18
            },
            "model": "gm4:item/end_fishing/tools/diamond_pickaxe_18"
        },
        {
            "predicate": {
                "custom_model_data": 19
            },
            "model": "gm4:item/end_fishing/tools/diamond_pickaxe_19"
        },
        {
            "predicate": {
                "custom_model_data": 20
            },
            "model": "gm4:item/sky_dimension/diamond_pickaxe_20"
        },
        {
            "predicate": {
                "custom_model_data": 21
            },
            "model": "minecraft:item/diamond_pickaxe"
        },
        {
            "predicate": {
                "custom_model_data": 107
            },
            "model": "gm4:item/metallurgy/shamir/bismuth/diamond_pickaxe"
        },
        {
            "predicate": {
                "custom_model_data": 108
            },
            "model": "minecraft:item/diamond_pickaxe"
        },
        {
            "predicate": {
                "custom_model_data": 110
            },
            "model": "gm4:item/metallurgy/shamir/bismuth/diamond_pickaxe"
        },
        {
            "predicate": {
                "custom_model_data": 111
            },
            "model": "gm4:item/metallurgy/shamir/curies_bismium/diamond_pickaxe"
        },
        {
            "predicate": {
                "custom_model_data": 112
            },
            "model": "minecraft:item/diamond_pickaxe"
        },
        {
            "predicate": {
                "custom_model_data": 113
            },
            "model": "gm4:item/metallurgy/shamir/aluminium/diamond_pickaxe"
        },
        {
            "predicate": {
                "custom_model_data": 114
            },
            "model": "gm4:item/metallurgy/shamir/curies_bismium/diamond_pickaxe"
        },
        {
            "predicate": {
                "custom_model_data": 115
            },
            "model": "minecraft:item/diamond_pickaxe"
        },
        {
            "predicate": {
                "custom_model_data": 120
            },
            "model": "gm4:item/metallurgy/shamir/barium/diamond_pickaxe"
        },
        {
            "predicate": {
                "custom_model_data": 121
            },
            "model": "minecraft:item/diamond_pickaxe"
        },
        {
            "predicate": {
                "custom_model_data": 124
            },
            "model": "gm4:item/metallurgy/shamir/curies_bismium/diamond_pickaxe"
        },
        {
            "predicate": {
                "custom_model_data": 125
            },
            "model": "minecraft:item/diamond_pickaxe"
        },
        {
            "predicate": {
                "custom_model_data": 3420010
            },
            "model": "gm4:item/end_fishing/tools/diamond_pickaxe_10"
        },
        {
            "predicate": {
                "custom_model_data": 3420011
            },
            "model": "gm4:item/end_fishing/tools/diamond_pickaxe_11"
        },
        {
            "predicate": {
                "custom_model_data": 3420012
            },
            "model": "gm4:item/end_fishing/tools/diamond_pickaxe_12"
        },
        {
            "predicate": {
                "custom_model_data": 3420013
            },
            "model": "gm4:item/end_fishing/tools/diamond_pickaxe_13"
        },
        {
            "predicate": {
                "custom_model_data": 3420014
            },
            "model": "gm4:item/end_fishing/tools/diamond_pickaxe_14"
        },
        {
            "predicate": {
                "custom_model_data": 3420015
            },
            "model": "gm4:item/end_fishing/tools/diamond_pickaxe_15"
        },
        {
            "predicate": {
                "custom_model_data": 3420016
            },
            "model": "gm4:item/end_fishing/tools/diamond_pickaxe_16"
        },
        {
            "predicate": {
                "custom_model_data": 3420017
            },
            "model": "gm4:item/end_fishing/tools/diamond_pickaxe_17"
        },
        {
            "predicate": {
                "custom_model_data": 3420018
            },
            "model": "gm4:item/end_fishing/tools/diamond_pickaxe_18"
        },
        {
            "predicate": {
                "custom_model_data": 3420019
            },
            "model": "gm4:item/end_fishing/tools/diamond_pickaxe_19"
        },
        {
            "predicate": {
                "custom_model_data": 3420020
            },
            "model": "gm4:item/sky_dimension/diamond_pickaxe_20"
        },
        {
            "predicate": {
                "custom_model_data": 3420021
            },
            "model": "minecraft:item/diamond_pickaxe"
        },
        {
            "predicate": {
                "custom_model_data": 3420107
            },
            "model": "gm4:item/metallurgy/shamir/bismuth/diamond_pickaxe"
        },
        {
            "predicate": {
                "custom_model_data": 3420108
            },
            "model": "minecraft:item/diamond_pickaxe"
        },
        {
            "predicate": {
                "custom_model_data": 3420110
            },
            "model": "gm4:item/metallurgy/shamir/bismuth/diamond_pickaxe"
        },
        {
            "predicate": {
                "custom_model_data": 3420111
            },
            "model": "gm4:item/metallurgy/shamir/curies_bismium/diamond_pickaxe"
        },
        {
            "predicate": {
                "custom_model_data": 3420112
            },
            "model": "minecraft:item/diamond_pickaxe"
        },
        {
            "predicate": {
                "custom_model_data": 3420113
            },
            "model": "gm4:item/metallurgy/shamir/aluminium/diamond_pickaxe"
        },
        {
            "predicate": {
                "custom_model_data": 3420114
            },
            "model": "gm4:item/metallurgy/shamir/curies_bismium/diamond_pickaxe"
        },
        {
            "predicate": {
                "custom_model_data": 3420115
            },
            "model": "minecraft:item/diamond_pickaxe"
        },
        {
            "predicate": {
                "custom_model_data": 3420120
            },
            "model": "gm4:item/metallurgy/shamir/barium/diamond_pickaxe"
        },
        {
            "predicate": {
                "custom_model_data": 3420121
            },
            "model": "minecraft:item/diamond_pickaxe"
        },
        {
            "predicate": {
                "custom_model_data": 3420124
            },
            "model": "gm4:item/metallurgy/shamir/curies_bismium/diamond_pickaxe"
        },
        {
            "predicate": {
                "custom_model_data": 3420125
            },
            "model": "minecraft:item/diamond_pickaxe"
        }
    ]
}
