{
    "parent": "minecraft:block/dirt_path",
    "overrides": [
        {
            "predicate": {
                "custom_model_data": 1
            },
            "model": "gm4:gui/advancements/icon/guidebook/speed_paths"
        },
        {
            "predicate": {
                "custom_model_data": 2
            },
            "model": "minecraft:item/dirt_path"
        },
        {
            "predicate": {
                "custom_model_data": 3420001
            },
            "model": "gm4:gui/advancements/icon/guidebook/speed_paths"
        },
        {
            "predicate": {
                "custom_model_data": 3420002
            },
            "model": "minecraft:item/dirt_path"
        }
    ]
}
