{
  "parent": "minecraft:item/generated",
  "textures": {
    "layer0": "minecraft:item/enchanted_book"
  },
  "overrides": [
    {
      "predicate": {
        "custom_model_data": 1
      },
      "model": "gm4:gui/advancements/icon/enchantment_extractors/enchantment_extractors_mending"
    },
    {
      "predicate": {
        "custom_model_data": 2
      },
      "model": "gm4:gui/advancements/icon/guidebook/book_binders"
    },
    {
      "predicate": {
        "custom_model_data": 3
      },
      "model": "minecraft:item/enchanted_book"
    },
    {
      "predicate": {
        "custom_model_data": 87001
      },
      "model": "1_splatus:item/enchanted_charm_1"
    },
    {
      "predicate": {
        "custom_model_data": 3420001
      },
      "model": "gm4:gui/advancements/icon/enchantment_extractors/enchantment_extractors_mending"
    },
    {
      "predicate": {
        "custom_model_data": 3420002
      },
      "model": "gm4:gui/advancements/icon/guidebook/book_binders"
    },
    {
      "predicate": {
        "custom_model_data": 3420003
      },
      "model": "minecraft:item/enchanted_book"
    }
  ]
}
