{
  "parent": "minecraft:block/end_portal_frame",
  "overrides": [
    {
      "predicate": {
        "custom_model_data": 1
      },
      "model": "gm4:block/teleportation_anchors/teleportation_anchor"
    },
    {
      "predicate": {
        "custom_model_data": 2
      },
      "model": "minecraft:item/end_portal_frame"
    },
    {
      "predicate": {
        "custom_model_data": 90000.0
      },
      "model": "stellarity:item/technical/aota"
    },
    {
      "predicate": {
        "custom_model_data": 3420001
      },
      "model": "gm4:block/teleportation_anchors/teleportation_anchor"
    },
    {
      "predicate": {
        "custom_model_data": 3420002
      },
      "model": "minecraft:item/end_portal_frame"
    }
  ]
}
