{
    "parent": "minecraft:block/end_stone",
    "overrides": [
        {
            "predicate": {
                "custom_model_data": 2
            },
            "model": "gm4:gui/advancements/icon/guidebook/falling_stars"
        },
        {
            "predicate": {
                "custom_model_data": 3
            },
            "model": "minecraft:item/end_stone"
        },
        {
            "predicate": {
                "custom_model_data": 3420002
            },
            "model": "gm4:gui/advancements/icon/guidebook/falling_stars"
        },
        {
            "predicate": {
                "custom_model_data": 3420003
            },
            "model": "minecraft:item/end_stone"
        }
    ]
}
