{
    "parent": "item/chest",
    "textures": {
        "particle": "block/obsidian"
    },
    "overrides": [
        {
            "predicate": {
                "custom_model_data": 1
            },
            "model": "gm4:gui/advancements/icon/guidebook/xp_storage"
        },
        {
            "predicate": {
                "custom_model_data": 2
            },
            "model": "minecraft:item/ender_chest"
        },
        {
            "predicate": {
                "custom_model_data": 3420001
            },
            "model": "gm4:gui/advancements/icon/guidebook/xp_storage"
        },
        {
            "predicate": {
                "custom_model_data": 3420002
            },
            "model": "minecraft:item/ender_chest"
        }
    ]
}
