{
  "parent": "minecraft:item/generated",
  "textures": {
    "layer0": "minecraft:item/ender_pearl"
  },
  "overrides": [
    {
      "predicate": {
        "custom_model_data": 1
      },
      "model": "gm4:item/sky_dimension/starlit_ender_pearl"
    },
    {
      "predicate": {
        "custom_model_data": 2
      },
      "model": "minecraft:item/ender_pearl"
    },
    {
      "predicate": {
        "custom_model_data": 90000.0
      },
      "model": "stellarity:item/prismatic_pearl"
    },
    {
      "predicate": {
        "custom_model_data": 3420001
      },
      "model": "gm4:item/sky_dimension/starlit_ender_pearl"
    },
    {
      "predicate": {
        "custom_model_data": 3420002
      },
      "model": "minecraft:item/ender_pearl"
    }
  ]
}
