{
    "parent": "minecraft:item/generated",
    "textures": {
        "layer0": "minecraft:item/experience_bottle"
    },
    "overrides": [
        {
            "predicate": {
                "custom_model_data": 1
            },
            "model": "gm4:gui/advancements/icon/standard_liquids/standard_liquids"
        },
        {
            "predicate": {
                "custom_model_data": 2
            },
            "model": "minecraft:item/experience_bottle"
        },
        {
            "predicate": {
                "custom_model_data": 3420001
            },
            "model": "gm4:gui/advancements/icon/standard_liquids/standard_liquids"
        },
        {
            "predicate": {
                "custom_model_data": 3420002
            },
            "model": "minecraft:item/experience_bottle"
        }
    ]
}
