{
    "parent": "item/generated",
    "textures": {
        "layer0": "item/firework_star",
        "layer1": "item/firework_star_overlay"
    },
    "overrides": [
        {
            "predicate": {
                "custom_model_data": 1
            },
            "model": "gm4:item/orb_of_ankou/orb_of_ankou"
        },
        {
            "predicate": {
                "custom_model_data": 2
            },
            "model": "gm4:item/everstones/everstone"
        },
        {
            "predicate": {
                "custom_model_data": 3
            },
            "model": "gm4:gui/advancements/icon/everstones/everstones"
        },
        {
            "predicate": {
                "custom_model_data": 4
            },
            "model": "gm4:gui/advancements/icon/guidebook/everstone"
        },
        {
            "predicate": {
                "custom_model_data": 5
            },
            "model": "minecraft:item/firework_star"
        },
        {
            "predicate": {
                "custom_model_data": 3420001
            },
            "model": "gm4:item/orb_of_ankou/orb_of_ankou"
        },
        {
            "predicate": {
                "custom_model_data": 3420002
            },
            "model": "gm4:item/everstones/everstone"
        },
        {
            "predicate": {
                "custom_model_data": 3420003
            },
            "model": "gm4:gui/advancements/icon/everstones/everstones"
        },
        {
            "predicate": {
                "custom_model_data": 3420004
            },
            "model": "gm4:gui/advancements/icon/guidebook/everstone"
        },
        {
            "predicate": {
                "custom_model_data": 3420005
            },
            "model": "minecraft:item/firework_star"
        }
    ]
}
