{
    "parent": "minecraft:item/generated",
    "textures": {
        "layer0": "minecraft:item/fire_charge"
    },
    "overrides": [
        {
            "predicate": {
                "custom_model_data": 1
            },
            "model": "gm4:gui/advancements/icon/sky_dimension/sky_dimension_kill_colossal_phantom"
        },
        {
            "predicate": {
                "custom_model_data": 2
            },
            "model": "minecraft:item/fire_charge"
        },
        {
            "predicate": {
                "custom_model_data": 3420001
            },
            "model": "gm4:gui/advancements/icon/sky_dimension/sky_dimension_kill_colossal_phantom"
        },
        {
            "predicate": {
                "custom_model_data": 3420002
            },
            "model": "minecraft:item/fire_charge"
        }
    ]
}
