{
  "parent": "item/handheld_rod",
  "textures": {
    "layer0": "item/fishing_rod"
  },
  "overrides": [
    {
      "predicate": {
        "custom_model_data": 1
      },
      "model": "item/null"
    },
    {
      "predicate": {
        "custom_model_data": 2
      },
      "model": "item/jewel_of_adhain"
    },
    {
      "predicate": {
        "custom_model_data": 3
      },
      "model": "item/jewel_of_fuar"
    },
    {
      "predicate": {
        "custom_model_data": 4
      },
      "model": "item/shepherdess_cloak"
    },
    {
      "predicate": {
        "custom_model_data": 5
      },
      "model": "item/mortal_cull"
    },
    {
      "predicate": {
        "custom_model_data": 6
      },
      "model": "item/carthendryll"
    },
    {
      "predicate": {
        "custom_model_data": 7
      },
      "model": "item/miramar"
    },
    {
      "predicate": {
        "custom_model_data": 8
      },
      "model": "item/paxkeeper_sword"
    },
    {
      "predicate": {
        "custom_model_data": 9
      },
      "model": "item/feilfri"
    },
    {
      "predicate": {
        "custom_model_data": 10
      },
      "model": "item/jewel_of_adhain"
    },
    {
      "predicate": {
        "custom_model_data": 11
      },
      "model": "item/jewel_of_adhain"
    },
    {
      "predicate": {
        "custom_model_data": 12
      },
      "model": "item/jewel_of_adhain"
    },
    {
      "predicate": {
        "custom_model_data": 13
      },
      "model": "item/jewel_of_adhain"
    },
    {
      "predicate": {
        "custom_model_data": 27016
      },
      "model": "1_splatus:item/blaze_staff"
    },
    {
      "predicate": {
        "custom_model_data": 27017
      },
      "model": "1_splatus:item/blaze_staff_ready"
    },
    {
      "predicate": {
        "custom_model_data": 47008
      },
      "model": "1_splatus:item/ice_staff"
    },
    {
      "predicate": {
        "custom_model_data": 47009
      },
      "model": "1_splatus:item/fire_staff"
    },
    {
      "predicate": {
        "custom_model_data": 47010
      },
      "model": "1_splatus:item/electric_staff"
    },
    {
      "predicate": {
        "custom_model_data": 47011
      },
      "model": "1_splatus:item/ice_staff_ready"
    },
    {
      "predicate": {
        "custom_model_data": 47012
      },
      "model": "1_splatus:item/fire_staff_ready"
    },
    {
      "predicate": {
        "custom_model_data": 47013
      },
      "model": "1_splatus:item/electric_staff_ready"
    },
    {
      "predicate": {
        "custom_model_data": 47019
      },
      "model": "1_splatus:item/bone_wand"
    },
    {
      "predicate": {
        "custom_model_data": 47067
      },
      "model": "1_splatus:item/echo_wand"
    },
    {
      "predicate": {
        "custom_model_data": 90000
      },
      "model": "stellarity:item/fisher_of_voids/normal"
    },
    {
      "predicate": {
        "custom_model_data": 90000,
        "cast": 1
      },
      "model": "stellarity:item/fisher_of_voids/cast"
    }
  ]
}