{
  "parent": "item/handheld_rod",
  "textures": {
    "layer0": "item/fishing_rod"
  },
  "overrides": [
    {
      "predicate": {
        "custom_model_data": 1
      },
      "model": "gm4:gui/advancements/icon/guidebook/end_fishing"
    },
    {
      "predicate": {
        "custom_model_data": 2
      },
      "model": "minecraft:item/fishing_rod"
    },
    {
      "predicate": {
        "custom_model_data": 110
      },
      "model": "gm4:item/metallurgy/shamir/bismuth/fishing_rod"
    },
    {
      "predicate": {
        "custom_model_data": 111
      },
      "model": "minecraft:item/fishing_rod"
    },
    {
      "predicate": {
        "custom_model_data": 124
      },
      "model": "gm4:item/metallurgy/shamir/curies_bismium/fishing_rod"
    },
    {
      "predicate": {
        "custom_model_data": 125
      },
      "model": "minecraft:item/fishing_rod"
    },
    {
      "predicate": {
        "custom_model_data": 27016
      },
      "model": "1_splatus:item/blaze_staff"
    },
    {
      "predicate": {
        "custom_model_data": 27017
      },
      "model": "1_splatus:item/blaze_staff_ready"
    },
    {
      "predicate": {
        "custom_model_data": 47008
      },
      "model": "1_splatus:item/ice_staff"
    },
    {
      "predicate": {
        "custom_model_data": 47009
      },
      "model": "1_splatus:item/fire_staff"
    },
    {
      "predicate": {
        "custom_model_data": 47010
      },
      "model": "1_splatus:item/electric_staff"
    },
    {
      "predicate": {
        "custom_model_data": 47011
      },
      "model": "1_splatus:item/ice_staff_ready"
    },
    {
      "predicate": {
        "custom_model_data": 47012
      },
      "model": "1_splatus:item/fire_staff_ready"
    },
    {
      "predicate": {
        "custom_model_data": 47013
      },
      "model": "1_splatus:item/electric_staff_ready"
    },
    {
      "predicate": {
        "custom_model_data": 47019
      },
      "model": "1_splatus:item/bone_wand"
    },
    {
      "predicate": {
        "custom_model_data": 47067
      },
      "model": "1_splatus:item/echo_wand"
    },
    {
      "predicate": {
        "custom_model_data": 90000.0
      },
      "model": "stellarity:item/fisher_of_voids/normal"
    },
    {
      "predicate": {
        "custom_model_data": 3420001
      },
      "model": "gm4:gui/advancements/icon/guidebook/end_fishing"
    },
    {
      "predicate": {
        "custom_model_data": 3420002
      },
      "model": "minecraft:item/fishing_rod"
    },
    {
      "predicate": {
        "custom_model_data": 3420110
      },
      "model": "gm4:item/metallurgy/shamir/bismuth/fishing_rod"
    },
    {
      "predicate": {
        "custom_model_data": 3420111
      },
      "model": "minecraft:item/fishing_rod"
    },
    {
      "predicate": {
        "custom_model_data": 3420124
      },
      "model": "gm4:item/metallurgy/shamir/curies_bismium/fishing_rod"
    },
    {
      "predicate": {
        "custom_model_data": 3420125
      },
      "model": "minecraft:item/fishing_rod"
    },
    {
      "predicate": {
        "cast": 1
      },
      "model": "item/fishing_rod_cast"
    },
    {
      "predicate": {
        "custom_model_data": 2,
        "cast": 1
      },
      "model": "minecraft:item/fishing_rod_cast"
    },
    {
      "predicate": {
        "custom_model_data": 110,
        "cast": 1
      },
      "model": "gm4:item/metallurgy/shamir/bismuth/fishing_rod_cast"
    },
    {
      "predicate": {
        "custom_model_data": 111,
        "cast": 1
      },
      "model": "minecraft:item/fishing_rod_cast"
    },
    {
      "predicate": {
        "custom_model_data": 124,
        "cast": 1
      },
      "model": "gm4:item/metallurgy/shamir/curies_bismium/fishing_rod_cast"
    },
    {
      "predicate": {
        "custom_model_data": 125,
        "cast": 1
      },
      "model": "minecraft:item/fishing_rod_cast"
    },
    {
      "predicate": {
        "custom_model_data": 90000.0,
        "cast": 1
      },
      "model": "stellarity:item/fisher_of_voids/cast"
    },
    {
      "predicate": {
        "custom_model_data": 3420002,
        "cast": 1
      },
      "model": "minecraft:item/fishing_rod_cast"
    },
    {
      "predicate": {
        "custom_model_data": 3420110,
        "cast": 1
      },
      "model": "gm4:item/metallurgy/shamir/bismuth/fishing_rod_cast"
    },
    {
      "predicate": {
        "custom_model_data": 3420111,
        "cast": 1
      },
      "model": "minecraft:item/fishing_rod_cast"
    },
    {
      "predicate": {
        "custom_model_data": 3420124,
        "cast": 1
      },
      "model": "gm4:item/metallurgy/shamir/curies_bismium/fishing_rod_cast"
    },
    {
      "predicate": {
        "custom_model_data": 3420125,
        "cast": 1
      },
      "model": "minecraft:item/fishing_rod_cast"
    }
  ]
}
