{
    "parent": "minecraft:item/generated",
    "textures": {
        "layer0": "minecraft:item/furnace_minecart"
    },
    "overrides": [
        {
            "predicate": {
                "custom_model_data": 1
            },
            "model": "gm4:item/tunnel_bores/piston_minecart"
        },
        {
            "predicate": {
                "custom_model_data": 2
            },
            "model": "minecraft:item/furnace_minecart"
        },
        {
            "predicate": {
                "custom_model_data": 3420001
            },
            "model": "gm4:item/tunnel_bores/piston_minecart"
        },
        {
            "predicate": {
                "custom_model_data": 3420002
            },
            "model": "minecraft:item/furnace_minecart"
        }
    ]
}
