{
    "parent": "minecraft:block/glass",
    "overrides": [
        {
            "predicate": {
                "custom_model_data": 1
            },
            "model": "gm4:block/liquid_tanks/liquid_tank"
        },
        {
            "predicate": {
                "custom_model_data": 2
            },
            "model": "gm4:gui/advancements/icon/guidebook/liquid_tanks"
        },
        {
            "predicate": {
                "custom_model_data": 3
            },
            "model": "gm4:block/liquid_tanks/liquid_tank_side"
        },
        {
            "predicate": {
                "custom_model_data": 4
            },
            "model": "minecraft:item/glass"
        },
        {
            "predicate": {
                "custom_model_data": 3420001
            },
            "model": "gm4:block/liquid_tanks/liquid_tank"
        },
        {
            "predicate": {
                "custom_model_data": 3420002
            },
            "model": "gm4:gui/advancements/icon/guidebook/liquid_tanks"
        },
        {
            "predicate": {
                "custom_model_data": 3420003
            },
            "model": "gm4:block/liquid_tanks/liquid_tank_side"
        },
        {
            "predicate": {
                "custom_model_data": 3420004
            },
            "model": "minecraft:item/glass"
        }
    ]
}
