{
    "parent": "minecraft:item/generated",
    "textures": {
        "layer0": "minecraft:item/glass_bottle"
    },
    "overrides": [
        {
            "predicate": {
                "custom_model_data": 1
            },
            "model": "gm4:item/sunken_treasure/message_in_a_bottle"
        },
        {
            "predicate": {
                "custom_model_data": 2
            },
            "model": "gm4:gui/advancements/icon/sunken_treasure/sunken_treasure"
        },
        {
            "predicate": {
                "custom_model_data": 3
            },
            "model": "gm4:item/zauber_cauldrons/magic_in_a_bottle"
        },
        {
            "predicate": {
                "custom_model_data": 4
            },
            "model": "gm4:gui/advancements/icon/zauber_cauldrons/zauber_cauldrons_drink_multi_use_bottle"
        },
        {
            "predicate": {
                "custom_model_data": 5
            },
            "model": "minecraft:item/glass_bottle"
        },
        {
            "predicate": {
                "custom_model_data": 3420001
            },
            "model": "gm4:item/sunken_treasure/message_in_a_bottle"
        },
        {
            "predicate": {
                "custom_model_data": 3420002
            },
            "model": "gm4:gui/advancements/icon/sunken_treasure/sunken_treasure"
        },
        {
            "predicate": {
                "custom_model_data": 3420003
            },
            "model": "gm4:item/zauber_cauldrons/magic_in_a_bottle"
        },
        {
            "predicate": {
                "custom_model_data": 3420004
            },
            "model": "gm4:gui/advancements/icon/zauber_cauldrons/zauber_cauldrons_drink_multi_use_bottle"
        },
        {
            "predicate": {
                "custom_model_data": 3420005
            },
            "model": "minecraft:item/glass_bottle"
        }
    ]
}
