{
    "parent": "minecraft:item/generated",
    "textures": {
        "layer0": "minecraft:item/glow_ink_sac"
    },
    "overrides": [
        {
            "predicate": {
                "custom_model_data": 1
            },
            "model": "gm4:gui/advancements/icon/ink_spitting_squid/glow_ink_spitting_squid"
        },
        {
            "predicate": {
                "custom_model_data": 2
            },
            "model": "minecraft:item/glow_ink_sac"
        },
        {
            "predicate": {
                "custom_model_data": 3420001
            },
            "model": "gm4:gui/advancements/icon/ink_spitting_squid/glow_ink_spitting_squid"
        },
        {
            "predicate": {
                "custom_model_data": 3420002
            },
            "model": "minecraft:item/glow_ink_sac"
        }
    ]
}
