{
  "parent": "minecraft:item/generated",
  "textures": {
    "layer0": "minecraft:item/glowstone_dust"
  },
  "overrides": [
    {
      "predicate": {
        "custom_model_data": 1
      },
      "model": "gm4:item/sky_dimension/stardust"
    },
    {
      "predicate": {
        "custom_model_data": 2
      },
      "model": "gm4:gui/advancements/icon/sky_dimension/sky_dimension_obtain_stardust"
    },
    {
      "predicate": {
        "custom_model_data": 3
      },
      "model": "minecraft:item/glowstone_dust"
    },
    {
      "predicate": {
        "custom_model_data": 87007
      },
      "model": "1_splatus:item/corrupt"
    },
    {
      "predicate": {
        "custom_model_data": 90000.0
      },
      "model": "stellarity:item/pixie_dust"
    },
    {
      "predicate": {
        "custom_model_data": 1450401
      },
      "model": "incendium:item/powder"
    },
    {
      "predicate": {
        "custom_model_data": 3420001
      },
      "model": "gm4:item/sky_dimension/stardust"
    },
    {
      "predicate": {
        "custom_model_data": 3420002
      },
      "model": "gm4:gui/advancements/icon/sky_dimension/sky_dimension_obtain_stardust"
    },
    {
      "predicate": {
        "custom_model_data": 3420003
      },
      "model": "minecraft:item/glowstone_dust"
    }
  ]
}
