{
    "parent": "minecraft:item/handheld",
    "textures": {
        "layer0": "minecraft:item/golden_sword"
    },
    "overrides": [
        {
            "predicate": {
                "custom_model_data": 1
            },
            "model": "gm4:item/sky_dimension/golden_sword_1"
        },
        {
            "predicate": {
                "custom_model_data": 2
            },
            "model": "gm4:gui/advancements/icon/guidebook/potion_swords"
        },
        {
            "predicate": {
                "custom_model_data": 3
            },
            "model": "minecraft:item/golden_sword"
        },
        {
            "predicate": {
                "custom_model_data": 105
            },
            "model": "gm4:item/metallurgy/shamir/thorium/golden_sword"
        },
        {
            "predicate": {
                "custom_model_data": 106
            },
            "model": "minecraft:item/golden_sword"
        },
        {
            "predicate": {
                "custom_model_data": 108
            },
            "model": "gm4:item/metallurgy/shamir/barimium/golden_sword"
        },
        {
            "predicate": {
                "custom_model_data": 109
            },
            "model": "minecraft:item/golden_sword"
        },
        {
            "predicate": {
                "custom_model_data": 110
            },
            "model": "gm4:item/metallurgy/shamir/bismuth/golden_sword"
        },
        {
            "predicate": {
                "custom_model_data": 111
            },
            "model": "minecraft:item/golden_sword"
        },
        {
            "predicate": {
                "custom_model_data": 116
            },
            "model": "gm4:item/metallurgy/shamir/bismuth/golden_sword"
        },
        {
            "predicate": {
                "custom_model_data": 117
            },
            "model": "gm4:item/metallurgy/shamir/curies_bismium/golden_sword"
        },
        {
            "predicate": {
                "custom_model_data": 118
            },
            "model": "minecraft:item/golden_sword"
        },
        {
            "predicate": {
                "custom_model_data": 124
            },
            "model": "gm4:item/metallurgy/shamir/curies_bismium/golden_sword"
        },
        {
            "predicate": {
                "custom_model_data": 125
            },
            "model": "minecraft:item/golden_sword"
        },
        {
            "predicate": {
                "custom_model_data": 3420001
            },
            "model": "gm4:item/sky_dimension/golden_sword_1"
        },
        {
            "predicate": {
                "custom_model_data": 3420002
            },
            "model": "gm4:gui/advancements/icon/guidebook/potion_swords"
        },
        {
            "predicate": {
                "custom_model_data": 3420003
            },
            "model": "minecraft:item/golden_sword"
        },
        {
            "predicate": {
                "custom_model_data": 3420105
            },
            "model": "gm4:item/metallurgy/shamir/thorium/golden_sword"
        },
        {
            "predicate": {
                "custom_model_data": 3420106
            },
            "model": "minecraft:item/golden_sword"
        },
        {
            "predicate": {
                "custom_model_data": 3420108
            },
            "model": "gm4:item/metallurgy/shamir/barimium/golden_sword"
        },
        {
            "predicate": {
                "custom_model_data": 3420109
            },
            "model": "minecraft:item/golden_sword"
        },
        {
            "predicate": {
                "custom_model_data": 3420110
            },
            "model": "gm4:item/metallurgy/shamir/bismuth/golden_sword"
        },
        {
            "predicate": {
                "custom_model_data": 3420111
            },
            "model": "minecraft:item/golden_sword"
        },
        {
            "predicate": {
                "custom_model_data": 3420116
            },
            "model": "gm4:item/metallurgy/shamir/bismuth/golden_sword"
        },
        {
            "predicate": {
                "custom_model_data": 3420117
            },
            "model": "gm4:item/metallurgy/shamir/curies_bismium/golden_sword"
        },
        {
            "predicate": {
                "custom_model_data": 3420118
            },
            "model": "minecraft:item/golden_sword"
        },
        {
            "predicate": {
                "custom_model_data": 3420124
            },
            "model": "gm4:item/metallurgy/shamir/curies_bismium/golden_sword"
        },
        {
            "predicate": {
                "custom_model_data": 3420125
            },
            "model": "minecraft:item/golden_sword"
        }
    ]
}
