{
    "parent": "minecraft:item/generated",
    "textures": {
        "layer0": "minecraft:item/golden_chestplate"
    },
    "overrides": [
        {
            "predicate": {
                "custom_model_data": 1
            },
            "model": "gm4:item/scuba_gear/scuba_tank"
        },
        {
            "predicate": {
                "custom_model_data": 2
            },
            "model": "gm4:item/zauber_cauldrons/zauber_chestplate_health"
        },
        {
            "predicate": {
                "custom_model_data": 3
            },
            "model": "gm4:item/zauber_cauldrons/zauber_chestplate_attack"
        },
        {
            "predicate": {
                "custom_model_data": 4
            },
            "model": "gm4:item/zauber_cauldrons/zauber_chestplate_speed"
        },
        {
            "predicate": {
                "custom_model_data": 5
            },
            "model": "gm4:item/zauber_cauldrons/zauber_chestplate_armor"
        },
        {
            "predicate": {
                "custom_model_data": 6
            },
            "model": "gm4:gui/advancements/icon/zauber_cauldrons/zauber_cauldrons_full_armor"
        },
        {
            "predicate": {
                "custom_model_data": 7
            },
            "model": "gm4:item/sky_dimension/golden_chestplate_7"
        },
        {
            "predicate": {
                "custom_model_data": 8
            },
            "model": "minecraft:item/golden_chestplate"
        },
        {
            "predicate": {
                "custom_model_data": 103
            },
            "model": "gm4:item/metallurgy/shamir/aluminium/golden_chestplate"
        },
        {
            "predicate": {
                "custom_model_data": 104
            },
            "model": "minecraft:item/golden_chestplate"
        },
        {
            "predicate": {
                "custom_model_data": 106
            },
            "model": "gm4:item/metallurgy/shamir/aluminium/golden_chestplate"
        },
        {
            "predicate": {
                "custom_model_data": 107
            },
            "model": "minecraft:item/golden_chestplate"
        },
        {
            "predicate": {
                "custom_model_data": 122
            },
            "model": "gm4:item/metallurgy/shamir/barium/golden_chestplate"
        },
        {
            "predicate": {
                "custom_model_data": 123
            },
            "model": "minecraft:item/golden_chestplate"
        },
        {
            "predicate": {
                "custom_model_data": 124
            },
            "model": "gm4:item/metallurgy/shamir/curies_bismium/golden_chestplate"
        },
        {
            "predicate": {
                "custom_model_data": 125
            },
            "model": "minecraft:item/golden_chestplate"
        },
        {
            "predicate": {
                "custom_model_data": 3420001
            },
            "model": "gm4:item/scuba_gear/scuba_tank"
        },
        {
            "predicate": {
                "custom_model_data": 3420002
            },
            "model": "gm4:item/zauber_cauldrons/zauber_chestplate_health"
        },
        {
            "predicate": {
                "custom_model_data": 3420003
            },
            "model": "gm4:item/zauber_cauldrons/zauber_chestplate_attack"
        },
        {
            "predicate": {
                "custom_model_data": 3420004
            },
            "model": "gm4:item/zauber_cauldrons/zauber_chestplate_speed"
        },
        {
            "predicate": {
                "custom_model_data": 3420005
            },
            "model": "gm4:item/zauber_cauldrons/zauber_chestplate_armor"
        },
        {
            "predicate": {
                "custom_model_data": 3420006
            },
            "model": "gm4:gui/advancements/icon/zauber_cauldrons/zauber_cauldrons_full_armor"
        },
        {
            "predicate": {
                "custom_model_data": 3420007
            },
            "model": "gm4:item/sky_dimension/golden_chestplate_7"
        },
        {
            "predicate": {
                "custom_model_data": 3420008
            },
            "model": "minecraft:item/golden_chestplate"
        },
        {
            "predicate": {
                "custom_model_data": 3420103
            },
            "model": "gm4:item/metallurgy/shamir/aluminium/golden_chestplate"
        },
        {
            "predicate": {
                "custom_model_data": 3420104
            },
            "model": "minecraft:item/golden_chestplate"
        },
        {
            "predicate": {
                "custom_model_data": 3420106
            },
            "model": "gm4:item/metallurgy/shamir/aluminium/golden_chestplate"
        },
        {
            "predicate": {
                "custom_model_data": 3420107
            },
            "model": "minecraft:item/golden_chestplate"
        },
        {
            "predicate": {
                "custom_model_data": 3420122
            },
            "model": "gm4:item/metallurgy/shamir/barium/golden_chestplate"
        },
        {
            "predicate": {
                "custom_model_data": 3420123
            },
            "model": "minecraft:item/golden_chestplate"
        },
        {
            "predicate": {
                "custom_model_data": 3420124
            },
            "model": "gm4:item/metallurgy/shamir/curies_bismium/golden_chestplate"
        },
        {
            "predicate": {
                "custom_model_data": 3420125
            },
            "model": "minecraft:item/golden_chestplate"
        }
    ]
}
