{
    "parent": "minecraft:block/gold_ore",
    "overrides": [
        {
            "predicate": {
                "custom_model_data": 1
            },
            "model": "gm4:block/smelteries/gold_ore_display"
        },
        {
            "predicate": {
                "custom_model_data": 2
            },
            "model": "minecraft:item/gold_ore"
        },
        {
            "predicate": {
                "custom_model_data": 3420001
            },
            "model": "gm4:block/smelteries/gold_ore_display"
        },
        {
            "predicate": {
                "custom_model_data": 3420002
            },
            "model": "minecraft:item/gold_ore"
        }
    ]
}
