{
    "parent": "minecraft:item/generated",
    "textures": {
        "layer0": "minecraft:item/golden_boots"
    },
    "overrides": [
        {
            "predicate": {
                "custom_model_data": 1
            },
            "model": "gm4:item/sunken_treasure/waders"
        },
        {
            "predicate": {
                "custom_model_data": 2
            },
            "model": "gm4:item/zauber_cauldrons/zauber_boots_health"
        },
        {
            "predicate": {
                "custom_model_data": 3
            },
            "model": "gm4:item/zauber_cauldrons/zauber_boots_attack"
        },
        {
            "predicate": {
                "custom_model_data": 4
            },
            "model": "gm4:item/zauber_cauldrons/zauber_boots_speed"
        },
        {
            "predicate": {
                "custom_model_data": 5
            },
            "model": "gm4:item/zauber_cauldrons/zauber_boots_armor"
        },
        {
            "predicate": {
                "custom_model_data": 6
            },
            "model": "minecraft:item/golden_boots"
        },
        {
            "predicate": {
                "custom_model_data": 7
            },
            "model": "gm4:item/sky_dimension/golden_boots_7"
        },
        {
            "predicate": {
                "custom_model_data": 8
            },
            "model": "gm4:gui/advancements/icon/sky_dimension/sky_dimension_explore_sky"
        },
        {
            "predicate": {
                "custom_model_data": 9
            },
            "model": "minecraft:item/golden_boots"
        },
        {
            "predicate": {
                "custom_model_data": 103
            },
            "model": "gm4:item/metallurgy/shamir/aluminium/golden_boots"
        },
        {
            "predicate": {
                "custom_model_data": 104
            },
            "model": "minecraft:item/golden_boots"
        },
        {
            "predicate": {
                "custom_model_data": 106
            },
            "model": "gm4:item/metallurgy/shamir/aluminium/golden_boots"
        },
        {
            "predicate": {
                "custom_model_data": 107
            },
            "model": "minecraft:item/golden_boots"
        },
        {
            "predicate": {
                "custom_model_data": 118
            },
            "model": "gm4:item/metallurgy/shamir/aluminium/golden_boots"
        },
        {
            "predicate": {
                "custom_model_data": 119
            },
            "model": "minecraft:item/golden_boots"
        },
        {
            "predicate": {
                "custom_model_data": 121
            },
            "model": "gm4:item/metallurgy/shamir/bismuth/golden_boots"
        },
        {
            "predicate": {
                "custom_model_data": 122
            },
            "model": "minecraft:item/golden_boots"
        },
        {
            "predicate": {
                "custom_model_data": 123
            },
            "model": "gm4:item/metallurgy/shamir/thorium/golden_boots"
        },
        {
            "predicate": {
                "custom_model_data": 124
            },
            "model": "gm4:item/metallurgy/shamir/curies_bismium/golden_boots"
        },
        {
            "predicate": {
                "custom_model_data": 125
            },
            "model": "minecraft:item/golden_boots"
        },
        {
            "predicate": {
                "custom_model_data": 3420001
            },
            "model": "gm4:item/sunken_treasure/waders"
        },
        {
            "predicate": {
                "custom_model_data": 3420002
            },
            "model": "gm4:item/zauber_cauldrons/zauber_boots_health"
        },
        {
            "predicate": {
                "custom_model_data": 3420003
            },
            "model": "gm4:item/zauber_cauldrons/zauber_boots_attack"
        },
        {
            "predicate": {
                "custom_model_data": 3420004
            },
            "model": "gm4:item/zauber_cauldrons/zauber_boots_speed"
        },
        {
            "predicate": {
                "custom_model_data": 3420005
            },
            "model": "gm4:item/zauber_cauldrons/zauber_boots_armor"
        },
        {
            "predicate": {
                "custom_model_data": 3420006
            },
            "model": "minecraft:item/golden_boots"
        },
        {
            "predicate": {
                "custom_model_data": 3420007
            },
            "model": "gm4:item/sky_dimension/golden_boots_7"
        },
        {
            "predicate": {
                "custom_model_data": 3420008
            },
            "model": "gm4:gui/advancements/icon/sky_dimension/sky_dimension_explore_sky"
        },
        {
            "predicate": {
                "custom_model_data": 3420009
            },
            "model": "minecraft:item/golden_boots"
        },
        {
            "predicate": {
                "custom_model_data": 3420103
            },
            "model": "gm4:item/metallurgy/shamir/aluminium/golden_boots"
        },
        {
            "predicate": {
                "custom_model_data": 3420104
            },
            "model": "minecraft:item/golden_boots"
        },
        {
            "predicate": {
                "custom_model_data": 3420106
            },
            "model": "gm4:item/metallurgy/shamir/aluminium/golden_boots"
        },
        {
            "predicate": {
                "custom_model_data": 3420107
            },
            "model": "minecraft:item/golden_boots"
        },
        {
            "predicate": {
                "custom_model_data": 3420118
            },
            "model": "gm4:item/metallurgy/shamir/aluminium/golden_boots"
        },
        {
            "predicate": {
                "custom_model_data": 3420119
            },
            "model": "minecraft:item/golden_boots"
        },
        {
            "predicate": {
                "custom_model_data": 3420121
            },
            "model": "gm4:item/metallurgy/shamir/bismuth/golden_boots"
        },
        {
            "predicate": {
                "custom_model_data": 3420122
            },
            "model": "minecraft:item/golden_boots"
        },
        {
            "predicate": {
                "custom_model_data": 3420123
            },
            "model": "gm4:item/metallurgy/shamir/thorium/golden_boots"
        },
        {
            "predicate": {
                "custom_model_data": 3420124
            },
            "model": "gm4:item/metallurgy/shamir/curies_bismium/golden_boots"
        },
        {
            "predicate": {
                "custom_model_data": 3420125
            },
            "model": "minecraft:item/golden_boots"
        }
    ]
}
