{
    "parent": "minecraft:item/generated",
    "textures": {
        "layer0": "minecraft:item/golden_apple"
    },
    "overrides": [
        {
            "predicate": {
                "custom_model_data": 1
            },
            "model": "gm4:gui/advancements/icon/sky_dimension/sky_dimension_cure_gilded_zombie"
        },
        {
            "predicate": {
                "custom_model_data": 2
            },
            "model": "gm4:gui/advancements/icon/guidebook/mob_conversion"
        },
        {
            "predicate": {
                "custom_model_data": 3
            },
            "model": "minecraft:item/golden_apple"
        },
        {
            "predicate": {
                "custom_model_data": 3420001
            },
            "model": "gm4:gui/advancements/icon/sky_dimension/sky_dimension_cure_gilded_zombie"
        },
        {
            "predicate": {
                "custom_model_data": 3420002
            },
            "model": "gm4:gui/advancements/icon/guidebook/mob_conversion"
        },
        {
            "predicate": {
                "custom_model_data": 3420003
            },
            "model": "minecraft:item/golden_apple"
        }
    ]
}
