{
    "parent": "minecraft:item/generated",
    "textures": {
        "layer0": "minecraft:item/gunpowder"
    },
    "overrides": [
        {
            "predicate": {
                "custom_model_data": 1
            },
            "model": "gm4:gui/advancements/icon/bat_grenades/bat_grenades"
        },
        {
            "predicate": {
                "custom_model_data": 2
            },
            "model": "gm4:item/tnt_landmines/soft_defuser"
        },
        {
            "predicate": {
                "custom_model_data": 3
            },
            "model": "gm4:gui/advancements/icon/guidebook/bat_grenades"
        },
        {
            "predicate": {
                "custom_model_data": 4
            },
            "model": "minecraft:item/gunpowder"
        },
        {
            "predicate": {
                "custom_model_data": 3420001
            },
            "model": "gm4:gui/advancements/icon/bat_grenades/bat_grenades"
        },
        {
            "predicate": {
                "custom_model_data": 3420002
            },
            "model": "gm4:item/tnt_landmines/soft_defuser"
        },
        {
            "predicate": {
                "custom_model_data": 3420003
            },
            "model": "gm4:gui/advancements/icon/guidebook/bat_grenades"
        },
        {
            "predicate": {
                "custom_model_data": 3420004
            },
            "model": "minecraft:item/gunpowder"
        }
    ]
}
