{
    "parent": "minecraft:item/generated",
    "textures": {
        "layer0": "minecraft:item/hopper_minecart"
    },
    "overrides": [
        {
            "predicate": {
                "custom_model_data": 1
            },
            "model": "gm4:gui/advancements/icon/guidebook/liquid_minecarts"
        },
        {
            "predicate": {
                "custom_model_data": 2
            },
            "model": "gm4:item/ender_hoppers/ender_hopper_minecart"
        },
        {
            "predicate": {
                "custom_model_data": 3
            },
            "model": "gm4:item/liquid_minecarts/liquid_minecart"
        },
        {
            "predicate": {
                "custom_model_data": 4
            },
            "model": "minecraft:item/hopper_minecart"
        },
        {
            "predicate": {
                "custom_model_data": 3420001
            },
            "model": "gm4:gui/advancements/icon/guidebook/liquid_minecarts"
        },
        {
            "predicate": {
                "custom_model_data": 3420002
            },
            "model": "gm4:item/ender_hoppers/ender_hopper_minecart"
        },
        {
            "predicate": {
                "custom_model_data": 3420003
            },
            "model": "gm4:item/liquid_minecarts/liquid_minecart"
        },
        {
            "predicate": {
                "custom_model_data": 3420004
            },
            "model": "minecraft:item/hopper_minecart"
        }
    ]
}
