{
    "parent": "minecraft:item/generated",
    "textures": {
        "layer0": "minecraft:block/horn_coral"
    },
    "overrides": [
        {
            "predicate": {
                "custom_model_data": 2
            },
            "model": "gm4:gui/advancements/icon/guidebook/scuba_gear"
        },
        {
            "predicate": {
                "custom_model_data": 3
            },
            "model": "minecraft:item/horn_coral"
        },
        {
            "predicate": {
                "custom_model_data": 3420002
            },
            "model": "gm4:gui/advancements/icon/guidebook/scuba_gear"
        },
        {
            "predicate": {
                "custom_model_data": 3420003
            },
            "model": "minecraft:item/horn_coral"
        }
    ]
}
