{
    "parent": "minecraft:item/generated",
    "textures": {
        "layer0": "minecraft:item/ink_sac"
    },
    "overrides": [
        {
            "predicate": {
                "custom_model_data": 1
            },
            "model": "gm4:gui/advancements/icon/ink_spitting_squid/ink_spitting_squid"
        },
        {
            "predicate": {
                "custom_model_data": 2
            },
            "model": "gm4:gui/advancements/icon/guidebook/ink_spitting_squid"
        },
        {
            "predicate": {
                "custom_model_data": 3
            },
            "model": "minecraft:item/ink_sac"
        },
        {
            "predicate": {
                "custom_model_data": 3420001
            },
            "model": "gm4:gui/advancements/icon/ink_spitting_squid/ink_spitting_squid"
        },
        {
            "predicate": {
                "custom_model_data": 3420002
            },
            "model": "gm4:gui/advancements/icon/guidebook/ink_spitting_squid"
        },
        {
            "predicate": {
                "custom_model_data": 3420003
            },
            "model": "minecraft:item/ink_sac"
        }
    ]
}
