{
  "parent": "minecraft:item/handheld",
  "textures": {
    "layer0": "minecraft:item/iron_sword"
  },
  "overrides": [
    {
      "predicate": {
        "custom_model_data": 1
      },
      "model": "gm4:item/sky_dimension/iron_sword_1"
    },
    {
      "predicate": {
        "custom_model_data": 2
      },
      "model": "minecraft:item/iron_sword"
    },
    {
      "predicate": {
        "custom_model_data": 10
      },
      "model": "gm4:item/end_fishing/swords/iron_sword_10"
    },
    {
      "predicate": {
        "custom_model_data": 11
      },
      "model": "gm4:item/end_fishing/swords/iron_sword_11"
    },
    {
      "predicate": {
        "custom_model_data": 12
      },
      "model": "gm4:item/end_fishing/swords/iron_sword_12"
    },
    {
      "predicate": {
        "custom_model_data": 13
      },
      "model": "gm4:item/end_fishing/swords/iron_sword_13"
    },
    {
      "predicate": {
        "custom_model_data": 14
      },
      "model": "gm4:item/end_fishing/swords/iron_sword_14"
    },
    {
      "predicate": {
        "custom_model_data": 15
      },
      "model": "gm4:item/end_fishing/swords/iron_sword_15"
    },
    {
      "predicate": {
        "custom_model_data": 16
      },
      "model": "gm4:item/end_fishing/swords/iron_sword_16"
    },
    {
      "predicate": {
        "custom_model_data": 17
      },
      "model": "gm4:item/end_fishing/swords/iron_sword_17"
    },
    {
      "predicate": {
        "custom_model_data": 18
      },
      "model": "gm4:item/end_fishing/swords/iron_sword_18"
    },
    {
      "predicate": {
        "custom_model_data": 19
      },
      "model": "gm4:item/end_fishing/swords/iron_sword_19"
    },
    {
      "predicate": {
        "custom_model_data": 20
      },
      "model": "gm4:item/end_fishing/swords/iron_sword_20"
    },
    {
      "predicate": {
        "custom_model_data": 21
      },
      "model": "gm4:item/end_fishing/swords/iron_sword_21"
    },
    {
      "predicate": {
        "custom_model_data": 22
      },
      "model": "gm4:item/end_fishing/swords/iron_sword_22"
    },
    {
      "predicate": {
        "custom_model_data": 23
      },
      "model": "gm4:item/end_fishing/swords/iron_sword_23"
    },
    {
      "predicate": {
        "custom_model_data": 24
      },
      "model": "gm4:item/end_fishing/swords/iron_sword_24"
    },
    {
      "predicate": {
        "custom_model_data": 25
      },
      "model": "gm4:item/end_fishing/swords/iron_sword_25"
    },
    {
      "predicate": {
        "custom_model_data": 26
      },
      "model": "gm4:item/end_fishing/swords/iron_sword_26"
    },
    {
      "predicate": {
        "custom_model_data": 27
      },
      "model": "gm4:item/end_fishing/swords/iron_sword_27"
    },
    {
      "predicate": {
        "custom_model_data": 28
      },
      "model": "gm4:item/end_fishing/swords/iron_sword_28"
    },
    {
      "predicate": {
        "custom_model_data": 29
      },
      "model": "gm4:item/end_fishing/swords/iron_sword_29"
    },
    {
      "predicate": {
        "custom_model_data": 30
      },
      "model": "minecraft:item/iron_sword"
    },
    {
      "predicate": {
        "custom_model_data": 105
      },
      "model": "gm4:item/metallurgy/shamir/thorium/iron_sword"
    },
    {
      "predicate": {
        "custom_model_data": 106
      },
      "model": "minecraft:item/iron_sword"
    },
    {
      "predicate": {
        "custom_model_data": 108
      },
      "model": "gm4:item/metallurgy/shamir/barimium/iron_sword"
    },
    {
      "predicate": {
        "custom_model_data": 109
      },
      "model": "minecraft:item/iron_sword"
    },
    {
      "predicate": {
        "custom_model_data": 110
      },
      "model": "gm4:item/metallurgy/shamir/bismuth/iron_sword"
    },
    {
      "predicate": {
        "custom_model_data": 111
      },
      "model": "minecraft:item/iron_sword"
    },
    {
      "predicate": {
        "custom_model_data": 116
      },
      "model": "gm4:item/metallurgy/shamir/bismuth/iron_sword"
    },
    {
      "predicate": {
        "custom_model_data": 117
      },
      "model": "gm4:item/metallurgy/shamir/curies_bismium/iron_sword"
    },
    {
      "predicate": {
        "custom_model_data": 118
      },
      "model": "minecraft:item/iron_sword"
    },
    {
      "predicate": {
        "custom_model_data": 124
      },
      "model": "gm4:item/metallurgy/shamir/curies_bismium/iron_sword"
    },
    {
      "predicate": {
        "custom_model_data": 125
      },
      "model": "minecraft:item/iron_sword"
    },
    {
      "predicate": {
        "custom_model_data": 47001
      },
      "model": "1_splatus:item/end_excalibur"
    },
    {
      "predicate": {
        "custom_model_data": 47002
      },
      "model": "1_splatus:item/end_excalibur_ready"
    },
    {
      "predicate": {
        "custom_model_data": 47003
      },
      "model": "1_splatus:item/end_excalibur_ready_loop"
    },
    {
      "predicate": {
        "custom_model_data": 47015
      },
      "model": "1_splatus:item/withering_sword_v2"
    },
    {
      "predicate": {
        "custom_model_data": 47020
      },
      "model": "1_splatus:item/evokers_wrath_v2"
    },
    {
      "predicate": {
        "custom_model_data": 47021
      },
      "model": "1_splatus:item/evokers_wrath_ready_v2"
    },
    {
      "predicate": {
        "custom_model_data": 47042
      },
      "model": "1_splatus:item/crucible"
    },
    {
      "predicate": {
        "custom_model_data": 47043
      },
      "model": "1_splatus:item/crucible_charged"
    },
    {
      "predicate": {
        "custom_model_data": 47045
      },
      "model": "1_splatus:item/wave_caster"
    },
    {
      "predicate": {
        "custom_model_data": 47046
      },
      "model": "1_splatus:item/moonlight_edge"
    },
    {
      "predicate": {
        "custom_model_data": 47047
      },
      "model": "1_splatus:item/moonlight_edge_charged"
    },
    {
      "predicate": {
        "custom_model_data": 47048
      },
      "model": "1_splatus:item/blazeblade"
    },
    {
      "predicate": {
        "custom_model_data": 47049
      },
      "model": "1_splatus:item/blazeblade_fire"
    },
    {
      "predicate": {
        "custom_model_data": 47050
      },
      "model": "1_splatus:item/thorn_blossom"
    },
    {
      "predicate": {
        "custom_model_data": 47996
      },
      "model": "1_splatus:item/unused/galaxia"
    },
    {
      "predicate": {
        "custom_model_data": 47997
      },
      "model": "1_splatus:item/unused/spellbound_sword"
    },
    {
      "predicate": {
        "custom_model_data": 47998
      },
      "model": "1_splatus:item/all_weapons_advancement"
    },
    {
      "predicate": {
        "custom_model_data": 47999
      },
      "model": "1_splatus:item/unused/delete"
    },
    {
      "predicate": {
        "custom_model_data": 90000.0
      },
      "model": "stellarity:item/sariel"
    },
    {
      "predicate": {
        "custom_model_data": 90001
      },
      "model": "stellarity:item/zephyr"
    },
    {
      "predicate": {
        "custom_model_data": 3420001
      },
      "model": "gm4:item/sky_dimension/iron_sword_1"
    },
    {
      "predicate": {
        "custom_model_data": 3420002
      },
      "model": "minecraft:item/iron_sword"
    },
    {
      "predicate": {
        "custom_model_data": 3420010
      },
      "model": "gm4:item/end_fishing/swords/iron_sword_10"
    },
    {
      "predicate": {
        "custom_model_data": 3420011
      },
      "model": "gm4:item/end_fishing/swords/iron_sword_11"
    },
    {
      "predicate": {
        "custom_model_data": 3420012
      },
      "model": "gm4:item/end_fishing/swords/iron_sword_12"
    },
    {
      "predicate": {
        "custom_model_data": 3420013
      },
      "model": "gm4:item/end_fishing/swords/iron_sword_13"
    },
    {
      "predicate": {
        "custom_model_data": 3420014
      },
      "model": "gm4:item/end_fishing/swords/iron_sword_14"
    },
    {
      "predicate": {
        "custom_model_data": 3420015
      },
      "model": "gm4:item/end_fishing/swords/iron_sword_15"
    },
    {
      "predicate": {
        "custom_model_data": 3420016
      },
      "model": "gm4:item/end_fishing/swords/iron_sword_16"
    },
    {
      "predicate": {
        "custom_model_data": 3420017
      },
      "model": "gm4:item/end_fishing/swords/iron_sword_17"
    },
    {
      "predicate": {
        "custom_model_data": 3420018
      },
      "model": "gm4:item/end_fishing/swords/iron_sword_18"
    },
    {
      "predicate": {
        "custom_model_data": 3420019
      },
      "model": "gm4:item/end_fishing/swords/iron_sword_19"
    },
    {
      "predicate": {
        "custom_model_data": 3420020
      },
      "model": "gm4:item/end_fishing/swords/iron_sword_20"
    },
    {
      "predicate": {
        "custom_model_data": 3420021
      },
      "model": "gm4:item/end_fishing/swords/iron_sword_21"
    },
    {
      "predicate": {
        "custom_model_data": 3420022
      },
      "model": "gm4:item/end_fishing/swords/iron_sword_22"
    },
    {
      "predicate": {
        "custom_model_data": 3420023
      },
      "model": "gm4:item/end_fishing/swords/iron_sword_23"
    },
    {
      "predicate": {
        "custom_model_data": 3420024
      },
      "model": "gm4:item/end_fishing/swords/iron_sword_24"
    },
    {
      "predicate": {
        "custom_model_data": 3420025
      },
      "model": "gm4:item/end_fishing/swords/iron_sword_25"
    },
    {
      "predicate": {
        "custom_model_data": 3420026
      },
      "model": "gm4:item/end_fishing/swords/iron_sword_26"
    },
    {
      "predicate": {
        "custom_model_data": 3420027
      },
      "model": "gm4:item/end_fishing/swords/iron_sword_27"
    },
    {
      "predicate": {
        "custom_model_data": 3420028
      },
      "model": "gm4:item/end_fishing/swords/iron_sword_28"
    },
    {
      "predicate": {
        "custom_model_data": 3420029
      },
      "model": "gm4:item/end_fishing/swords/iron_sword_29"
    },
    {
      "predicate": {
        "custom_model_data": 3420030
      },
      "model": "minecraft:item/iron_sword"
    },
    {
      "predicate": {
        "custom_model_data": 3420105
      },
      "model": "gm4:item/metallurgy/shamir/thorium/iron_sword"
    },
    {
      "predicate": {
        "custom_model_data": 3420106
      },
      "model": "minecraft:item/iron_sword"
    },
    {
      "predicate": {
        "custom_model_data": 3420108
      },
      "model": "gm4:item/metallurgy/shamir/barimium/iron_sword"
    },
    {
      "predicate": {
        "custom_model_data": 3420109
      },
      "model": "minecraft:item/iron_sword"
    },
    {
      "predicate": {
        "custom_model_data": 3420110
      },
      "model": "gm4:item/metallurgy/shamir/bismuth/iron_sword"
    },
    {
      "predicate": {
        "custom_model_data": 3420111
      },
      "model": "minecraft:item/iron_sword"
    },
    {
      "predicate": {
        "custom_model_data": 3420116
      },
      "model": "gm4:item/metallurgy/shamir/bismuth/iron_sword"
    },
    {
      "predicate": {
        "custom_model_data": 3420117
      },
      "model": "gm4:item/metallurgy/shamir/curies_bismium/iron_sword"
    },
    {
      "predicate": {
        "custom_model_data": 3420118
      },
      "model": "minecraft:item/iron_sword"
    },
    {
      "predicate": {
        "custom_model_data": 3420124
      },
      "model": "gm4:item/metallurgy/shamir/curies_bismium/iron_sword"
    },
    {
      "predicate": {
        "custom_model_data": 3420125
      },
      "model": "minecraft:item/iron_sword"
    }
  ]
}
