{
    "parent": "minecraft:block/iron_ore",
    "overrides": [
        {
            "predicate": {
                "custom_model_data": 2
            },
            "model": "gm4:block/smelteries/iron_ore_display"
        },
        {
            "predicate": {
                "custom_model_data": 3
            },
            "model": "minecraft:item/iron_ore"
        },
        {
            "predicate": {
                "custom_model_data": 3420002
            },
            "model": "gm4:block/smelteries/iron_ore_display"
        },
        {
            "predicate": {
                "custom_model_data": 3420003
            },
            "model": "minecraft:item/iron_ore"
        }
    ]
}
