{
  "parent": "minecraft:item/generated",
  "textures": {
    "layer0": "minecraft:item/iron_boots"
  },
  "overrides": [
    {
      "predicate": {
        "custom_model_data": 10
      },
      "model": "gm4:item/end_fishing/armor/iron_boots_10"
    },
    {
      "predicate": {
        "custom_model_data": 11
      },
      "model": "gm4:item/end_fishing/armor/iron_boots_11"
    },
    {
      "predicate": {
        "custom_model_data": 12
      },
      "model": "gm4:item/end_fishing/armor/iron_boots_12"
    },
    {
      "predicate": {
        "custom_model_data": 13
      },
      "model": "gm4:item/end_fishing/armor/iron_boots_13"
    },
    {
      "predicate": {
        "custom_model_data": 14
      },
      "model": "gm4:item/end_fishing/armor/iron_boots_14"
    },
    {
      "predicate": {
        "custom_model_data": 15
      },
      "model": "gm4:item/end_fishing/armor/iron_boots_15"
    },
    {
      "predicate": {
        "custom_model_data": 16
      },
      "model": "gm4:item/end_fishing/armor/iron_boots_16"
    },
    {
      "predicate": {
        "custom_model_data": 17
      },
      "model": "gm4:item/end_fishing/armor/iron_boots_17"
    },
    {
      "predicate": {
        "custom_model_data": 18
      },
      "model": "gm4:item/end_fishing/armor/iron_boots_18"
    },
    {
      "predicate": {
        "custom_model_data": 19
      },
      "model": "gm4:item/end_fishing/armor/iron_boots_19"
    },
    {
      "predicate": {
        "custom_model_data": 20
      },
      "model": "minecraft:item/iron_boots"
    },
    {
      "predicate": {
        "custom_model_data": 103
      },
      "model": "gm4:item/metallurgy/shamir/aluminium/iron_boots"
    },
    {
      "predicate": {
        "custom_model_data": 104
      },
      "model": "minecraft:item/iron_boots"
    },
    {
      "predicate": {
        "custom_model_data": 106
      },
      "model": "gm4:item/metallurgy/shamir/aluminium/iron_boots"
    },
    {
      "predicate": {
        "custom_model_data": 107
      },
      "model": "minecraft:item/iron_boots"
    },
    {
      "predicate": {
        "custom_model_data": 118
      },
      "model": "gm4:item/metallurgy/shamir/aluminium/iron_boots"
    },
    {
      "predicate": {
        "custom_model_data": 119
      },
      "model": "minecraft:item/iron_boots"
    },
    {
      "predicate": {
        "custom_model_data": 121
      },
      "model": "gm4:item/metallurgy/shamir/bismuth/iron_boots"
    },
    {
      "predicate": {
        "custom_model_data": 122
      },
      "model": "minecraft:item/iron_boots"
    },
    {
      "predicate": {
        "custom_model_data": 123
      },
      "model": "gm4:item/metallurgy/shamir/thorium/iron_boots"
    },
    {
      "predicate": {
        "custom_model_data": 124
      },
      "model": "gm4:item/metallurgy/shamir/curies_bismium/iron_boots"
    },
    {
      "predicate": {
        "custom_model_data": 125
      },
      "model": "minecraft:item/iron_boots"
    },
    {
      "predicate": {
        "custom_model_data": 87004
      },
      "model": "1_splatus:item/giant_boots_1"
    },
    {
      "predicate": {
        "custom_model_data": 3420010
      },
      "model": "gm4:item/end_fishing/armor/iron_boots_10"
    },
    {
      "predicate": {
        "custom_model_data": 3420011
      },
      "model": "gm4:item/end_fishing/armor/iron_boots_11"
    },
    {
      "predicate": {
        "custom_model_data": 3420012
      },
      "model": "gm4:item/end_fishing/armor/iron_boots_12"
    },
    {
      "predicate": {
        "custom_model_data": 3420013
      },
      "model": "gm4:item/end_fishing/armor/iron_boots_13"
    },
    {
      "predicate": {
        "custom_model_data": 3420014
      },
      "model": "gm4:item/end_fishing/armor/iron_boots_14"
    },
    {
      "predicate": {
        "custom_model_data": 3420015
      },
      "model": "gm4:item/end_fishing/armor/iron_boots_15"
    },
    {
      "predicate": {
        "custom_model_data": 3420016
      },
      "model": "gm4:item/end_fishing/armor/iron_boots_16"
    },
    {
      "predicate": {
        "custom_model_data": 3420017
      },
      "model": "gm4:item/end_fishing/armor/iron_boots_17"
    },
    {
      "predicate": {
        "custom_model_data": 3420018
      },
      "model": "gm4:item/end_fishing/armor/iron_boots_18"
    },
    {
      "predicate": {
        "custom_model_data": 3420019
      },
      "model": "gm4:item/end_fishing/armor/iron_boots_19"
    },
    {
      "predicate": {
        "custom_model_data": 3420020
      },
      "model": "minecraft:item/iron_boots"
    },
    {
      "predicate": {
        "custom_model_data": 3420103
      },
      "model": "gm4:item/metallurgy/shamir/aluminium/iron_boots"
    },
    {
      "predicate": {
        "custom_model_data": 3420104
      },
      "model": "minecraft:item/iron_boots"
    },
    {
      "predicate": {
        "custom_model_data": 3420106
      },
      "model": "gm4:item/metallurgy/shamir/aluminium/iron_boots"
    },
    {
      "predicate": {
        "custom_model_data": 3420107
      },
      "model": "minecraft:item/iron_boots"
    },
    {
      "predicate": {
        "custom_model_data": 3420118
      },
      "model": "gm4:item/metallurgy/shamir/aluminium/iron_boots"
    },
    {
      "predicate": {
        "custom_model_data": 3420119
      },
      "model": "minecraft:item/iron_boots"
    },
    {
      "predicate": {
        "custom_model_data": 3420121
      },
      "model": "gm4:item/metallurgy/shamir/bismuth/iron_boots"
    },
    {
      "predicate": {
        "custom_model_data": 3420122
      },
      "model": "minecraft:item/iron_boots"
    },
    {
      "predicate": {
        "custom_model_data": 3420123
      },
      "model": "gm4:item/metallurgy/shamir/thorium/iron_boots"
    },
    {
      "predicate": {
        "custom_model_data": 3420124
      },
      "model": "gm4:item/metallurgy/shamir/curies_bismium/iron_boots"
    },
    {
      "predicate": {
        "custom_model_data": 3420125
      },
      "model": "minecraft:item/iron_boots"
    }
  ]
}
