{
    "parent": "minecraft:item/generated",
    "textures": {
        "layer0": "minecraft:item/iron_chestplate"
    },
    "overrides": [
        {
            "predicate": {
                "custom_model_data": 1
            },
            "model": "gm4:item/sky_dimension/iron_chestplate_1"
        },
        {
            "predicate": {
                "custom_model_data": 2
            },
            "model": "gm4:gui/advancements/icon/guidebook/weighted_armour"
        },
        {
            "predicate": {
                "custom_model_data": 3
            },
            "model": "minecraft:item/iron_chestplate"
        },
        {
            "predicate": {
                "custom_model_data": 10
            },
            "model": "gm4:item/end_fishing/armor/iron_chestplate_10"
        },
        {
            "predicate": {
                "custom_model_data": 11
            },
            "model": "gm4:item/end_fishing/armor/iron_chestplate_11"
        },
        {
            "predicate": {
                "custom_model_data": 12
            },
            "model": "gm4:item/end_fishing/armor/iron_chestplate_12"
        },
        {
            "predicate": {
                "custom_model_data": 13
            },
            "model": "gm4:item/end_fishing/armor/iron_chestplate_13"
        },
        {
            "predicate": {
                "custom_model_data": 14
            },
            "model": "gm4:item/end_fishing/armor/iron_chestplate_14"
        },
        {
            "predicate": {
                "custom_model_data": 15
            },
            "model": "gm4:item/end_fishing/armor/iron_chestplate_15"
        },
        {
            "predicate": {
                "custom_model_data": 16
            },
            "model": "gm4:item/end_fishing/armor/iron_chestplate_16"
        },
        {
            "predicate": {
                "custom_model_data": 17
            },
            "model": "gm4:item/end_fishing/armor/iron_chestplate_17"
        },
        {
            "predicate": {
                "custom_model_data": 18
            },
            "model": "gm4:item/end_fishing/armor/iron_chestplate_18"
        },
        {
            "predicate": {
                "custom_model_data": 19
            },
            "model": "gm4:item/end_fishing/armor/iron_chestplate_19"
        },
        {
            "predicate": {
                "custom_model_data": 20
            },
            "model": "minecraft:item/iron_chestplate"
        },
        {
            "predicate": {
                "custom_model_data": 103
            },
            "model": "gm4:item/metallurgy/shamir/aluminium/iron_chestplate"
        },
        {
            "predicate": {
                "custom_model_data": 104
            },
            "model": "minecraft:item/iron_chestplate"
        },
        {
            "predicate": {
                "custom_model_data": 106
            },
            "model": "gm4:item/metallurgy/shamir/aluminium/iron_chestplate"
        },
        {
            "predicate": {
                "custom_model_data": 107
            },
            "model": "minecraft:item/iron_chestplate"
        },
        {
            "predicate": {
                "custom_model_data": 122
            },
            "model": "gm4:item/metallurgy/shamir/barium/iron_chestplate"
        },
        {
            "predicate": {
                "custom_model_data": 123
            },
            "model": "minecraft:item/iron_chestplate"
        },
        {
            "predicate": {
                "custom_model_data": 124
            },
            "model": "gm4:item/metallurgy/shamir/curies_bismium/iron_chestplate"
        },
        {
            "predicate": {
                "custom_model_data": 125
            },
            "model": "minecraft:item/iron_chestplate"
        },
        {
            "predicate": {
                "custom_model_data": 3420001
            },
            "model": "gm4:item/sky_dimension/iron_chestplate_1"
        },
        {
            "predicate": {
                "custom_model_data": 3420002
            },
            "model": "gm4:gui/advancements/icon/guidebook/weighted_armour"
        },
        {
            "predicate": {
                "custom_model_data": 3420003
            },
            "model": "minecraft:item/iron_chestplate"
        },
        {
            "predicate": {
                "custom_model_data": 3420010
            },
            "model": "gm4:item/end_fishing/armor/iron_chestplate_10"
        },
        {
            "predicate": {
                "custom_model_data": 3420011
            },
            "model": "gm4:item/end_fishing/armor/iron_chestplate_11"
        },
        {
            "predicate": {
                "custom_model_data": 3420012
            },
            "model": "gm4:item/end_fishing/armor/iron_chestplate_12"
        },
        {
            "predicate": {
                "custom_model_data": 3420013
            },
            "model": "gm4:item/end_fishing/armor/iron_chestplate_13"
        },
        {
            "predicate": {
                "custom_model_data": 3420014
            },
            "model": "gm4:item/end_fishing/armor/iron_chestplate_14"
        },
        {
            "predicate": {
                "custom_model_data": 3420015
            },
            "model": "gm4:item/end_fishing/armor/iron_chestplate_15"
        },
        {
            "predicate": {
                "custom_model_data": 3420016
            },
            "model": "gm4:item/end_fishing/armor/iron_chestplate_16"
        },
        {
            "predicate": {
                "custom_model_data": 3420017
            },
            "model": "gm4:item/end_fishing/armor/iron_chestplate_17"
        },
        {
            "predicate": {
                "custom_model_data": 3420018
            },
            "model": "gm4:item/end_fishing/armor/iron_chestplate_18"
        },
        {
            "predicate": {
                "custom_model_data": 3420019
            },
            "model": "gm4:item/end_fishing/armor/iron_chestplate_19"
        },
        {
            "predicate": {
                "custom_model_data": 3420020
            },
            "model": "minecraft:item/iron_chestplate"
        },
        {
            "predicate": {
                "custom_model_data": 3420103
            },
            "model": "gm4:item/metallurgy/shamir/aluminium/iron_chestplate"
        },
        {
            "predicate": {
                "custom_model_data": 3420104
            },
            "model": "minecraft:item/iron_chestplate"
        },
        {
            "predicate": {
                "custom_model_data": 3420106
            },
            "model": "gm4:item/metallurgy/shamir/aluminium/iron_chestplate"
        },
        {
            "predicate": {
                "custom_model_data": 3420107
            },
            "model": "minecraft:item/iron_chestplate"
        },
        {
            "predicate": {
                "custom_model_data": 3420122
            },
            "model": "gm4:item/metallurgy/shamir/barium/iron_chestplate"
        },
        {
            "predicate": {
                "custom_model_data": 3420123
            },
            "model": "minecraft:item/iron_chestplate"
        },
        {
            "predicate": {
                "custom_model_data": 3420124
            },
            "model": "gm4:item/metallurgy/shamir/curies_bismium/iron_chestplate"
        },
        {
            "predicate": {
                "custom_model_data": 3420125
            },
            "model": "minecraft:item/iron_chestplate"
        }
    ]
}
