{
  "parent": "minecraft:item/generated",
  "textures": {
    "layer0": "minecraft:item/iron_ingot"
  },
  "overrides": [
    {
      "predicate": {
        "custom_model_data": 10
      },
      "model": "gm4:item/end_fishing/ores/iron_ingot_10"
    },
    {
      "predicate": {
        "custom_model_data": 11
      },
      "model": "gm4:item/end_fishing/ores/iron_ingot_11"
    },
    {
      "predicate": {
        "custom_model_data": 12
      },
      "model": "gm4:item/end_fishing/ores/iron_ingot_12"
    },
    {
      "predicate": {
        "custom_model_data": 13
      },
      "model": "gm4:item/end_fishing/ores/iron_ingot_13"
    },
    {
      "predicate": {
        "custom_model_data": 14
      },
      "model": "gm4:item/end_fishing/ores/iron_ingot_14"
    },
    {
      "predicate": {
        "custom_model_data": 15
      },
      "model": "gm4:item/end_fishing/ores/iron_ingot_14"
    },
    {
      "predicate": {
        "custom_model_data": 16
      },
      "model": "minecraft:item/iron_ingot"
    },
    {
      "predicate": {
        "custom_model_data": 90000.0
      },
      "model": "stellarity:item/hallowed_ingot"
    },
    {
      "predicate": {
        "custom_model_data": 90001
      },
      "model": "stellarity:item/ancient_plating"
    },
    {
      "predicate": {
        "custom_model_data": 3420010
      },
      "model": "gm4:item/end_fishing/ores/iron_ingot_10"
    },
    {
      "predicate": {
        "custom_model_data": 3420011
      },
      "model": "gm4:item/end_fishing/ores/iron_ingot_11"
    },
    {
      "predicate": {
        "custom_model_data": 3420012
      },
      "model": "gm4:item/end_fishing/ores/iron_ingot_12"
    },
    {
      "predicate": {
        "custom_model_data": 3420013
      },
      "model": "gm4:item/end_fishing/ores/iron_ingot_13"
    },
    {
      "predicate": {
        "custom_model_data": 3420014
      },
      "model": "gm4:item/end_fishing/ores/iron_ingot_14"
    },
    {
      "predicate": {
        "custom_model_data": 3420015
      },
      "model": "gm4:item/end_fishing/ores/iron_ingot_14"
    },
    {
      "predicate": {
        "custom_model_data": 3420016
      },
      "model": "minecraft:item/iron_ingot"
    }
  ]
}
