{
    "parent": "minecraft:item/generated",
    "textures": {
        "layer0": "minecraft:block/ladder"
    },
    "overrides": [
        {
            "predicate": {
                "custom_model_data": 1
            },
            "model": "gm4:gui/advancements/icon/vertical_rails/vertical_rails"
        },
        {
            "predicate": {
                "custom_model_data": 2
            },
            "model": "gm4:gui/advancements/icon/guidebook/vertical_rails"
        },
        {
            "predicate": {
                "custom_model_data": 3
            },
            "model": "gm4:gui/advancements/icon/guidebook/tower_structures"
        },
        {
            "predicate": {
                "custom_model_data": 4
            },
            "model": "minecraft:item/ladder"
        },
        {
            "predicate": {
                "custom_model_data": 3420001
            },
            "model": "gm4:gui/advancements/icon/vertical_rails/vertical_rails"
        },
        {
            "predicate": {
                "custom_model_data": 3420002
            },
            "model": "gm4:gui/advancements/icon/guidebook/vertical_rails"
        },
        {
            "predicate": {
                "custom_model_data": 3420003
            },
            "model": "gm4:gui/advancements/icon/guidebook/tower_structures"
        },
        {
            "predicate": {
                "custom_model_data": 3420004
            },
            "model": "minecraft:item/ladder"
        }
    ]
}
