{
    "parent": "minecraft:item/generated",
    "textures": {
        "layer0": "minecraft:item/lava_bucket"
    },
    "overrides": [
        {
            "predicate": {
                "custom_model_data": 1
            },
            "model": "gm4:gui/advancements/icon/metallurgy/metallurgy_overheat_cast"
        },
        {
            "predicate": {
                "custom_model_data": 2
            },
            "model": "gm4:gui/advancements/icon/guidebook/standard_liquids"
        },
        {
            "predicate": {
                "custom_model_data": 3
            },
            "model": "minecraft:item/lava_bucket"
        },
        {
            "predicate": {
                "custom_model_data": 3420001
            },
            "model": "gm4:gui/advancements/icon/metallurgy/metallurgy_overheat_cast"
        },
        {
            "predicate": {
                "custom_model_data": 3420002
            },
            "model": "gm4:gui/advancements/icon/guidebook/standard_liquids"
        },
        {
            "predicate": {
                "custom_model_data": 3420003
            },
            "model": "minecraft:item/lava_bucket"
        }
    ]
}
