{
  "parent": "item/generated",
  "textures": {
    "layer0": "item/leather_leggings",
    "layer1": "item/leather_leggings_overlay"
  },
  "overrides": [
    {
      "predicate": {
        "custom_model_data": 1
      },
      "model": "gm4:gui/advancements/icon/guidebook/washing_tanks"
    },
    {
      "predicate": {
        "custom_model_data": 2
      },
      "model": "minecraft:item/leather_leggings"
    },
    {
      "predicate": {
        "custom_model_data": 103
      },
      "model": "gm4:item/metallurgy/shamir/aluminium/leather_leggings"
    },
    {
      "predicate": {
        "custom_model_data": 104
      },
      "model": "minecraft:item/leather_leggings"
    },
    {
      "predicate": {
        "custom_model_data": 106
      },
      "model": "gm4:item/metallurgy/shamir/aluminium/leather_leggings"
    },
    {
      "predicate": {
        "custom_model_data": 107
      },
      "model": "minecraft:item/leather_leggings"
    },
    {
      "predicate": {
        "custom_model_data": 124
      },
      "model": "gm4:item/metallurgy/shamir/curies_bismium/leather_leggings"
    },
    {
      "predicate": {
        "custom_model_data": 125
      },
      "model": "minecraft:item/leather_leggings"
    },
    {
      "predicate": {
        "custom_model_data": 90000.0
      },
      "model": "stellarity:item/ancient_armor/leggings"
    },
    {
      "predicate": {
        "custom_model_data": 90001
      },
      "model": "stellarity:item/hallowed_armor/leggings"
    },
    {
      "predicate": {
        "custom_model_data": 90002
      },
      "model": "stellarity:item/shulker_armor/leggings"
    },
    {
      "predicate": {
        "custom_model_data": 3420001
      },
      "model": "gm4:gui/advancements/icon/guidebook/washing_tanks"
    },
    {
      "predicate": {
        "custom_model_data": 3420002
      },
      "model": "minecraft:item/leather_leggings"
    },
    {
      "predicate": {
        "custom_model_data": 3420103
      },
      "model": "gm4:item/metallurgy/shamir/aluminium/leather_leggings"
    },
    {
      "predicate": {
        "custom_model_data": 3420104
      },
      "model": "minecraft:item/leather_leggings"
    },
    {
      "predicate": {
        "custom_model_data": 3420106
      },
      "model": "gm4:item/metallurgy/shamir/aluminium/leather_leggings"
    },
    {
      "predicate": {
        "custom_model_data": 3420107
      },
      "model": "minecraft:item/leather_leggings"
    },
    {
      "predicate": {
        "custom_model_data": 3420124
      },
      "model": "gm4:item/metallurgy/shamir/curies_bismium/leather_leggings"
    },
    {
      "predicate": {
        "custom_model_data": 3420125
      },
      "model": "minecraft:item/leather_leggings"
    }
  ]
}
