{
  "parent": "minecraft:item/generated",
  "textures": {
    "layer0": "item/leather_chestplate",
    "layer1": "item/leather_chestplate_overlay"
  },
  "overrides": [
    {
      "predicate": {
        "custom_model_data": 90000
      },
      "model": "stellarity:item/ancient_armor/chestplate"
    },
    {
      "predicate": {
        "custom_model_data": 90001
      },
      "model": "stellarity:item/hallowed_armor/chestplate"
    },
    {
      "predicate": {
        "custom_model_data": 90002
      },
      "model": "stellarity:item/shulker_armor/chestplate"
    },
    {
      "predicate": {
        "custom_model_data": 888502
      },
      "model": "item/custom/vitality_chestplate"
    },
    {
      "predicate": {
        "custom_model_data": 888503
      },
      "model": "item/custom/cloak_chestplate"
    }
  ]
}