{
    "parent": "minecraft:block/light_blue_concrete_powder",
    "overrides": [
        {
            "predicate": {
                "custom_model_data": 1
            },
            "model": "gm4:gui/advancements/icon/guidebook/cement_mixers"
        },
        {
            "predicate": {
                "custom_model_data": 2
            },
            "model": "minecraft:item/light_blue_concrete_powder"
        },
        {
            "predicate": {
                "custom_model_data": 3420001
            },
            "model": "gm4:gui/advancements/icon/guidebook/cement_mixers"
        },
        {
            "predicate": {
                "custom_model_data": 3420002
            },
            "model": "minecraft:item/light_blue_concrete_powder"
        }
    ]
}
