{
    "parent": "minecraft:block/lodestone",
    "overrides": [
        {
            "predicate": {
                "custom_model_data": 1
            },
            "model": "gm4:gui/advancements/icon/teleportation_anchors/teleportation_anchor"
        },
        {
            "predicate": {
                "custom_model_data": 2
            },
            "model": "minecraft:item/lodestone"
        },
        {
            "predicate": {
                "custom_model_data": 3420001
            },
            "model": "gm4:gui/advancements/icon/teleportation_anchors/teleportation_anchor"
        },
        {
            "predicate": {
                "custom_model_data": 3420002
            },
            "model": "minecraft:item/lodestone"
        }
    ]
}
