{
    "parent": "minecraft:block/mycelium",
    "overrides": [
        {
            "predicate": {
                "custom_model_data": 1
            },
            "model": "gm4:gui/advancements/icon/guidebook/shroomites"
        },
        {
            "predicate": {
                "custom_model_data": 2
            },
            "model": "minecraft:item/mycelium"
        },
        {
            "predicate": {
                "custom_model_data": 3420001
            },
            "model": "gm4:gui/advancements/icon/guidebook/shroomites"
        },
        {
            "predicate": {
                "custom_model_data": 3420002
            },
            "model": "minecraft:item/mycelium"
        }
    ]
}
