{
  "parent": "item/handheld",
  "textures": {
    "layer0": "item/netherite_sword"
  },
  "overrides": [
    {
      "predicate": {
        "custom_model_data": 47001
      },
      "model": "1_splatus:item/burnt_end_excalibur"
    },
    {
      "predicate": {
        "custom_model_data": 47014
      },
      "model": "1_splatus:item/burnt_windsweeper"
    },
    {
      "predicate": {
        "custom_model_data": 47015
      },
      "model": "1_splatus:item/burnt_witherblade"
    },
    {
      "predicate": {
        "custom_model_data": 47042
      },
      "model": "1_splatus:item/burnt_crucible"
    },
    {
      "predicate": {
        "custom_model_data": 47046
      },
      "model": "1_splatus:item/burnt_moonlight_edge"
    },
    {
      "predicate": {
        "custom_model_data": 47995
      },
      "model": "1_splatus:item/unused/light"
    },
    {
      "predicate": {
        "custom_model_data": 90000
      },
      "model": "stellarity:item/dragonblade"
    },
    {
      "predicate": {
        "custom_model_data": 90001
      },
      "model": "stellarity:item/shulker_tools/sword"
    },
    {
      "predicate": {
        "custom_model_data": 90002
      },
      "model": "stellarity:item/tamaris"
    },
    {
      "predicate": {
        "custom_model_data": 90003
      },
      "model": "stellarity:item/stella"
    },
    {
      "predicate": {
        "custom_model_data": 90004
      },
      "model": "stellarity:item/kaleidoscope"
    },
    {
      "predicate": {
        "custom_model_data": 888501
      },
      "model": "item/paxkeeper_sword"
    },
    {
      "predicate": {
        "custom_model_data": 1450000
      },
      "model": "incendium:item/patron/daybreaker"
    },
    {
      "predicate": {
        "custom_model_data": 1450001
      },
      "model": "incendium:item/patron/witherblade"
    },
    {
      "predicate": {
        "custom_model_data": 1450003
      },
      "model": "incendium:item/chilling"
    },
    {
      "predicate": {
        "custom_model_data": 1450004
      },
      "model": "incendium:item/sacrifice"
    },
    {
      "predicate": {
        "custom_model_data": 1450005
      },
      "model": "incendium:item/vampire"
    }
  ]
}