{
  "parent": "minecraft:item/generated",
  "textures": {
    "layer0": "minecraft:item/nether_brick"
  },
  "overrides": [
    {
      "predicate": {
        "custom_model_data": 1
      },
      "model": "gm4:item/sky_dimension/netherite_damascus_billet"
    },
    {
      "predicate": {
        "custom_model_data": 2
      },
      "model": "minecraft:item/nether_brick"
    },
    {
      "predicate": {
        "custom_model_data": 47051
      },
      "model": "1_splatus:item/nether_fortress_notch"
    },
    {
      "predicate": {
        "custom_model_data": 3420001
      },
      "model": "gm4:item/sky_dimension/netherite_damascus_billet"
    },
    {
      "predicate": {
        "custom_model_data": 3420002
      },
      "model": "minecraft:item/nether_brick"
    }
  ]
}
