{
    "parent": "minecraft:item/generated",
    "textures": {
        "layer0": "minecraft:item/oak_boat"
    },
    "overrides": [
        {
            "predicate": {
                "custom_model_data": 1
            },
            "model": "gm4:gui/advancements/icon/chest_boats/chest_boats"
        },
        {
            "predicate": {
                "custom_model_data": 2
            },
            "model": "gm4:gui/advancements/icon/guidebook/chest_boats"
        },
        {
            "predicate": {
                "custom_model_data": 3
            },
            "model": "minecraft:item/oak_boat"
        },
        {
            "predicate": {
                "custom_model_data": 3420001
            },
            "model": "gm4:gui/advancements/icon/chest_boats/chest_boats"
        },
        {
            "predicate": {
                "custom_model_data": 3420002
            },
            "model": "gm4:gui/advancements/icon/guidebook/chest_boats"
        },
        {
            "predicate": {
                "custom_model_data": 3420003
            },
            "model": "minecraft:item/oak_boat"
        }
    ]
}
