{
    "parent": "minecraft:block/oak_planks",
    "overrides": [
        {
            "predicate": {
                "custom_model_data": 1
            },
            "model": "gm4:gui/advancements/icon/desire_lines/desire_lines_8000"
        },
        {
            "predicate": {
                "custom_model_data": 2
            },
            "model": "minecraft:item/oak_planks"
        },
        {
            "predicate": {
                "custom_model_data": 3420001
            },
            "model": "gm4:gui/advancements/icon/desire_lines/desire_lines_8000"
        },
        {
            "predicate": {
                "custom_model_data": 3420002
            },
            "model": "minecraft:item/oak_planks"
        }
    ]
}
