{
    "parent": "minecraft:item/generated",
    "textures": {
        "layer0": "minecraft:item/paper"
    },
    "overrides": [
        {
            "predicate": {
                "custom_model_data": 1
            },
            "model": "gm4:item/book_binders/enchanted_page"
        },
        {
            "predicate": {
                "custom_model_data": 2
            },
            "model": "minecraft:item/paper"
        },
        {
            "predicate": {
                "custom_model_data": 3420001
            },
            "model": "gm4:item/book_binders/enchanted_page"
        },
        {
            "predicate": {
                "custom_model_data": 3420002
            },
            "model": "minecraft:item/paper"
        }
    ]
}
