{
    "parent": "minecraft:item/generated",
    "textures": {
        "layer0": "minecraft:item/phantom_membrane"
    },
    "overrides": [
        {
            "predicate": {
                "custom_model_data": 1
            },
            "model": "gm4:gui/advancements/icon/guidebook/enlarging_phantoms"
        },
        {
            "predicate": {
                "custom_model_data": 2
            },
            "model": "gm4:gui/advancements/icon/sky_dimension/sky_dimension_summon_colossal_phantom"
        },
        {
            "predicate": {
                "custom_model_data": 3
            },
            "model": "minecraft:item/phantom_membrane"
        },
        {
            "predicate": {
                "custom_model_data": 3420001
            },
            "model": "gm4:gui/advancements/icon/guidebook/enlarging_phantoms"
        },
        {
            "predicate": {
                "custom_model_data": 3420002
            },
            "model": "gm4:gui/advancements/icon/sky_dimension/sky_dimension_summon_colossal_phantom"
        },
        {
            "predicate": {
                "custom_model_data": 3420003
            },
            "model": "minecraft:item/phantom_membrane"
        }
    ]
}
