{
    "parent": "minecraft:block/piston_inventory",
    "overrides": [
        {
            "predicate": {
                "custom_model_data": 1
            },
            "model": "gm4:block/forming_press/forming_press"
        },
        {
            "predicate": {
                "custom_model_data": 2
            },
            "model": "gm4:gui/advancements/icon/tunnel_bores/tunnel_bores"
        },
        {
            "predicate": {
                "custom_model_data": 3
            },
            "model": "gm4:gui/advancements/icon/block_compressors/block_compressor"
        },
        {
            "predicate": {
                "custom_model_data": 4
            },
            "model": "gm4:gui/advancements/icon/guidebook/tunnel_bores"
        },
        {
            "predicate": {
                "custom_model_data": 5
            },
            "model": "gm4:gui/advancements/icon/guidebook/block_compressors"
        },
        {
            "predicate": {
                "custom_model_data": 6
            },
            "model": "gm4:block/forming_press/forming_press_side"
        },
        {
            "predicate": {
                "custom_model_data": 7
            },
            "model": "gm4:block/forming_press/forming_press_down"
        },
        {
            "predicate": {
                "custom_model_data": 8
            },
            "model": "minecraft:item/piston"
        },
        {
            "predicate": {
                "custom_model_data": 3420001
            },
            "model": "gm4:block/forming_press/forming_press"
        },
        {
            "predicate": {
                "custom_model_data": 3420002
            },
            "model": "gm4:gui/advancements/icon/tunnel_bores/tunnel_bores"
        },
        {
            "predicate": {
                "custom_model_data": 3420003
            },
            "model": "gm4:gui/advancements/icon/block_compressors/block_compressor"
        },
        {
            "predicate": {
                "custom_model_data": 3420004
            },
            "model": "gm4:gui/advancements/icon/guidebook/tunnel_bores"
        },
        {
            "predicate": {
                "custom_model_data": 3420005
            },
            "model": "gm4:gui/advancements/icon/guidebook/block_compressors"
        },
        {
            "predicate": {
                "custom_model_data": 3420006
            },
            "model": "gm4:block/forming_press/forming_press_side"
        },
        {
            "predicate": {
                "custom_model_data": 3420007
            },
            "model": "gm4:block/forming_press/forming_press_down"
        },
        {
            "predicate": {
                "custom_model_data": 3420008
            },
            "model": "minecraft:item/piston"
        }
    ]
}
