{
    "parent": "minecraft:item/generated",
    "textures": {
        "layer0": "minecraft:item/prismarine_shard"
    },
    "overrides": [
        {
            "predicate": {
                "custom_model_data": 1
            },
            "model": "gm4:item/zauber_cauldrons/enchanted_prismarine_shard"
        },
        {
            "predicate": {
                "custom_model_data": 2
            },
            "model": "minecraft:item/prismarine_shard"
        },
        {
            "predicate": {
                "custom_model_data": 3420001
            },
            "model": "gm4:item/zauber_cauldrons/enchanted_prismarine_shard"
        },
        {
            "predicate": {
                "custom_model_data": 3420002
            },
            "model": "minecraft:item/prismarine_shard"
        }
    ]
}
