{
    "parent": "minecraft:block/purpur_pillar",
    "overrides": [
        {
            "predicate": {
                "custom_model_data": 1
            },
            "model": "gm4:block/teleportation_anchors/teleportation_jammer"
        },
        {
            "predicate": {
                "custom_model_data": 2
            },
            "model": "minecraft:item/purpur_pillar"
        },
        {
            "predicate": {
                "custom_model_data": 3420001
            },
            "model": "gm4:block/teleportation_anchors/teleportation_jammer"
        },
        {
            "predicate": {
                "custom_model_data": 3420002
            },
            "model": "minecraft:item/purpur_pillar"
        }
    ]
}
