{
    "parent": "minecraft:item/generated",
    "textures": {
        "layer0": "minecraft:item/rabbit_hide"
    },
    "overrides": [
        {
            "predicate": {
                "custom_model_data": 1
            },
            "model": "gm4:item/bat_grenades/bat_leather"
        },
        {
            "predicate": {
                "custom_model_data": 2
            },
            "model": "minecraft:item/rabbit_hide"
        },
        {
            "predicate": {
                "custom_model_data": 3420001
            },
            "model": "gm4:item/bat_grenades/bat_leather"
        },
        {
            "predicate": {
                "custom_model_data": 3420002
            },
            "model": "minecraft:item/rabbit_hide"
        }
    ]
}
