{
    "parent": "minecraft:block/red_sand",
    "overrides": [
        {
            "predicate": {
                "custom_model_data": 1
            },
            "model": "gm4:block/smelteries/red_sand_display"
        },
        {
            "predicate": {
                "custom_model_data": 2
            },
            "model": "minecraft:item/red_sand"
        },
        {
            "predicate": {
                "custom_model_data": 3420001
            },
            "model": "gm4:block/smelteries/red_sand_display"
        },
        {
            "predicate": {
                "custom_model_data": 3420002
            },
            "model": "minecraft:item/red_sand"
        }
    ]
}
