{
    "parent": "minecraft:block/red_terracotta",
    "overrides": [
        {
            "predicate": {
                "custom_model_data": 1
            },
            "model": "gm4:gui/advancements/icon/guidebook/cooler_caves"
        },
        {
            "predicate": {
                "custom_model_data": 2
            },
            "model": "minecraft:item/red_terracotta"
        },
        {
            "predicate": {
                "custom_model_data": 3420001
            },
            "model": "gm4:gui/advancements/icon/guidebook/cooler_caves"
        },
        {
            "predicate": {
                "custom_model_data": 3420002
            },
            "model": "minecraft:item/red_terracotta"
        }
    ]
}
