{
    "parent": "minecraft:item/generated",
    "textures": {
        "layer0": "minecraft:item/rotten_flesh"
    },
    "overrides": [
        {
            "predicate": {
                "custom_model_data": 1
            },
            "model": "gm4:gui/advancements/icon/guidebook/undead_players"
        },
        {
            "predicate": {
                "custom_model_data": 2
            },
            "model": "gm4:gui/advancements/icon/guidebook/resurrecting_zombies"
        },
        {
            "predicate": {
                "custom_model_data": 3
            },
            "model": "minecraft:item/rotten_flesh"
        },
        {
            "predicate": {
                "custom_model_data": 3420001
            },
            "model": "gm4:gui/advancements/icon/guidebook/undead_players"
        },
        {
            "predicate": {
                "custom_model_data": 3420002
            },
            "model": "gm4:gui/advancements/icon/guidebook/resurrecting_zombies"
        },
        {
            "predicate": {
                "custom_model_data": 3420003
            },
            "model": "minecraft:item/rotten_flesh"
        }
    ]
}
