{
    "parent": "minecraft:item/generated",
    "textures": {
        "layer0": "minecraft:item/saddle"
    },
    "overrides": [
        {
            "predicate": {
                "custom_model_data": 1
            },
            "model": "gm4:gui/advancements/icon/pig_tractors/pig_tractors"
        },
        {
            "predicate": {
                "custom_model_data": 2
            },
            "model": "gm4:gui/advancements/icon/guidebook/chairs"
        },
        {
            "predicate": {
                "custom_model_data": 3
            },
            "model": "minecraft:item/saddle"
        },
        {
            "predicate": {
                "custom_model_data": 3420001
            },
            "model": "gm4:gui/advancements/icon/pig_tractors/pig_tractors"
        },
        {
            "predicate": {
                "custom_model_data": 3420002
            },
            "model": "gm4:gui/advancements/icon/guidebook/chairs"
        },
        {
            "predicate": {
                "custom_model_data": 3420003
            },
            "model": "minecraft:item/saddle"
        }
    ]
}
