{
    "parent": "minecraft:block/sand",
    "overrides": [
        {
            "predicate": {
                "custom_model_data": 1
            },
            "model": "gm4:block/smelteries/sand_display"
        },
        {
            "predicate": {
                "custom_model_data": 2
            },
            "model": "gm4:gui/advancements/icon/guidebook/sandy_husks"
        },
        {
            "predicate": {
                "custom_model_data": 3
            },
            "model": "minecraft:item/sand"
        },
        {
            "predicate": {
                "custom_model_data": 3420001
            },
            "model": "gm4:block/smelteries/sand_display"
        },
        {
            "predicate": {
                "custom_model_data": 3420002
            },
            "model": "gm4:gui/advancements/icon/guidebook/sandy_husks"
        },
        {
            "predicate": {
                "custom_model_data": 3420003
            },
            "model": "minecraft:item/sand"
        }
    ]
}
