{
    "parent": "minecraft:item/template_skull",
    "overrides": [
        {
            "predicate": {
                "custom_model_data": 1
            },
            "model": "gm4:gui/advancements/icon/guidebook/phantom_scarecrows"
        },
        {
            "predicate": {
                "custom_model_data": 2
            },
            "model": "minecraft:item/skeleton_skull"
        },
        {
            "predicate": {
                "custom_model_data": 3420001
            },
            "model": "gm4:gui/advancements/icon/guidebook/phantom_scarecrows"
        },
        {
            "predicate": {
                "custom_model_data": 3420002
            },
            "model": "minecraft:item/skeleton_skull"
        }
    ]
}
