{
    "parent": "minecraft:item/generated",
    "textures": {
        "layer0": "minecraft:item/slime_ball"
    },
    "overrides": [
        {
            "predicate": {
                "custom_model_data": 1
            },
            "model": "gm4:gui/advancements/icon/guidebook/slime_fests"
        },
        {
            "predicate": {
                "custom_model_data": 2
            },
            "model": "minecraft:item/slime_ball"
        },
        {
            "predicate": {
                "custom_model_data": 3420001
            },
            "model": "gm4:gui/advancements/icon/guidebook/slime_fests"
        },
        {
            "predicate": {
                "custom_model_data": 3420002
            },
            "model": "minecraft:item/slime_ball"
        }
    ]
}
