{
    "parent": "item/generated",
    "textures": {
        "layer0": "item/potion_overlay",
        "layer1": "item/splash_potion"
    },
    "overrides": [
        {
            "predicate": {
                "custom_model_data": 1
            },
            "model": "gm4:gui/advancements/icon/display_frames/display_frames"
        },
        {
            "predicate": {
                "custom_model_data": 2
            },
            "model": "gm4:gui/advancements/icon/guidebook/display_frames"
        },
        {
            "predicate": {
                "custom_model_data": 3
            },
            "model": "minecraft:item/splash_potion"
        },
        {
            "predicate": {
                "custom_model_data": 4
            },
            "model": "gm4:item/lightning_in_a_bottle/splash_lightning_in_a_bottle"
        },
        {
            "predicate": {
                "custom_model_data": 5
            },
            "model": "minecraft:item/splash_potion"
        },
        {
            "predicate": {
                "custom_model_data": 3420001
            },
            "model": "gm4:gui/advancements/icon/display_frames/display_frames"
        },
        {
            "predicate": {
                "custom_model_data": 3420002
            },
            "model": "gm4:gui/advancements/icon/guidebook/display_frames"
        },
        {
            "predicate": {
                "custom_model_data": 3420003
            },
            "model": "minecraft:item/splash_potion"
        },
        {
            "predicate": {
                "custom_model_data": 3420004
            },
            "model": "gm4:item/lightning_in_a_bottle/splash_lightning_in_a_bottle"
        },
        {
            "predicate": {
                "custom_model_data": 3420005
            },
            "model": "minecraft:item/splash_potion"
        }
    ]
}
