{
    "parent": "minecraft:item/generated",
    "textures": {
        "layer0": "minecraft:block/spruce_sapling"
    },
    "overrides": [
        {
            "predicate": {
                "custom_model_data": 5
            },
            "model": "gm4:gui/advancements/icon/guidebook/podzol_rooting_soil"
        },
        {
            "predicate": {
                "custom_model_data": 6
            },
            "model": "minecraft:item/spruce_sapling"
        },
        {
            "predicate": {
                "custom_model_data": 3420005
            },
            "model": "gm4:gui/advancements/icon/guidebook/podzol_rooting_soil"
        },
        {
            "predicate": {
                "custom_model_data": 3420006
            },
            "model": "minecraft:item/spruce_sapling"
        }
    ]
}
