{
    "parent": "minecraft:item/generated",
    "textures": {
        "layer0": "minecraft:item/spyglass"
    },
    "overrides": [
        {
            "predicate": {
                "custom_model_data": 124
            },
            "model": "gm4:item/metallurgy/shamir/curies_bismium/spyglass"
        },
        {
            "predicate": {
                "custom_model_data": 125
            },
            "model": "minecraft:item/spyglass"
        },
        {
            "predicate": {
                "custom_model_data": 3420124
            },
            "model": "gm4:item/metallurgy/shamir/curies_bismium/spyglass"
        },
        {
            "predicate": {
                "custom_model_data": 3420125
            },
            "model": "minecraft:item/spyglass"
        }
    ]
}
