{
  "parent": "minecraft:item/handheld",
  "textures": {
    "layer0": "minecraft:item/stone_sword"
  },
  "overrides": [
    {
      "predicate": {
        "custom_model_data": 1
      },
      "model": "gm4:item/sky_dimension/stone_sword_1"
    },
    {
      "predicate": {
        "custom_model_data": 2
      },
      "model": "minecraft:item/stone_sword"
    },
    {
      "predicate": {
        "custom_model_data": 105
      },
      "model": "gm4:item/metallurgy/shamir/thorium/stone_sword"
    },
    {
      "predicate": {
        "custom_model_data": 106
      },
      "model": "minecraft:item/stone_sword"
    },
    {
      "predicate": {
        "custom_model_data": 108
      },
      "model": "gm4:item/metallurgy/shamir/barimium/stone_sword"
    },
    {
      "predicate": {
        "custom_model_data": 109
      },
      "model": "minecraft:item/stone_sword"
    },
    {
      "predicate": {
        "custom_model_data": 110
      },
      "model": "gm4:item/metallurgy/shamir/bismuth/stone_sword"
    },
    {
      "predicate": {
        "custom_model_data": 111
      },
      "model": "minecraft:item/stone_sword"
    },
    {
      "predicate": {
        "custom_model_data": 116
      },
      "model": "gm4:item/metallurgy/shamir/bismuth/stone_sword"
    },
    {
      "predicate": {
        "custom_model_data": 117
      },
      "model": "gm4:item/metallurgy/shamir/curies_bismium/stone_sword"
    },
    {
      "predicate": {
        "custom_model_data": 118
      },
      "model": "minecraft:item/stone_sword"
    },
    {
      "predicate": {
        "custom_model_data": 124
      },
      "model": "gm4:item/metallurgy/shamir/curies_bismium/stone_sword"
    },
    {
      "predicate": {
        "custom_model_data": 125
      },
      "model": "minecraft:item/stone_sword"
    },
    {
      "predicate": {
        "custom_model_data": 27002
      },
      "model": "1_splatus:item/windswept"
    },
    {
      "predicate": {
        "custom_model_data": 27003
      },
      "model": "1_splatus:item/withering_sword"
    },
    {
      "predicate": {
        "custom_model_data": 47004
      },
      "model": "1_splatus:item/blazing_sword"
    },
    {
      "predicate": {
        "custom_model_data": 47005
      },
      "model": "1_splatus:item/blazing_sword_extinguish"
    },
    {
      "predicate": {
        "custom_model_data": 47006
      },
      "model": "1_splatus:item/cursed_sea_blade"
    },
    {
      "predicate": {
        "custom_model_data": 47014
      },
      "model": "1_splatus:item/windswept"
    },
    {
      "predicate": {
        "custom_model_data": 47015
      },
      "model": "1_splatus:item/withering_sword"
    },
    {
      "predicate": {
        "custom_model_data": 47020
      },
      "model": "1_splatus:item/evokers_wrath"
    },
    {
      "predicate": {
        "custom_model_data": 47021
      },
      "model": "1_splatus:item/evokers_wrath_ready"
    },
    {
      "predicate": {
        "custom_model_data": 47204
      },
      "model": "1_splatus:item/blazing_sword_soul_fire"
    },
    {
      "predicate": {
        "custom_model_data": 3420001
      },
      "model": "gm4:item/sky_dimension/stone_sword_1"
    },
    {
      "predicate": {
        "custom_model_data": 3420002
      },
      "model": "minecraft:item/stone_sword"
    },
    {
      "predicate": {
        "custom_model_data": 3420105
      },
      "model": "gm4:item/metallurgy/shamir/thorium/stone_sword"
    },
    {
      "predicate": {
        "custom_model_data": 3420106
      },
      "model": "minecraft:item/stone_sword"
    },
    {
      "predicate": {
        "custom_model_data": 3420108
      },
      "model": "gm4:item/metallurgy/shamir/barimium/stone_sword"
    },
    {
      "predicate": {
        "custom_model_data": 3420109
      },
      "model": "minecraft:item/stone_sword"
    },
    {
      "predicate": {
        "custom_model_data": 3420110
      },
      "model": "gm4:item/metallurgy/shamir/bismuth/stone_sword"
    },
    {
      "predicate": {
        "custom_model_data": 3420111
      },
      "model": "minecraft:item/stone_sword"
    },
    {
      "predicate": {
        "custom_model_data": 3420116
      },
      "model": "gm4:item/metallurgy/shamir/bismuth/stone_sword"
    },
    {
      "predicate": {
        "custom_model_data": 3420117
      },
      "model": "gm4:item/metallurgy/shamir/curies_bismium/stone_sword"
    },
    {
      "predicate": {
        "custom_model_data": 3420118
      },
      "model": "minecraft:item/stone_sword"
    },
    {
      "predicate": {
        "custom_model_data": 3420124
      },
      "model": "gm4:item/metallurgy/shamir/curies_bismium/stone_sword"
    },
    {
      "predicate": {
        "custom_model_data": 3420125
      },
      "model": "minecraft:item/stone_sword"
    }
  ]
}
