{
    "parent": "minecraft:item/handheld",
    "textures": {
        "layer0": "minecraft:item/stone_hoe"
    },
    "overrides": [
        {
            "predicate": {
                "custom_model_data": 109
            },
            "model": "gm4:item/metallurgy/shamir/barimium/stone_hoe"
        },
        {
            "predicate": {
                "custom_model_data": 110
            },
            "model": "minecraft:item/stone_hoe"
        },
        {
            "predicate": {
                "custom_model_data": 111
            },
            "model": "gm4:item/metallurgy/shamir/curies_bismium/stone_hoe"
        },
        {
            "predicate": {
                "custom_model_data": 112
            },
            "model": "minecraft:item/stone_hoe"
        },
        {
            "predicate": {
                "custom_model_data": 113
            },
            "model": "gm4:item/metallurgy/shamir/aluminium/stone_hoe"
        },
        {
            "predicate": {
                "custom_model_data": 114
            },
            "model": "minecraft:item/stone_hoe"
        },
        {
            "predicate": {
                "custom_model_data": 120
            },
            "model": "gm4:item/metallurgy/shamir/barium/stone_hoe"
        },
        {
            "predicate": {
                "custom_model_data": 121
            },
            "model": "minecraft:item/stone_hoe"
        },
        {
            "predicate": {
                "custom_model_data": 124
            },
            "model": "gm4:item/metallurgy/shamir/curies_bismium/stone_hoe"
        },
        {
            "predicate": {
                "custom_model_data": 125
            },
            "model": "minecraft:item/stone_hoe"
        },
        {
            "predicate": {
                "custom_model_data": 3420109
            },
            "model": "gm4:item/metallurgy/shamir/barimium/stone_hoe"
        },
        {
            "predicate": {
                "custom_model_data": 3420110
            },
            "model": "minecraft:item/stone_hoe"
        },
        {
            "predicate": {
                "custom_model_data": 3420111
            },
            "model": "gm4:item/metallurgy/shamir/curies_bismium/stone_hoe"
        },
        {
            "predicate": {
                "custom_model_data": 3420112
            },
            "model": "minecraft:item/stone_hoe"
        },
        {
            "predicate": {
                "custom_model_data": 3420113
            },
            "model": "gm4:item/metallurgy/shamir/aluminium/stone_hoe"
        },
        {
            "predicate": {
                "custom_model_data": 3420114
            },
            "model": "minecraft:item/stone_hoe"
        },
        {
            "predicate": {
                "custom_model_data": 3420120
            },
            "model": "gm4:item/metallurgy/shamir/barium/stone_hoe"
        },
        {
            "predicate": {
                "custom_model_data": 3420121
            },
            "model": "minecraft:item/stone_hoe"
        },
        {
            "predicate": {
                "custom_model_data": 3420124
            },
            "model": "gm4:item/metallurgy/shamir/curies_bismium/stone_hoe"
        },
        {
            "predicate": {
                "custom_model_data": 3420125
            },
            "model": "minecraft:item/stone_hoe"
        }
    ]
}
