{
    "parent": "item/generated",
    "textures": {
        "layer0": "item/tipped_arrow_head",
        "layer1": "item/tipped_arrow_base"
    },
    "overrides": [
        {
            "predicate": {
                "custom_model_data": 1
            },
            "model": "gm4:gui/advancements/icon/guidebook/tipped_skeletons"
        },
        {
            "predicate": {
                "custom_model_data": 2
            },
            "model": "gm4:gui/advancements/icon/sky_dimension/sky_dimension_airy_stray_levitation"
        },
        {
            "predicate": {
                "custom_model_data": 3
            },
            "model": "minecraft:item/tipped_arrow"
        },
        {
            "predicate": {
                "custom_model_data": 3420001
            },
            "model": "gm4:gui/advancements/icon/guidebook/tipped_skeletons"
        },
        {
            "predicate": {
                "custom_model_data": 3420002
            },
            "model": "gm4:gui/advancements/icon/sky_dimension/sky_dimension_airy_stray_levitation"
        },
        {
            "predicate": {
                "custom_model_data": 3420003
            },
            "model": "minecraft:item/tipped_arrow"
        }
    ]
}
