{
    "parent": "minecraft:item/generated",
    "textures": {
        "layer0": "minecraft:item/tropical_fish_bucket"
    },
    "overrides": [
        {
            "predicate": {
                "custom_model_data": 1
            },
            "model": "gm4:gui/advancements/icon/crossbow_cartridges/crossbow_cartridges_fish"
        },
        {
            "predicate": {
                "custom_model_data": 2
            },
            "model": "minecraft:item/tropical_fish_bucket"
        },
        {
            "predicate": {
                "custom_model_data": 3420001
            },
            "model": "gm4:gui/advancements/icon/crossbow_cartridges/crossbow_cartridges_fish"
        },
        {
            "predicate": {
                "custom_model_data": 3420002
            },
            "model": "minecraft:item/tropical_fish_bucket"
        }
    ]
}
