{
    "parent": "minecraft:item/generated",
    "textures": {
        "layer0": "minecraft:item/wheat"
    },
    "overrides": [
        {
            "predicate": {
                "custom_model_data": 1
            },
            "model": "gm4:gui/advancements/icon/guidebook/harvest_moons"
        },
        {
            "predicate": {
                "custom_model_data": 2
            },
            "model": "minecraft:item/wheat"
        },
        {
            "predicate": {
                "custom_model_data": 3420001
            },
            "model": "gm4:gui/advancements/icon/guidebook/harvest_moons"
        },
        {
            "predicate": {
                "custom_model_data": 3420002
            },
            "model": "minecraft:item/wheat"
        }
    ]
}
