{
    "parent": "minecraft:item/generated",
    "textures": {
        "layer0": "minecraft:item/white_dye"
    },
    "overrides": [
        {
            "predicate": {
                "custom_model_data": 3
            },
            "model": "gm4:item/sky_dimension/phantom_bait"
        },
        {
            "predicate": {
                "custom_model_data": 4
            },
            "model": "minecraft:item/white_dye"
        },
        {
            "predicate": {
                "custom_model_data": 3420003
            },
            "model": "gm4:item/sky_dimension/phantom_bait"
        },
        {
            "predicate": {
                "custom_model_data": 3420004
            },
            "model": "minecraft:item/white_dye"
        }
    ]
}
