{
    "parent": "minecraft:block/white_wool",
    "overrides": [
        {
            "predicate": {
                "custom_model_data": 1
            },
            "model": "gm4:gui/advancements/icon/sky_dimension/sky_dimension_sky_dimension"
        },
        {
            "predicate": {
                "custom_model_data": 2
            },
            "model": "minecraft:item/white_wool"
        },
        {
            "predicate": {
                "custom_model_data": 3420001
            },
            "model": "gm4:gui/advancements/icon/sky_dimension/sky_dimension_sky_dimension"
        },
        {
            "predicate": {
                "custom_model_data": 3420002
            },
            "model": "minecraft:item/white_wool"
        }
    ]
}
