{
  "parent": "minecraft:item/handheld",
  "textures": {
    "layer0": "minecraft:item/wooden_sword"
  },
  "overrides": [
    {
      "predicate": {
        "custom_model_data": 105
      },
      "model": "gm4:item/metallurgy/shamir/thorium/wooden_sword"
    },
    {
      "predicate": {
        "custom_model_data": 106
      },
      "model": "minecraft:item/wooden_sword"
    },
    {
      "predicate": {
        "custom_model_data": 108
      },
      "model": "gm4:item/metallurgy/shamir/barimium/wooden_sword"
    },
    {
      "predicate": {
        "custom_model_data": 109
      },
      "model": "minecraft:item/wooden_sword"
    },
    {
      "predicate": {
        "custom_model_data": 110
      },
      "model": "gm4:item/metallurgy/shamir/bismuth/wooden_sword"
    },
    {
      "predicate": {
        "custom_model_data": 111
      },
      "model": "minecraft:item/wooden_sword"
    },
    {
      "predicate": {
        "custom_model_data": 116
      },
      "model": "gm4:item/metallurgy/shamir/bismuth/wooden_sword"
    },
    {
      "predicate": {
        "custom_model_data": 117
      },
      "model": "gm4:item/metallurgy/shamir/curies_bismium/wooden_sword"
    },
    {
      "predicate": {
        "custom_model_data": 118
      },
      "model": "minecraft:item/wooden_sword"
    },
    {
      "predicate": {
        "custom_model_data": 124
      },
      "model": "gm4:item/metallurgy/shamir/curies_bismium/wooden_sword"
    },
    {
      "predicate": {
        "custom_model_data": 125
      },
      "model": "minecraft:item/wooden_sword"
    },
    {
      "predicate": {
        "custom_model_data": 90000.0
      },
      "model": "stellarity:item/ancient_wooden_sword"
    },
    {
      "predicate": {
        "custom_model_data": 3420105
      },
      "model": "gm4:item/metallurgy/shamir/thorium/wooden_sword"
    },
    {
      "predicate": {
        "custom_model_data": 3420106
      },
      "model": "minecraft:item/wooden_sword"
    },
    {
      "predicate": {
        "custom_model_data": 3420108
      },
      "model": "gm4:item/metallurgy/shamir/barimium/wooden_sword"
    },
    {
      "predicate": {
        "custom_model_data": 3420109
      },
      "model": "minecraft:item/wooden_sword"
    },
    {
      "predicate": {
        "custom_model_data": 3420110
      },
      "model": "gm4:item/metallurgy/shamir/bismuth/wooden_sword"
    },
    {
      "predicate": {
        "custom_model_data": 3420111
      },
      "model": "minecraft:item/wooden_sword"
    },
    {
      "predicate": {
        "custom_model_data": 3420116
      },
      "model": "gm4:item/metallurgy/shamir/bismuth/wooden_sword"
    },
    {
      "predicate": {
        "custom_model_data": 3420117
      },
      "model": "gm4:item/metallurgy/shamir/curies_bismium/wooden_sword"
    },
    {
      "predicate": {
        "custom_model_data": 3420118
      },
      "model": "minecraft:item/wooden_sword"
    },
    {
      "predicate": {
        "custom_model_data": 3420124
      },
      "model": "gm4:item/metallurgy/shamir/curies_bismium/wooden_sword"
    },
    {
      "predicate": {
        "custom_model_data": 3420125
      },
      "model": "minecraft:item/wooden_sword"
    }
  ]
}
