{
    "parent": "minecraft:item/handheld",
    "textures": {
        "layer0": "minecraft:item/wooden_pickaxe"
    },
    "overrides": [
        {
            "predicate": {
                "custom_model_data": 107
            },
            "model": "gm4:item/metallurgy/shamir/bismuth/wooden_pickaxe"
        },
        {
            "predicate": {
                "custom_model_data": 108
            },
            "model": "minecraft:item/wooden_pickaxe"
        },
        {
            "predicate": {
                "custom_model_data": 110
            },
            "model": "gm4:item/metallurgy/shamir/bismuth/wooden_pickaxe"
        },
        {
            "predicate": {
                "custom_model_data": 111
            },
            "model": "gm4:item/metallurgy/shamir/curies_bismium/wooden_pickaxe"
        },
        {
            "predicate": {
                "custom_model_data": 112
            },
            "model": "minecraft:item/wooden_pickaxe"
        },
        {
            "predicate": {
                "custom_model_data": 113
            },
            "model": "gm4:item/metallurgy/shamir/aluminium/wooden_pickaxe"
        },
        {
            "predicate": {
                "custom_model_data": 114
            },
            "model": "gm4:item/metallurgy/shamir/curies_bismium/wooden_pickaxe"
        },
        {
            "predicate": {
                "custom_model_data": 115
            },
            "model": "minecraft:item/wooden_pickaxe"
        },
        {
            "predicate": {
                "custom_model_data": 120
            },
            "model": "gm4:item/metallurgy/shamir/barium/wooden_pickaxe"
        },
        {
            "predicate": {
                "custom_model_data": 121
            },
            "model": "minecraft:item/wooden_pickaxe"
        },
        {
            "predicate": {
                "custom_model_data": 124
            },
            "model": "gm4:item/metallurgy/shamir/curies_bismium/wooden_pickaxe"
        },
        {
            "predicate": {
                "custom_model_data": 125
            },
            "model": "minecraft:item/wooden_pickaxe"
        },
        {
            "predicate": {
                "custom_model_data": 3420107
            },
            "model": "gm4:item/metallurgy/shamir/bismuth/wooden_pickaxe"
        },
        {
            "predicate": {
                "custom_model_data": 3420108
            },
            "model": "minecraft:item/wooden_pickaxe"
        },
        {
            "predicate": {
                "custom_model_data": 3420110
            },
            "model": "gm4:item/metallurgy/shamir/bismuth/wooden_pickaxe"
        },
        {
            "predicate": {
                "custom_model_data": 3420111
            },
            "model": "gm4:item/metallurgy/shamir/curies_bismium/wooden_pickaxe"
        },
        {
            "predicate": {
                "custom_model_data": 3420112
            },
            "model": "minecraft:item/wooden_pickaxe"
        },
        {
            "predicate": {
                "custom_model_data": 3420113
            },
            "model": "gm4:item/metallurgy/shamir/aluminium/wooden_pickaxe"
        },
        {
            "predicate": {
                "custom_model_data": 3420114
            },
            "model": "gm4:item/metallurgy/shamir/curies_bismium/wooden_pickaxe"
        },
        {
            "predicate": {
                "custom_model_data": 3420115
            },
            "model": "minecraft:item/wooden_pickaxe"
        },
        {
            "predicate": {
                "custom_model_data": 3420120
            },
            "model": "gm4:item/metallurgy/shamir/barium/wooden_pickaxe"
        },
        {
            "predicate": {
                "custom_model_data": 3420121
            },
            "model": "minecraft:item/wooden_pickaxe"
        },
        {
            "predicate": {
                "custom_model_data": 3420124
            },
            "model": "gm4:item/metallurgy/shamir/curies_bismium/wooden_pickaxe"
        },
        {
            "predicate": {
                "custom_model_data": 3420125
            },
            "model": "minecraft:item/wooden_pickaxe"
        }
    ]
}
