{
    "parent": "minecraft:item/generated",
    "textures": {
        "layer0": "minecraft:item/writable_book"
    },
    "overrides": [
        {
            "predicate": {
                "custom_model_data": 1
            },
            "model": "gm4:gui/advancements/icon/guidebook/better_armour_stands"
        },
        {
            "predicate": {
                "custom_model_data": 2
            },
            "model": "minecraft:item/writable_book"
        },
        {
            "predicate": {
                "custom_model_data": 3420001
            },
            "model": "gm4:gui/advancements/icon/guidebook/better_armour_stands"
        },
        {
            "predicate": {
                "custom_model_data": 3420002
            },
            "model": "minecraft:item/writable_book"
        }
    ]
}
