{
  "parent": "minecraft:item/generated",
  "textures": {
    "layer0": "minecraft:item/written_book"
  },
  "overrides": [
    {
      "predicate": {
        "custom_model_data": 1
      },
      "model": "gm4:item/guidebook/guidebook"
    },
    {
      "predicate": {
        "custom_model_data": 2
      },
      "model": "minecraft:item/written_book"
    },
    {
      "predicate": {
        "custom_model_data": 90000.0
      },
      "model": "stellarity:item/cursed_tome"
    },
    {
      "predicate": {
        "custom_model_data": 3420001
      },
      "model": "gm4:item/guidebook/guidebook"
    },
    {
      "predicate": {
        "custom_model_data": 3420002
      },
      "model": "minecraft:item/written_book"
    }
  ]
}
