{
    "parent": "minecraft:item/template_skull",
    "overrides": [
        {
            "predicate": {
                "custom_model_data": 1
            },
            "model": "gm4:gui/advancements/icon/undead_players/undead_players"
        },
        {
            "predicate": {
                "custom_model_data": 2
            },
            "model": "minecraft:item/zombie_head"
        },
        {
            "predicate": {
                "custom_model_data": 3420001
            },
            "model": "gm4:gui/advancements/icon/undead_players/undead_players"
        },
        {
            "predicate": {
                "custom_model_data": 3420002
            },
            "model": "minecraft:item/zombie_head"
        }
    ]
}
