{
    "powers": [
        "vstellarhunter:gather",
        "vstellarhunter:cloak",
        "vstellarhunter:nova",
        "vstellarhunter:residue",
        "vstellarhunter:blink",
        "vstellarhunter:adapt",
        "vstellarhunter:focus",
        "vstellarhunter:clothes",
        "vstellarhunter:shock"
    ],
    "order": 1,
    "impact": 3,
    "icon": {
        "item": "crying_obsidian"
    },
    "name": "Stellaxi",
    "description": "Advanced aliens that can shape stardust with unnatural precision, the Stellaxi are masters of aerial combat."
}