{
    "hidden": true,
    "type": "origins:multiple",
    "proj": {
        "type": "origins:modify_projectile_damage",
        "damage_condition": {
            "type": "origins:projectile",
            "projectile": "snowball",
            "projectile_condition": {
                "type": "origins:nbt",
                "nbt": "{Tags:['vheretic.proj']}"
            }
        },
        "modifier": {
            "value": 0.01,
            "operation": "addition"
        }
    },
    "prev": {
        "type": "origins:prevent_block_use",
        "block_condition": {
            "type": "origins:constant",
            "value": true
        },
        "condition": {
            "type": "origins:command",
            "command": "execute if data entity @s SelectedItem.tag.vheretic_spell",
            "compare_to": 1,
            "comparison": "=="
        }
    }
}