{
    "hidden": true,
    "type": "origins:multiple",
    "hitentity": {
        "type": "origins:action_on_hit",
        "damage_condition": {
            "type": "origins:projectile",
            "projectile": "arrow",
            "projectile_condition": {
                "type": "origins:nbt",
                "nbt": "{Tags:['vheretic.bubble']}"
            }
        },
        "bientity_action": {
            "type": "origins:and",
            "actions": [
                {
                    "type": "origins:actor_action",
                    "action": {
                        "type": "origins:execute_command",
                        "command": "tag @s add vheretic.bubble_immune"
                    }
                },
                {
                    "type": "origins:damage",
                    "amount": 5,
                    "damage_type": "player_attack"
                },
                {
                    "type": "origins:target_action",
                    "action": {
                        "type": "origins:area_of_effect",
                        "radius": 4,
                        "include_target": true,
                        "bientity_condition": {
                            "type": "origins:target_condition",
                            "condition": {
                                "type": "origins:command",
                                "command": "execute if entity @s[tag=vheretic.bubble_immune]",
                                "compare_to": 0,
                                "comparison": "=="
                            }
                        },
                        "bientity_action": {
                            "type": "origins:target_action",
                            "action": {
                                "type": "origins:grant_power",
                                "power": "*:effects/bubbled",
                                "source": "vheretic:debuff"
                            }
                        }
                    }
                },
                {
                    "type": "origins:actor_action",
                    "action": {
                        "type": "origins:execute_command",
                        "command": "tag @s remove vheretic.bubble_immune"
                    }
                }
            ]
        }
    },
    "activate": {
        "type": "origins:active_self",
        "key": {
            "key": "key.use"
        },
        "cooldown": 20,
        "condition": {
            "type": "origins:equipped_item",
            "equipment_slot": "mainhand",
            "item_condition": {
                "type": "origins:and",
                "conditions": [
                    {
                        "type": "origins:nbt",
                        "nbt": "{vheretic_spell:'waterbubble'}"
                    },
                    {
                        "type": "origins:empty",
                        "inverted": true
                    }
                ]
            }
        },
        "entity_action": {
            "type": "origins:and",
            "actions": [
                {
                    "type": "origins:fire_projectile",
                    "entity_type": "arrow",
                    "tag": "{Tags:['vheretic.bubble','vheretic.size0']}",
                    "speed": 1.3,
                    "divergence": 0
                },
                {
                    "type": "origins:execute_command",
                    "command": "function vheretic:util/size0"
                },
                {
                    "type": "origins:execute_command",
                    "command": "playsound minecraft:entity.snowball.throw master @s ~ ~ ~ 1 0.68"
                },
                {
                    "type": "origins:execute_command",
                    "command": "function vheretic:util/spell_durability"
                }
            ]
        }
    }
}