{
    "hidden": true,
    "type": "origins:multiple",
    "activate": {
        "type": "origins:active_self",
        "key": {
            "key": "key.use"
        },
        "cooldown": 20,
        "condition": {
            "type": "origins:equipped_item",
            "equipment_slot": "mainhand",
            "item_condition": {
                "type": "origins:and",
                "conditions": [
                    {
                        "type": "origins:nbt",
                        "nbt": "{vheretic_spell:'faintlight'}"
                    },
                    {
                        "type": "origins:empty",
                        "inverted": true
                    }
                ]
            }
        },
        "entity_action": {
            "type": "origins:and",
            "actions": [
                {
                    "type": "origins:fire_projectile",
                    "entity_type": "arrow",
                    "tag": "{Tags:['vheretic.faintlight.proj','vheretic.size0']}",
                    "speed": 1.3,
                    "divergence": 0
                },
                {
                    "type": "origins:execute_command",
                    "command": "function vheretic:util/size0"
                },
                {
                    "type": "origins:execute_command",
                    "command": "playsound minecraft:block.amethyst_block.break master @s ~ ~ ~"
                },
                {
                    "type": "origins:execute_command",
                    "command": "function vheretic:util/spell_durability"
                }
            ]
        }
    }
}