{
    "hidden": true,
    "type": "origins:multiple",
    "hitentity": {
        "type": "origins:action_on_hit",
        "damage_condition": {
            "type": "origins:projectile",
            "projectile": "arrow",
            "projectile_condition": {
                "type": "origins:nbt",
                "nbt": "{Tags:['vheretic.spark']}"
            }
        },
        "bientity_action": {
            "type": "origins:and",
            "actions": [
                {
                    "type": "origins:damage",
                    "amount": 3,
                    "damage_type": "on_fire"
                },
                {
                    "type": "origins:target_action",
                    "action": {
                        "type": "origins:set_on_fire",
                        "duration": 5
                    }
                }
            ]
        }
    },
    "activate": {
        "type": "origins:active_self",
        "key": {
            "key": "key.use"
        },
        "cooldown": 20,
        "condition": {
            "type": "origins:equipped_item",
            "equipment_slot": "mainhand",
            "item_condition": {
                "type": "origins:and",
                "conditions": [
                    {
                        "type": "origins:nbt",
                        "nbt": "{vheretic_spell:'ember'}"
                    },
                    {
                        "type": "origins:empty",
                        "inverted": true
                    }
                ]
            }
        },
        "entity_action": {
            "type": "origins:and",
            "actions": [
                {
                    "type": "origins:fire_projectile",
                    "entity_type": "arrow",
                    "tag": "{Tags:['vheretic.spark','vheretic.size0']}",
                    "speed": 1.3,
                    "divergence": 0
                },
                {
                    "type": "origins:execute_command",
                    "command": "function vheretic:util/size0"
                },
                {
                    "type": "origins:execute_command",
                    "command": "playsound entity.blaze.shoot master @s ~ ~ ~ 0.6 1.6"
                },
                {
                    "type": "origins:execute_command",
                    "command": "function vheretic:util/spell_durability"
                }
            ]
        }
    }
}