{
    "powers": [
        "vhotshot:style",
        "vhotshot:onfire",
        "vhotshot:impact",
        "vhotshot:hazedesc",
        "vhotshot:flair",
        "vhotshot:final",
        "vhotshot:whirl",
        "vhotshot:whirlfeint",
        "vhotshot:armor",
        "vhotshot:break"
    ],
    "order": 1,
    "impact": 3,
    "icon": {
        "item": "fire_charge"
    },
    "name": "Hotshot",
    "description": "Hotshots are flamboyant gunslingers who have an affinity for style and a short fuse."
}