{
    "hidden": true,
    "type": "origins:multiple",
    "adaptating_projectiles": {
        "type": "origins:self_action_when_hit",
        "entity_action": {
            "type": "origins:and",
            "actions": [
                {
                    "type": "origins:change_resource",
                    "resource": "adapt:resources_projectiles",
                    "change": 1
                },
                {
                    "type": "origins:execute_command",
                    "command": "playsound minecraft:ui.cartography_table.take_result player @a[distance=..20] ~ ~ ~ 100 2",
                    "permission_level": 4
                },
                {
                    "type": "origins:execute_command",
                    "command": "power grant @s adapt:powers_cooldown_timer",
                    "permission_level": 4
                },
                {
                    "type": "origins:execute_command",
                    "command": "power grant @s adapt:powers_projectiles",
                    "permission_level": 4
                },
                {
                    "type": "origins:execute_command",
                    "command": "particle minecraft:entity_effect ~ ~ ~ 0.6 0.9 0.6 1 1000",
                    "permission_level": 4
                },
                {
                    "type": "origins:execute_command",
                    "command": "title @s actionbar [\"\",{\"text\":\"You adapted to Projectiles for 1 minute, you will be able to adapt again in 3 minutes.\",\"color\":\"dark_green\"}]"
                },
                {
                    "type": "origins:change_resource",
                    "resource": "adapt:resources_cooldown",
                    "change": -1
                }
            ]
        },
        "damage_condition": {
            "type": "origins:in_tag",
            "tag": "minecraft:is_projectile"
        },
        "cooldown": 1,
        "condition": {
            "type": "origins:and",
            "conditions": [
                {
                    "type": "origins:resource",
                    "resource": "adapt:resources_cooldown",
                    "comparison": "==",
                    "compare_to": 1
                },
                {
                    "type": "origins:power_active",
                    "power": "adapt:resources_toggle",
                    "inverted": true
                }
            ]
        }
    },
    "immunity_projectiles": {
        "type": "origins:invulnerability",
        "damage_condition": {
            "type": "origins:in_tag",
            "tag": "minecraft:is_projectile"
        },
        "condition": {
            "type": "origins:resource",
            "resource": "adapt:resources_projectiles",
            "comparison": "==",
            "compare_to": 1
        }
    },
    "adaptating_explosions": {
        "type": "origins:self_action_when_hit",
        "entity_action": {
            "type": "origins:and",
            "actions": [
                {
                    "type": "origins:change_resource",
                    "resource": "adapt:resources_explosions",
                    "change": 1
                },
                {
                    "type": "origins:execute_command",
                    "command": "playsound minecraft:ui.cartography_table.take_result player @a[distance=..20] ~ ~ ~ 100 2",
                    "permission_level": 4
                },
                {
                    "type": "origins:execute_command",
                    "command": "power grant @s adapt:powers_cooldown_timer",
                    "permission_level": 4
                },
                {
                    "type": "origins:execute_command",
                    "command": "power grant @s adapt:powers_explosions",
                    "permission_level": 4
                },
                {
                    "type": "origins:execute_command",
                    "command": "particle minecraft:entity_effect ~ ~ ~ 0.6 0.9 0.6 1 1000",
                    "permission_level": 4
                },
                {
                    "type": "origins:execute_command",
                    "command": "title @s actionbar [\"\",{\"text\":\"You adapted to Explosions for 1 minute, you will be able to adapt again in 3 minutes.\",\"color\":\"dark_green\"}]"
                },
                {
                    "type": "origins:change_resource",
                    "resource": "adapt:resources_cooldown",
                    "change": -1
                }
            ]
        },
        "damage_condition": {
            "type": "origins:in_tag",
            "tag": "minecraft:is_explosion"
        },
        "cooldown": 1,
        "condition": {
            "type": "origins:and",
            "conditions": [
                {
                    "type": "origins:resource",
                    "resource": "adapt:resources_cooldown",
                    "comparison": "==",
                    "compare_to": 1
                },
                {
                    "type": "origins:power_active",
                    "power": "adapt:resources_toggle",
                    "inverted": true
                }
            ]
        }
    },
    "immunity_explosions": {
        "type": "origins:invulnerability",
        "damage_condition": {
            "type": "origins:in_tag",
            "tag": "minecraft:is_explosion"
        },
        "condition": {
            "type": "origins:resource",
            "resource": "adapt:resources_explosions",
            "comparison": "==",
            "compare_to": 1
        }
    },
    "adaptating_fire": {
        "type": "origins:self_action_when_hit",
        "entity_action": {
            "type": "origins:and",
            "actions": [
                {
                    "type": "origins:change_resource",
                    "resource": "adapt:resources_fire",
                    "change": 1
                },
                {
                    "type": "origins:execute_command",
                    "command": "playsound minecraft:ui.cartography_table.take_result player @a[distance=..20] ~ ~ ~ 100 2",
                    "permission_level": 4
                },
                {
                    "type": "origins:execute_command",
                    "command": "power grant @s adapt:powers_cooldown_timer",
                    "permission_level": 4
                },
                {
                    "type": "origins:execute_command",
                    "command": "power grant @s adapt:powers_fire",
                    "permission_level": 4
                },
                {
                    "type": "origins:execute_command",
                    "command": "particle minecraft:entity_effect ~ ~ ~ 0.6 0.9 0.6 1 1000",
                    "permission_level": 4
                },
                {
                    "type": "origins:execute_command",
                    "command": "title @s actionbar [\"\",{\"text\":\"You adapted to Fire for 1 minute, you will be able to adapt again in 3 minutes.\",\"color\":\"dark_green\"}]"
                },
                {
                    "type": "origins:change_resource",
                    "resource": "adapt:resources_cooldown",
                    "change": -1
                }
            ]
        },
        "damage_condition": {
            "type": "origins:in_tag",
            "tag": "minecraft:is_fire"
        },
        "cooldown": 1,
        "condition": {
            "type": "origins:and",
            "conditions": [
                {
                    "type": "origins:resource",
                    "resource": "adapt:resources_cooldown",
                    "comparison": "==",
                    "compare_to": 1
                },
                {
                    "type": "origins:power_active",
                    "power": "adapt:resources_toggle",
                    "inverted": true
                }
            ]
        }
    },
    "immunity_fire": {
        "type": "origins:invulnerability",
        "damage_condition": {
            "type": "origins:in_tag",
            "tag": "minecraft:is_fire"
        },
        "condition": {
            "type": "origins:resource",
            "resource": "adapt:resources_fire",
            "comparison": "==",
            "compare_to": 1
        }
    },
    "swim_lava": {
        "type": "origins:swimming",
        "condition": {
            "type": "origins:and",
            "conditions": [
                {
                    "type": "origins:resource",
                    "resource": "adapt:resources_fire",
                    "comparison": "==",
                    "compare_to": 1
                },
                {
                    "type": "origins:fluid_height",
                    "fluid": "minecraft:lava",
                    "comparison": ">",
                    "compare_to": 0.0,
                    "inverted": false
                }
            ]
        }
    },
    "adaptating_fall": {
        "type": "origins:self_action_when_hit",
        "entity_action": {
            "type": "origins:and",
            "actions": [
                {
                    "type": "origins:change_resource",
                    "resource": "adapt:resources_fall",
                    "change": 1
                },
                {
                    "type": "origins:execute_command",
                    "command": "playsound minecraft:ui.cartography_table.take_result player @a[distance=..20] ~ ~ ~ 100 2",
                    "permission_level": 4
                },
                {
                    "type": "origins:execute_command",
                    "command": "power grant @s adapt:powers_cooldown_timer",
                    "permission_level": 4
                },
                {
                    "type": "origins:execute_command",
                    "command": "power grant @s adapt:powers_fall",
                    "permission_level": 4
                },
                {
                    "type": "origins:execute_command",
                    "command": "particle minecraft:entity_effect ~ ~ ~ 0.6 0.9 0.6 1 1000",
                    "permission_level": 4
                },
                {
                    "type": "origins:execute_command",
                    "command": "title @s actionbar [\"\",{\"text\":\"You adapted to Falling Damage for 1 minute, you will be able to adapt again in 3 minutes.\",\"color\":\"dark_green\"}]"
                },
                {
                    "type": "origins:change_resource",
                    "resource": "adapt:resources_cooldown",
                    "change": -1
                }
            ]
        },
        "damage_condition": {
            "type": "origins:in_tag",
            "tag": "minecraft:is_fall"
        },
        "cooldown": 1,
        "condition": {
            "type": "origins:and",
            "conditions": [
                {
                    "type": "origins:resource",
                    "resource": "adapt:resources_cooldown",
                    "comparison": "==",
                    "compare_to": 1
                },
                {
                    "type": "origins:power_active",
                    "power": "adapt:resources_toggle",
                    "inverted": true
                }
            ]
        }
    },
    "immunity_fall": {
        "type": "origins:invulnerability",
        "damage_condition": {
            "type": "origins:in_tag",
            "tag": "minecraft:is_fall"
        },
        "condition": {
            "type": "origins:resource",
            "resource": "adapt:resources_fall",
            "comparison": "==",
            "compare_to": 1
        }
    },
    "adaptating_magic": {
        "type": "origins:self_action_when_hit",
        "entity_action": {
            "type": "origins:and",
            "actions": [
                {
                    "type": "origins:change_resource",
                    "resource": "adapt:resources_magic",
                    "change": 1
                },
                {
                    "type": "origins:execute_command",
                    "command": "playsound minecraft:ui.cartography_table.take_result player @a[distance=..20] ~ ~ ~ 100 2",
                    "permission_level": 4
                },
                {
                    "type": "origins:execute_command",
                    "command": "power grant @s adapt:powers_cooldown_timer",
                    "permission_level": 4
                },
                {
                    "type": "origins:execute_command",
                    "command": "power grant @s adapt:powers_magic",
                    "permission_level": 4
                },
                {
                    "type": "origins:execute_command",
                    "command": "particle minecraft:entity_effect ~ ~ ~ 0.6 0.9 0.6 1 1000",
                    "permission_level": 4
                },
                {
                    "type": "origins:execute_command",
                    "command": "title @s actionbar [\"\",{\"text\":\"You adapted to Magic Damage for 1 minute, you will be able to adapt again in 3 minutes.\",\"color\":\"dark_green\"}]"
                },
                {
                    "type": "origins:change_resource",
                    "resource": "adapt:resources_cooldown",
                    "change": -1
                }
            ]
        },
        "damage_condition": {
            "type": "origins:in_tag",
            "tag": "minecraft:witch_resistant_to"
        },
        "cooldown": 1,
        "condition": {
            "type": "origins:and",
            "conditions": [
                {
                    "type": "origins:resource",
                    "resource": "adapt:resources_cooldown",
                    "comparison": "==",
                    "compare_to": 1
                },
                {
                    "type": "origins:power_active",
                    "power": "adapt:resources_toggle",
                    "inverted": true
                }
            ]
        }
    },
    "immunity_magic": {
        "type": "origins:invulnerability",
        "damage_condition": {
            "type": "origins:in_tag",
            "tag": "minecraft:witch_resistant_to"
        },
        "condition": {
            "type": "origins:resource",
            "resource": "adapt:resources_magic",
            "comparison": "==",
            "compare_to": 1
        }
    },
    "adaptating_freezing": {
        "type": "origins:self_action_when_hit",
        "entity_action": {
            "type": "origins:and",
            "actions": [
                {
                    "type": "origins:change_resource",
                    "resource": "adapt:resources_freezing",
                    "change": 1
                },
                {
                    "type": "origins:execute_command",
                    "command": "playsound minecraft:ui.cartography_table.take_result player @a[distance=..20] ~ ~ ~ 100 2",
                    "permission_level": 4
                },
                {
                    "type": "origins:execute_command",
                    "command": "power grant @s adapt:powers_cooldown_timer",
                    "permission_level": 4
                },
                {
                    "type": "origins:execute_command",
                    "command": "power grant @s adapt:powers_freezing",
                    "permission_level": 4
                },
                {
                    "type": "origins:execute_command",
                    "command": "particle minecraft:entity_effect ~ ~ ~ 0.6 0.9 0.6 1 1000",
                    "permission_level": 4
                },
                {
                    "type": "origins:execute_command",
                    "command": "title @s actionbar [\"\",{\"text\":\"You adapted to Freezing Damage for 1 minute, you will be able to adapt again in 3 minutes.\",\"color\":\"dark_green\"}]"
                },
                {
                    "type": "origins:change_resource",
                    "resource": "adapt:resources_cooldown",
                    "change": -1
                }
            ]
        },
        "damage_condition": {
            "type": "origins:in_tag",
            "tag": "minecraft:is_freezing"
        },
        "cooldown": 1,
        "condition": {
            "type": "origins:and",
            "conditions": [
                {
                    "type": "origins:resource",
                    "resource": "adapt:resources_cooldown",
                    "comparison": "==",
                    "compare_to": 1
                },
                {
                    "type": "origins:power_active",
                    "power": "adapt:resources_toggle",
                    "inverted": true
                }
            ]
        }
    },
    "immunity_freezing": {
        "type": "origins:invulnerability",
        "damage_condition": {
            "type": "origins:in_tag",
            "tag": "minecraft:is_freezing"
        },
        "condition": {
            "type": "origins:resource",
            "resource": "adapt:resources_freezing",
            "comparison": "==",
            "compare_to": 1
        }
    },
    "adaptating_lightning": {
        "type": "origins:self_action_when_hit",
        "entity_action": {
            "type": "origins:and",
            "actions": [
                {
                    "type": "origins:change_resource",
                    "resource": "adapt:resources_lightning",
                    "change": 1
                },
                {
                    "type": "origins:execute_command",
                    "command": "playsound minecraft:ui.cartography_table.take_result player @a[distance=..20] ~ ~ ~ 100 2",
                    "permission_level": 4
                },
                {
                    "type": "origins:execute_command",
                    "command": "power grant @s adapt:powers_cooldown_timer",
                    "permission_level": 4
                },
                {
                    "type": "origins:execute_command",
                    "command": "power grant @s adapt:powers_lightning",
                    "permission_level": 4
                },
                {
                    "type": "origins:execute_command",
                    "command": "particle minecraft:entity_effect ~ ~ ~ 0.6 0.9 0.6 1 1000",
                    "permission_level": 4
                },
                {
                    "type": "origins:execute_command",
                    "command": "title @s actionbar [\"\",{\"text\":\"You adapted to Lightning Damage for 1 minute, you will be able to adapt again in 3 minutes.\",\"color\":\"dark_green\"}]"
                },
                {
                    "type": "origins:change_resource",
                    "resource": "adapt:resources_cooldown",
                    "change": -1
                }
            ]
        },
        "damage_condition": {
            "type": "origins:in_tag",
            "tag": "minecraft:is_lightning"
        },
        "cooldown": 1,
        "condition": {
            "type": "origins:and",
            "conditions": [
                {
                    "type": "origins:resource",
                    "resource": "adapt:resources_cooldown",
                    "comparison": "==",
                    "compare_to": 1
                },
                {
                    "type": "origins:power_active",
                    "power": "adapt:resources_toggle",
                    "inverted": true
                }
            ]
        }
    },
    "immunity_lightning": {
        "type": "origins:invulnerability",
        "damage_condition": {
            "type": "origins:in_tag",
            "tag": "minecraft:is_lightning"
        },
        "condition": {
            "type": "origins:resource",
            "resource": "adapt:resources_lightning",
            "comparison": "==",
            "compare_to": 1
        }
    },
    "adaptating_living": {
        "type": "origins:self_action_when_hit",
        "entity_action": {
            "type": "origins:and",
            "actions": [
                {
                    "type": "origins:change_resource",
                    "resource": "adapt:resources_living",
                    "change": 1
                },
                {
                    "type": "origins:execute_command",
                    "command": "playsound minecraft:ui.cartography_table.take_result player @a[distance=..20] ~ ~ ~ 100 2",
                    "permission_level": 4
                },
                {
                    "type": "origins:execute_command",
                    "command": "power grant @s adapt:powers_cooldown_timer",
                    "permission_level": 4
                },
                {
                    "type": "origins:execute_command",
                    "command": "power grant @s adapt:powers_living",
                    "permission_level": 4
                },
                {
                    "type": "origins:execute_command",
                    "command": "particle minecraft:entity_effect ~ ~ ~ 0.6 0.9 0.6 1 1000",
                    "permission_level": 4
                },
                {
                    "type": "origins:execute_command",
                    "command": "title @s actionbar [\"\",{\"text\":\"You adapted to Combat for 30 seconds, you will be able to adapt again in 3 minutes.\",\"color\":\"dark_green\"}]"
                },
                {
                    "type": "origins:change_resource",
                    "resource": "adapt:resources_cooldown",
                    "change": -1
                }
            ]
        },
        "damage_condition": {
            "type": "origins:and",
            "conditions": [
                {
                    "type": "origins:attacker",
                    "entity_condition": {
                        "type": "origins:living"
                    }
                },
                {
                    "type": "origins:in_tag",
                    "tag": "minecraft:is_projectile",
                    "inverted": true
                }
            ]
        },
        "cooldown": 1,
        "condition": {
            "type": "origins:and",
            "conditions": [
                {
                    "type": "origins:resource",
                    "resource": "adapt:resources_cooldown",
                    "comparison": "==",
                    "compare_to": 1
                },
                {
                    "type": "origins:power_active",
                    "power": "adapt:resources_toggle",
                    "inverted": true
                }
            ]
        }
    },
    "immunity_living": {
        "type": "origins:invulnerability",
        "damage_condition": {
            "type": "origins:and",
            "conditions": [
                {
                    "type": "origins:attacker",
                    "entity_condition": {
                        "type": "origins:living"
                    }
                },
                {
                    "type": "origins:in_tag",
                    "tag": "minecraft:is_projectile",
                    "inverted": true
                }
            ]
        },
        "condition": {
            "type": "origins:resource",
            "resource": "adapt:resources_living",
            "comparison": "==",
            "compare_to": 1
        }
    },
    "chance": {
        "type": "origins:action_over_time",
        "interval": 2400,
        "entity_action": {
            "type": "origins:choice",
            "actions": [
                {
                    "element": {
                        "type": "origins:execute_command",
                        "command": "particle minecraft:ash ~ ~ ~",
                        "permission_level": 4
                    },
                    "weight": 10
                },
                {
                    "element": {
                        "type": "origins:execute_command",
                        "command": "power grant @s adapt:powers_prevent",
                        "permission_level": 4
                    },
                    "weight": 1
                }
            ]
        }
    },
    "lost": {
        "type": "origins:action_on_callback",
        "entity_action_respawned": {
            "type": "origins:execute_command",
            "command": "function adapt:lost",
            "permission_level": 4
        },
        "entity_action_lost": {
            "type": "origins:execute_command",
            "command": "function adapt:lost",
            "permission_level": 4
        },
        "entity_action_removed": {
            "type": "origins:execute_command",
            "command": "function adapt:lost",
            "permission_level": 4
        },
        "execute_chosen_when_orb": true
    }
}