{
    "hidden": true,
    "type": "origins:multiple",
    "buff_strength_multiplier_1": {
        "type": "origins:modify_damage_dealt",
        "modifier": {
            "operation": "multiply_total",
            "value": 0.5
        },
        "condition": {
            "type": "origins:and",
            "conditions": [
                {
                    "type": "origins:resource",
                    "resource": "adapt:resources_attributes",
                    "comparison": "==",
                    "compare_to": 1
                }
            ]
        }
    },
    "buff_projectile_multiplier_1": {
        "type": "origins:modify_projectile_damage",
        "modifier": {
            "operation": "multiply_total",
            "value": 0.5
        },
        "condition": {
            "type": "origins:resource",
            "resource": "adapt:resources_attributes",
            "comparison": "==",
            "compare_to": 1
        }
    },
    "buff_sneak_punch_1": {
        "type": "origins:target_action_on_hit",
        "entity_action": {
            "type": "origins:add_velocity",
            "space": "velocity_horizontal_normalized",
            "set": false,
            "y": 0.2,
            "z": 2
        },
        "cooldown": 0,
        "condition": {
            "type": "origins:and",
            "conditions": [{
                    "type": "origins:equipped_item",
                    "equipment_slot": "mainhand",
                    "item_condition": {
                        "type": "origins:ingredient",
                        "ingredient": {
                            "item": "minecraft:air"
                        }
                    }
                },
                {
                   "type": "origins:sneaking"
                },
                {
                    "type": "origins:resource",
                    "resource": "adapt:resources_attributes",
                    "comparison": "==",
                    "compare_to": 1
                }
            ]
        }
    },
    "buff_strength_multiplier_2": {
        "type": "origins:modify_damage_dealt",
        "modifier": {
            "operation": "multiply_total",
            "value": 0.5
        },
        "condition": {
            "type": "origins:and",
            "conditions": [
                {
                    "type": "origins:resource",
                    "resource": "adapt:resources_attributes",
                    "comparison": "==",
                    "compare_to": 2
                }
            ]
        }
    },
    "buff_projectile_multiplier_2": {
        "type": "origins:modify_projectile_damage",
        "modifier": {
            "operation": "multiply_total",
            "value": 0.5
        },
        "condition": {
            "type": "origins:resource",
            "resource": "adapt:resources_attributes",
            "comparison": "==",
            "compare_to": 2
        }
    },
    "buff_sneak_punch_2": {
        "type": "origins:target_action_on_hit",
        "entity_action": {
            "type": "origins:add_velocity",
            "space": "velocity_horizontal_normalized",
            "set": false,
            "y": 0.2,
            "z": 2
        },
        "cooldown": 0,
        "condition": {
            "type": "origins:and",
            "conditions": [{
                    "type": "origins:equipped_item",
                    "equipment_slot": "mainhand",
                    "item_condition": {
                        "type": "origins:ingredient",
                        "ingredient": {
                            "item": "minecraft:air"
                        }
                    }
                },
                {
                   "type": "origins:sneaking"
                },
                {
                    "type": "origins:resource",
                    "resource": "adapt:resources_attributes",
                    "comparison": "==",
                    "compare_to": 2
                }
            ]
        }
    },
    "buff_resistance_1": {
        "type": "origins:modify_damage_taken",
        "modifier": {
            "operation": "multiply_total",
            "value": -0.5
        },
        "condition": {
            "type": "origins:resource",
            "resource": "adapt:resources_attributes",
            "comparison": "==",
            "compare_to": 3
        }
    },
    "buff_resistance_2": {
        "type": "origins:modify_damage_taken",
        "modifier": {
            "operation": "multiply_total",
            "value": -0.5
        },
        "condition": {
            "type": "origins:resource",
            "resource": "adapt:resources_attributes",
            "comparison": "==",
            "compare_to": 4
        }
    },
    "buff_speed_1": {
        "type": "origins:conditioned_attribute",
        "modifier": {
            "attribute": "minecraft:generic.movement_speed",
            "operation": "multiply_total",
            "value": 0.5
        },
        "condition": {
            "type": "origins:resource",
            "resource": "adapt:resources_attributes",
            "comparison": "==",
            "compare_to": 5
        }
    },
    "buff_fall_1": {
        "type": "origins:invulnerability",
        "damage_condition": {
            "type": "origins:name",
            "name": "fall"
        },
        "condition": {
            "type": "origins:and",
            "conditions": [
                {
                    "type": "origins:fall_distance",
                    "comparison": "<=",
                    "compare_to": 8
                },
                {
                    "type": "origins:resource",
                    "resource": "adapt:resources_attributes",
                    "comparison": "==",
                    "compare_to": 5
                }
            ]
        }
    },
    "buff_fall_damage_1": {
        "type": "origins:modify_damage_taken",
        "damage_condition": {
            "type": "origins:name",
            "name": "fall"
        },
        "modifier": {
            "operation": "multiply_total",
            "value": -0.5
        },
        "condition": {
            "type": "origins:resource",
            "resource": "adapt:resources_attributes",
            "comparison": "==",
            "compare_to": 5
        }
    },
    "buff_swim_1": {
        "type": "origins:conditioned_attribute",
        "modifier": {
            "attribute": "additionalentityattributes:water_speed",
            "operation": "multiply_base",
            "value": 0.5
        },
        "condition": {
            "type": "origins:and",
            "conditions": [
                {
                    "type": "origins:resource",
                    "resource": "adapt:resources_attributes",
                    "comparison": "==",
                    "compare_to": 5
                }
            ]
        }
    },
    "buff_attack_speed_1": {
        "type": "origins:conditioned_attribute",
        "modifier": {
            "attribute": "generic.attack_speed",
            "operation": "multiply_base",
            "value": 0.5
        },
        "condition": {
            "type": "origins:resource",
            "resource": "adapt:resources_attributes",
            "comparison": "==",
            "compare_to": 5
        }
    },
    "buff_break_speed_1": {
        "type": "origins:modify_break_speed",
        "modifier": {
            "operation": "multiply_total",
            "value": 0.5
        },
        "condition": {
            "type": "origins:resource",
            "resource": "adapt:resources_attributes",
            "comparison": "==",
            "compare_to": 5
        }
    },
    "buff_extra_jump_1": {
        "type": "origins:active_self",
        "entity_action": {
            "type": "origins:and",
            "actions": [
                {
                    "type": "origins:add_velocity",
                    "space": "local",
                    "z": 1
                },
                {
                    "type": "origins:execute_command",
                    "command": "particle minecraft:cloud ~ ~ ~ 0.5 0.3 0.5 0 10",
                    "permission_level": 4
                },
                {
                    "type": "origins:execute_command",
                    "command": "playsound minecraft:entity.bat.takeoff player @s[distance=..10] ~ ~-3 ~ 1 0.6",
                    "permission_level": 4
                }
            ]
        },
        "cooldown": 30,
        "key": {
            "key": "key.jump",
            "continuous": false
        },
        "hud_render": {
            "sprite_location": "origins:textures/gui/community/spiderkolo/resource_bar_03.png",
            "should_render": false,
            "bar_index": 19
        },
        "condition": {
            "type": "origins:and",
            "conditions": [
                {
                    "type": "origins:resource",
                    "resource": "adapt:resources_attributes",
                    "comparison": "==",
                    "compare_to": 5
                },
                {
                    "type": "origins:on_block",
                    "inverted": true
                },
                {
                    "type": "origins:fall_flying",
                    "inverted": true
                },
                {
                    "type": "origins:swimming",
                    "inverted": true
                },
                {
                    "type": "origins:creative_flying",
                    "inverted": true
                }
            ]
        }
    },
    "buff_speed_2": {
        "type": "origins:conditioned_attribute",
        "modifier": {
            "attribute": "minecraft:generic.movement_speed",
            "operation": "multiply_total",
            "value": 0.5
        },
        "condition": {
            "type": "origins:resource",
            "resource": "adapt:resources_attributes",
            "comparison": "==",
            "compare_to": 6
        }
    },
    "buff_fall_2": {
        "type": "origins:invulnerability",
        "damage_condition": {
            "type": "origins:name",
            "name": "fall"
        },
        "condition": {
            "type": "origins:and",
            "conditions": [
                {
                    "type": "origins:fall_distance",
                    "comparison": "<=",
                    "compare_to": 8
                },
                {
                    "type": "origins:resource",
                    "resource": "adapt:resources_attributes",
                    "comparison": "==",
                    "compare_to": 6
                }
            ]
        }
    },
    "buff_fall_damage_2": {
        "type": "origins:modify_damage_taken",
        "damage_condition": {
            "type": "origins:name",
            "name": "fall"
        },
        "modifier": {
            "operation": "multiply_total",
            "value": -0.5
        },
        "condition": {
            "type": "origins:resource",
            "resource": "adapt:resources_attributes",
            "comparison": "==",
            "compare_to": 6
        }
    },
    "buff_swim_2": {
        "type": "origins:conditioned_attribute",
        "modifier": {
            "attribute": "additionalentityattributes:water_speed",
            "operation": "multiply_base",
            "value": 0.5
        },
        "condition": {
            "type": "origins:and",
            "conditions": [
                {
                    "type": "origins:resource",
                    "resource": "adapt:resources_attributes",
                    "comparison": "==",
                    "compare_to": 6
                }
            ]
        }
    },
    "buff_attack_speed_2": {
        "type": "origins:conditioned_attribute",
        "modifier": {
            "attribute": "generic.attack_speed",
            "operation": "multiply_base",
            "value": 0.5
        },
        "condition": {
            "type": "origins:resource",
            "resource": "adapt:resources_attributes",
            "comparison": "==",
            "compare_to": 6
        }
    },
    "buff_break_speed_2": {
        "type": "origins:modify_break_speed",
        "modifier": {
            "operation": "multiply_total",
            "value": 0.5
        },
        "condition": {
            "type": "origins:resource",
            "resource": "adapt:resources_attributes",
            "comparison": "==",
            "compare_to": 6
        }
    },
    "buff_extra_jump_2": {
        "type": "origins:active_self",
        "entity_action": {
            "type": "origins:and",
            "actions": [
                {
                    "type": "origins:add_velocity",
                    "space": "local",
                    "z": 1
                },
                {
                    "type": "origins:execute_command",
                    "command": "particle minecraft:cloud ~ ~ ~ 0.5 0.3 0.5 0 10",
                    "permission_level": 4
                },
                {
                    "type": "origins:execute_command",
                    "command": "playsound minecraft:entity.bat.takeoff player @s[distance=..10] ~ ~-3 ~ 1 0.6",
                    "permission_level": 4
                }
            ]
        },
        "cooldown": 30,
        "key": {
            "key": "key.jump",
            "continuous": false
        },
        "hud_render": {
            "sprite_location": "origins:textures/gui/community/spiderkolo/resource_bar_03.png",
            "should_render": false,
            "bar_index": 19
        },
        "condition": {
            "type": "origins:and",
            "conditions": [
                {
                    "type": "origins:resource",
                    "resource": "adapt:resources_attributes",
                    "comparison": "==",
                    "compare_to": 6
                },
                {
                    "type": "origins:on_block",
                    "inverted": true
                },
                {
                    "type": "origins:fall_flying",
                    "inverted": true
                },
                {
                    "type": "origins:swimming",
                    "inverted": true
                },
                {
                    "type": "origins:creative_flying",
                    "inverted": true
                }
            ]
        }
    },
    "nerf_strength_multiplier_1": {
        "type": "origins:modify_damage_dealt",
        "modifier": {
            "operation": "multiply_total",
            "value": -0.5
        },
        "condition": {
            "type": "origins:and",
            "conditions": [
                {
                    "type": "origins:resource",
                    "resource": "adapt:resources_attributes",
                    "comparison": "==",
                    "compare_to": 3
                }
            ]
        }
    },
    "nerf_projectile_multiplier_1": {
        "type": "origins:modify_projectile_damage",
        "modifier": {
            "operation": "multiply_total",
            "value": -0.5
        },
        "condition": {
            "type": "origins:resource",
            "resource": "adapt:resources_attributes",
            "comparison": "==",
            "compare_to": 3
        }
    },
    "nerf_strength_multiplier_2": {
        "type": "origins:modify_damage_dealt",
        "modifier": {
            "operation": "multiply_total",
            "value": -0.5
        },
        "condition": {
            "type": "origins:and",
            "conditions": [
                {
                    "type": "origins:resource",
                    "resource": "adapt:resources_attributes",
                    "comparison": "==",
                    "compare_to": 5
                }
            ]
        }
    },
    "nerf_projectile_multiplier_2": {
        "type": "origins:modify_projectile_damage",
        "modifier": {
            "operation": "multiply_total",
            "value": -0.5
        },
        "condition": {
            "type": "origins:resource",
            "resource": "adapt:resources_attributes",
            "comparison": "==",
            "compare_to": 5
        }
    },
    "nerf_resistance_1": {
        "type": "origins:modify_damage_taken",
        "modifier": {
            "operation": "multiply_total",
            "value": 0.5
        },
        "condition": {
            "type": "origins:resource",
            "resource": "adapt:resources_attributes",
            "comparison": "==",
            "compare_to": 1
        }
    },
    "nerf_resistance_2": {
        "type": "origins:modify_damage_taken",
        "modifier": {
            "operation": "multiply_total",
            "value": 0.5
        },
        "condition": {
            "type": "origins:resource",
            "resource": "adapt:resources_attributes",
            "comparison": "==",
            "compare_to": 6
        }
    },
    "nerf_speed_1": {
        "type": "origins:conditioned_attribute",
        "modifier": {
            "attribute": "minecraft:generic.movement_speed",
            "operation": "multiply_total",
            "value": -0.5
        },
        "condition": {
            "type": "origins:resource",
            "resource": "adapt:resources_attributes",
            "comparison": "==",
            "compare_to": 2
        }
    },
    "nerf_swim_1": {
        "type": "origins:conditioned_attribute",
        "modifier": {
            "attribute": "additionalentityattributes:water_speed",
            "operation": "multiply_base",
            "value": -0.5
        },
        "condition": {
            "type": "origins:and",
            "conditions": [
                {
                    "type": "origins:resource",
                    "resource": "adapt:resources_attributes",
                    "comparison": "==",
                    "compare_to": 2
                }
            ]
        }
    },
    "nerf_attack_speed_1": {
        "type": "origins:conditioned_attribute",
        "modifier": {
            "attribute": "generic.attack_speed",
            "operation": "multiply_base",
            "value": -0.1
        },
        "condition": {
            "type": "origins:resource",
            "resource": "adapt:resources_attributes",
            "comparison": "==",
            "compare_to": 2
        }
    },
    "nerf_break_speed_1": {
        "type": "origins:modify_break_speed",
        "modifier": {
            "operation": "multiply_total",
            "value": -0.1
        },
        "condition": {
            "type": "origins:resource",
            "resource": "adapt:resources_attributes",
            "comparison": "==",
            "compare_to": 2
        }
    },
    "nerf_speed_2": {
        "type": "origins:conditioned_attribute",
        "modifier": {
            "attribute": "minecraft:generic.movement_speed",
            "operation": "multiply_total",
            "value": -0.5
        },
        "condition": {
            "type": "origins:resource",
            "resource": "adapt:resources_attributes",
            "comparison": "==",
            "compare_to": 4
        }
    },
    "nerf_swim_2": {
        "type": "origins:conditioned_attribute",
        "modifier": {
            "attribute": "additionalentityattributes:water_speed",
            "operation": "multiply_base",
            "value": -0.5
        },
        "condition": {
            "type": "origins:and",
            "conditions": [
                {
                    "type": "origins:resource",
                    "resource": "adapt:resources_attributes",
                    "comparison": "==",
                    "compare_to": 4
                }
            ]
        }
    },
    "nerf_attack_speed_2": {
        "type": "origins:conditioned_attribute",
        "modifier": {
            "attribute": "generic.attack_speed",
            "operation": "multiply_base",
            "value": -0.1
        },
        "condition": {
            "type": "origins:resource",
            "resource": "adapt:resources_attributes",
            "comparison": "==",
            "compare_to": 4
        }
    },
    "nerf_break_speed_2": {
        "type": "origins:modify_break_speed",
        "modifier": {
            "operation": "multiply_total",
            "value": -0.1
        },
        "condition": {
            "type": "origins:resource",
            "resource": "adapt:resources_attributes",
            "comparison": "==",
            "compare_to": 4
        }
    }
}