{
    "hidden": true,
    "type": "origins:multiple",
    "buff_strength_multiplier_1": {
        "type": "origins:modify_damage_dealt",
        "modifier": {
            "operation": "multiply_total",
            "value": 0.1
        }
    },
    "buff_projectile_multiplier_1": {
        "type": "origins:modify_projectile_damage",
        "modifier": {
            "operation": "multiply_total",
            "value": 0.1
        }
    },
    "buff_resistance_1": {
        "type": "origins:modify_damage_taken",
        "modifier": {
            "operation": "multiply_total",
            "value": -0.1
        }
    },
    "buff_speed_1": {
        "type": "origins:conditioned_attribute",
        "modifier": {
            "attribute": "minecraft:generic.movement_speed",
            "operation": "multiply_total",
            "value": 0.1
        }
    },
    "buff_fall_damage_1": {
        "type": "origins:modify_damage_taken",
        "damage_condition": {
            "type": "origins:name",
            "name": "fall"
        },
        "modifier": {
            "operation": "multiply_total",
            "value": -0.3
        }
    },
    "buff_swim_1": {
        "type": "origins:conditioned_attribute",
        "modifier": {
            "attribute": "additionalentityattributes:water_speed",
            "operation": "multiply_base",
            "value": 0.2
        }
    },
    "buff_attack_speed_1": {
        "type": "origins:conditioned_attribute",
        "modifier": {
            "attribute": "generic.attack_speed",
            "operation": "multiply_base",
            "value": 0.2
        }
    },
    "buff_break_speed_1": {
        "type": "origins:modify_break_speed",
        "modifier": {
            "operation": "multiply_total",
            "value": 0.2
        }
    },
    "timer": {
        "type": "origins:action_over_time",
        "interval": 1200,
        "entity_action": {
            "type": "origins:and",
            "actions": [
                {
                    "type": "origins:execute_command",
                    "command": "particle minecraft:dust 1 1 1 1 ~ ~1 ~ 1 1 1 1 1000",
                    "permission_level": 4
                },
                {
                    "type": "origins:execute_command",
                    "command": "particle minecraft:entity_effect ~ ~ ~ 0.6 0.9 0.6 1 100",
                    "permission_level": 4
                },
                {
                    "type": "origins:execute_command",
                    "command": "title @s actionbar [\"\",{\"text\":\"You're exhausted.\",\"color\":\"dark_red\"}]"
                },
                {
                    "type": "origins:execute_command",
                    "command": "power grant @s adapt:mahoraga_exhaustion",
                    "permission_level": 4
                },
                {
                    "type": "origins:execute_command",
                    "command": "power remove @s adapt:mahoraga_stats",
                    "permission_level": 4
                },
                {
                    "type": "origins:execute_command",
                    "command": "scale set pehkui:base 1 @s",
                    "permission_level": 4
                }
            ]
        }
    }
}