{
    "hidden": true,
    "type": "origins:multiple",
    "cooldown_timer": {
        "type": "origins:action_over_time",
        "interval": 3600,
        "entity_action": {
            "type": "origins:and",
            "actions": [
                {
                    "type": "origins:change_resource",
                    "resource": "adapt:resources_cooldown",
                    "change": 1
                },
                {
                    "type": "origins:execute_command",
                    "command": "particle minecraft:dust 0 1 0 1 ~ ~1 ~ 1 1 1 1 100",
                    "permission_level": 4
                },
                {
                    "type": "origins:execute_command",
                    "command": "particle minecraft:entity_effect ~ ~ ~ 0.6 0.9 0.6 1 100",
                    "permission_level": 4
                },
                {
                    "type": "origins:execute_command",
                    "command": "title @s actionbar [\"\",{\"text\":\"You can adapt again.\",\"color\":\"dark_green\"}]"
                },
                {
                    "type": "origins:execute_command",
                    "command": "power remove @s adapt:powers_cooldown_timer",
                    "permission_level": 4
                }
            ]
        },
        "condition": {
            "type": "origins:resource",
            "resource": "adapt:resources_cooldown",
            "comparison": "==",
            "compare_to": 0
        }
    },
    "projectiles": {
        "type": "origins:action_over_time",
        "interval": 1200,
        "entity_action": {
            "type": "origins:and",
            "actions": [
                {
                    "type": "origins:execute_command",
                    "command": "particle minecraft:dust 1 0 0 1 ~ ~1 ~ 1 1 1 1 100",
                    "permission_level": 4
                },
                {
                    "type": "origins:execute_command",
                    "command": "particle minecraft:entity_effect ~ ~ ~ 0.6 0.9 0.6 1 100",
                    "permission_level": 4
                },
                {
                    "type": "origins:change_resource",
                    "resource": "adapt:resources_projectiles",
                    "change": -1
                },
                {
                    "type": "origins:execute_command",
                    "command": "title @s actionbar [\"\",{\"text\":\"You're no longer adapted.\",\"color\":\"dark_red\"}]"
                },
                {
                    "type": "origins:execute_command",
                    "command": "power remove @s adapt:projectiles",
                    "permission_level": 4
                }
            ]
        },
        "condition": {
            "type": "origins:resource",
            "resource": "adapt:resources_projectiles",
            "comparison": "==",
            "compare_to": 1
        }
    },
    "explosions": {
        "type": "origins:action_over_time",
        "interval": 1200,
        "entity_action": {
            "type": "origins:and",
            "actions": [
                {
                    "type": "origins:execute_command",
                    "command": "particle minecraft:dust 1 0 0 1 ~ ~1 ~ 1 1 1 1 100",
                    "permission_level": 4
                },
                {
                    "type": "origins:execute_command",
                    "command": "particle minecraft:entity_effect ~ ~ ~ 0.6 0.9 0.6 1 100",
                    "permission_level": 4
                },
                {
                    "type": "origins:change_resource",
                    "resource": "adapt:resources_explosions",
                    "change": -1
                },
                {
                    "type": "origins:execute_command",
                    "command": "title @s actionbar [\"\",{\"text\":\"You're no longer adapted.\",\"color\":\"dark_red\"}]"
                },
                {
                    "type": "origins:execute_command",
                    "command": "power remove @s adapt:powers_explosions",
                    "permission_level": 4
                }
            ]
        },
        "condition": {
            "type": "origins:resource",
            "resource": "adapt:resources_explosions",
            "comparison": "==",
            "compare_to": 1
        }
    },
    "fire": {
        "type": "origins:action_over_time",
        "interval": 1200,
        "entity_action": {
            "type": "origins:and",
            "actions": [
                {
                    "type": "origins:execute_command",
                    "command": "particle minecraft:dust 1 0 0 1 ~ ~1 ~ 1 1 1 1 100",
                    "permission_level": 4
                },
                {
                    "type": "origins:execute_command",
                    "command": "particle minecraft:entity_effect ~ ~ ~ 0.6 0.9 0.6 1 100",
                    "permission_level": 4
                },
                {
                    "type": "origins:change_resource",
                    "resource": "adapt:resources_fire",
                    "change": -1
                },
                {
                    "type": "origins:execute_command",
                    "command": "title @s actionbar [\"\",{\"text\":\"You're no longer adapted.\",\"color\":\"dark_red\"}]"
                },
                {
                    "type": "origins:execute_command",
                    "command": "power remove @s adapt:powers_fire",
                    "permission_level": 4
                }
            ]
        },
        "condition": {
            "type": "origins:resource",
            "resource": "adapt:resources_fire",
            "comparison": "==",
            "compare_to": 1
        }
    },
    "fall": {
        "type": "origins:action_over_time",
        "interval": 1200,
        "entity_action": {
            "type": "origins:and",
            "actions": [
                {
                    "type": "origins:execute_command",
                    "command": "particle minecraft:dust 1 0 0 1 ~ ~1 ~ 1 1 1 1 100",
                    "permission_level": 4
                },
                {
                    "type": "origins:execute_command",
                    "command": "particle minecraft:entity_effect ~ ~ ~ 0.6 0.9 0.6 1 100",
                    "permission_level": 4
                },
                {
                    "type": "origins:change_resource",
                    "resource": "adapt:resources_fall",
                    "change": -1
                },
                {
                    "type": "origins:execute_command",
                    "command": "title @s actionbar [\"\",{\"text\":\"You're no longer adapted.\",\"color\":\"dark_red\"}]"
                },
                {
                    "type": "origins:execute_command",
                    "command": "power remove @s adapt:powers_fall",
                    "permission_level": 4
                }
            ]
        },
        "condition": {
            "type": "origins:resource",
            "resource": "adapt:resources_fall",
            "comparison": "==",
            "compare_to": 1
        }
    },
    "magic": {
        "type": "origins:action_over_time",
        "interval": 1200,
        "entity_action": {
            "type": "origins:and",
            "actions": [
                {
                    "type": "origins:execute_command",
                    "command": "particle minecraft:dust 1 0 0 1 ~ ~1 ~ 1 1 1 1 100",
                    "permission_level": 4
                },
                {
                    "type": "origins:execute_command",
                    "command": "particle minecraft:entity_effect ~ ~ ~ 0.6 0.9 0.6 1 100",
                    "permission_level": 4
                },
                {
                    "type": "origins:change_resource",
                    "resource": "adapt:resources_magic",
                    "change": -1
                },
                {
                    "type": "origins:execute_command",
                    "command": "title @s actionbar [\"\",{\"text\":\"You're no longer adapted.\",\"color\":\"dark_red\"}]"
                },
                {
                    "type": "origins:execute_command",
                    "command": "power remove @s adapt:powers_magic",
                    "permission_level": 4
                }
            ]
        },
        "condition": {
            "type": "origins:resource",
            "resource": "adapt:resources_magic",
            "comparison": "==",
            "compare_to": 1
        }
    },
    "freezing": {
        "type": "origins:action_over_time",
        "interval": 1200,
        "entity_action": {
            "type": "origins:and",
            "actions": [
                {
                    "type": "origins:execute_command",
                    "command": "particle minecraft:dust 1 0 0 1 ~ ~1 ~ 1 1 1 1 100",
                    "permission_level": 4
                },
                {
                    "type": "origins:execute_command",
                    "command": "particle minecraft:entity_effect ~ ~ ~ 0.6 0.9 0.6 1 100",
                    "permission_level": 4
                },
                {
                    "type": "origins:change_resource",
                    "resource": "adapt:resources_freezing",
                    "change": -1
                },
                {
                    "type": "origins:execute_command",
                    "command": "title @s actionbar [\"\",{\"text\":\"You're no longer adapted.\",\"color\":\"dark_red\"}]"
                },
                {
                    "type": "origins:execute_command",
                    "command": "power remove @s adapt:powers_freezing",
                    "permission_level": 4
                }
            ]
        },
        "condition": {
            "type": "origins:resource",
            "resource": "adapt:resources_freezing",
            "comparison": "==",
            "compare_to": 1
        }
    },
    "lightning": {
        "type": "origins:action_over_time",
        "interval": 1200,
        "entity_action": {
            "type": "origins:and",
            "actions": [
                {
                    "type": "origins:execute_command",
                    "command": "particle minecraft:dust 1 0 0 1 ~ ~1 ~ 1 1 1 1 100",
                    "permission_level": 4
                },
                {
                    "type": "origins:execute_command",
                    "command": "particle minecraft:entity_effect ~ ~ ~ 0.6 0.9 0.6 1 100",
                    "permission_level": 4
                },
                {
                    "type": "origins:change_resource",
                    "resource": "adapt:resources_lightning",
                    "change": -1
                },
                {
                    "type": "origins:execute_command",
                    "command": "title @s actionbar [\"\",{\"text\":\"You're no longer adapted.\",\"color\":\"dark_red\"}]"
                },
                {
                    "type": "origins:execute_command",
                    "command": "power remove @s adapt:powers_lightning",
                    "permission_level": 4
                }
            ]
        },
        "condition": {
            "type": "origins:resource",
            "resource": "adapt:resources_lightning",
            "comparison": "==",
            "compare_to": 1
        }
    },
    "living": {
        "type": "origins:action_over_time",
        "interval": 600,
        "entity_action": {
            "type": "origins:and",
            "actions": [
                {
                    "type": "origins:execute_command",
                    "command": "particle minecraft:dust 1 0 0 1 ~ ~1 ~ 1 1 1 1 100",
                    "permission_level": 4
                },
                {
                    "type": "origins:execute_command",
                    "command": "particle minecraft:entity_effect ~ ~ ~ 0.6 0.9 0.6 1 100",
                    "permission_level": 4
                },
                {
                    "type": "origins:change_resource",
                    "resource": "adapt:resources_living",
                    "change": -1
                },
                {
                    "type": "origins:execute_command",
                    "command": "title @s actionbar [\"\",{\"text\":\"You're no longer adapted.\",\"color\":\"dark_red\"}]"
                },
                {
                    "type": "origins:execute_command",
                    "command": "power remove @s adapt:powers_living",
                    "permission_level": 4
                }
            ]
        },
        "condition": {
            "type": "origins:resource",
            "resource": "adapt:resources_living",
            "comparison": "==",
            "compare_to": 1
        }
    },
    "prevent": {
        "type": "origins:prevent_death",
        "entity_action":  {
            "type": "origins:execute_command",
            "command": "function adapt:mahoraga",
            "permission_level": 4
        }
    }
}