{
    "display": {
        "icon": {
            "item": "minecraft:music_disc_otherside"
        },
        "title": {
            "translate": "Lena Raine"
        },
        "description": {
            "translate": "Use Lena Raine - Otherside disc Plugins at the first time"
        },
        "show_toast": true,
        "announce_to_chat": true,
        "hidden": true,
        "frame": "challenge"
    },
    "parent": "shield:gravity/disc",
    "criteria": {
        "requirement": {
            "trigger": "minecraft:impossible"
        }
    }
}