{
    "display": {
        "icon": {
            "item": "minecraft:music_disc_5"
        },
        "title": {
            "translate": "Samuel Åberg"
        },
        "description": {
            "translate": "Use Samuel Åberg - 5 disc Plugins at the first time"
        },
        "show_toast": true,
        "announce_to_chat": true,
        "hidden": true,
        "frame": "challenge"
    },
    "parent": "shield:gravity/disc",
    "criteria": {
        "requirement": {
            "trigger": "minecraft:impossible"
        }
    }
}