{
    "display": {
        "icon": {
            "item": "minecraft:dragon_egg"
        },
        "title": {
            "translate": "The power of the dragon is in my boot."
        },
        "description": {
            "translate": "Why you put your dragon egg in your boot... ~ bobfish4th"
        },
        "show_toast": true,
        "announce_to_chat": true,
        "hidden": true,
        "frame": "challenge"
    },
    "parent": "shield:gravity/root",
    "criteria": {
        "requirement": {
            "trigger": "minecraft:impossible"
        }
    }
}