{
    "display": {
        "icon": {
            "item": "minecraft:blue_ice"
        },
        "title": {
            "translate": "Frozone Is Only Involved In Quality Work"
        },
        "description": {
            "translate": "Use Full Blue ice Plugins at the same time"
        },
        "show_toast": true,
        "announce_to_chat": true,
        "hidden": true,
        "frame": "challenge"
    },
    "parent": "shield:gravity/ice",
    "criteria": {
        "requirement": {
            "trigger": "minecraft:impossible"
        }
    }
}