{
    "display": {
        "icon": {
            "item": "minecraft:magma_cream"
        },
        "title": {
            "translate": "Is this count as rocket bounce?"
        },
        "description": {
            "translate": "Use Full Magma Cube Plugins at the same time"
        },
        "show_toast": true,
        "announce_to_chat": true,
        "hidden": true,
        "frame": "challenge"
    },
    "parent": "shield:gravity/magma",
    "criteria": {
        "requirement": {
            "trigger": "minecraft:impossible"
        }
    }
}