{
    "display": {
        "icon": {
            "item": "minecraft:prismarine_shard"
        },
        "title": {
            "translate": "Same Desu"
        },
        "description": {
            "translate": "Use Full Prismarine Shard Plugins at the same time"
        },
        "show_toast": true,
        "announce_to_chat": true,
        "hidden": true,
        "frame": "challenge"
    },
    "parent": "shield:gravity/prismarine",
    "criteria": {
        "requirement": {
            "trigger": "minecraft:impossible"
        }
    }
}