{
    "display": {
        "icon": {
            "item": "minecraft:blaze_rod"
        },
        "title": {
            "translate": "I am flame!"
        },
        "description": {
            "translate": "Use Full Blaze Rod Plugins at the same time"
        },
        "show_toast": true,
        "announce_to_chat": true,
        "hidden": true,
        "frame": "challenge"
    },
    "parent": "shield:gravity/rod",
    "criteria": {
        "requirement": {
            "trigger": "minecraft:impossible"
        }
    }
}