{
    "display": {
        "icon": {
            "item": "minecraft:dragon_head"
        },
        "title": {
            "translate": "Shinra Bansho"
        },
        "description": {
            "translate": "Use Full Dragon Head Plugins at the same time"
        },
        "show_toast": true,
        "announce_to_chat": true,
        "hidden": true,
        "frame": "challenge"
    },
    "parent": "shield:gravity/shell",
    "criteria": {
        "requirement": {
            "trigger": "minecraft:impossible"
        }
    }
}