{
    "display": {
        "icon": {
            "item": "minecraft:nether_star"
        },
        "title": {
            "translate": "Gotta go faster, faster!"
        },
        "description": {
            "translate": "Use Full Nether Star Plugins at the same time"
        },
        "show_toast": true,
        "announce_to_chat": true,
        "hidden": true,
        "frame": "challenge"
    },
    "parent": "shield:gravity/star",
    "criteria": {
        "requirement": {
            "trigger": "minecraft:impossible"
        }
    }
}