{
	"entity.enderman.ambient":{
		"sounds":[
			"mob/endermen/idle1",
			"mob/endermen/idle2",
			"mob/endermen/idle3",
			"mob/endermen/idle4",
			"mob/endermen/idle5"
		],
		"subtitle":"subtitles.entity.enderman.ambient",
		"replace":true
	},
	"entity.enderman.death":{
		"sounds":[
			"mob/endermen/death"
		],
		"subtitle":"subtitles.entity.enderman.death",
		"replace":true
	},
	"entity.enderman.hurt":{
		"sounds":[
			"mob/endermen/hit1",
			"mob/endermen/hit2",
			"mob/endermen/hit3",
			"mob/endermen/hit4"
		],
		"subtitle":"subtitles.entity.enderman.hurt",
		"replace":true
	},
	"entity.enderman.scream":{
		"sounds":[
			"mob/endermen/scream1",
			"mob/endermen/scream2",
			"mob/endermen/scream3",
			"mob/endermen/scream4"
		],
		"subtitle":"subtitles.entity.enderman.ambient",
		"replace":true
	},
	"entity.enderman.stare":{
		"sounds":[
			"stellarity:mob/enderman/stare_1",
			"stellarity:mob/enderman/stare_2"
		],
		"subtitle":"subtitles.entity.enderman.stare",
		"replace":true
	},
	"entity.enderman.teleport":{
		"sounds":[
			"stellarity:mob/enderman/teleport_1",
			"stellarity:mob/enderman/teleport_2",
			"stellarity:mob/enderman/teleport_3",
			"stellarity:mob/enderman/teleport_4",
			"stellarity:mob/enderman/teleport_5",
			"stellarity:mob/enderman/teleport_6",
			"stellarity:mob/enderman/teleport_7",
			"stellarity:mob/enderman/teleport_8"
		],
		"subtitle":"subtitles.entity.enderman.teleport",
		"replace":true
	},
	"entity.endermite.ambient":{
		"sounds":[
			"stellarity:mob/endermite/idle_1",
			"stellarity:mob/endermite/idle_2",
			"stellarity:mob/endermite/idle_3"
		],
		"subtitle":"subtitles.entity.endermite.ambient",
		"replace":true
	},
	"entity.endermite.death":{
		"sounds":[
			"stellarity:mob/endermite/death_1",
			"stellarity:mob/endermite/death_2"
		],
		"subtitle":"subtitles.entity.endermite.death",
		"replace":true
	},
	"entity.endermite.hurt":{
		"sounds":[
			"stellarity:mob/endermite/hurt_1",
			"stellarity:mob/endermite/hurt_2",
			"stellarity:mob/endermite/hurt_3"
		],
		"subtitle":"subtitles.entity.endermite.hurt",
		"replace":true
	},
	"entity.shulker.ambient":{
		"sounds":[
			{
				"name":"stellarity:mob/shulker/idle_1",
				"volume":0.42
			},
			{
				"name":"stellarity:mob/shulker/idle_2",
				"volume":0.42
			},
			{
				"name":"stellarity:mob/shulker/idle_3",
				"volume":0.42
			},
			{
				"name":"stellarity:mob/shulker/idle_4",
				"volume":0.42
			},
			{
				"name":"stellarity:mob/shulker/idle_5",
				"volume":0.42
			},
			{
				"name":"stellarity:mob/shulker/idle_6",
				"volume":0.42
			},
			{
				"name":"stellarity:mob/shulker/idle_7",
				"volume":0.42
			}
		],
		"subtitle":"subtitles.entity.shulker.ambient",
		"replace":true
	},
	"entity.shulker.close":{
		"sounds":[
			{
				"name":"stellarity:mob/shulker/close_1",
				"volume":0.42
			},
			{
				"name":"stellarity:mob/shulker/close_2",
				"volume":0.42
			},
			{
				"name":"stellarity:mob/shulker/close_3",
				"volume":0.42
			},
			{
				"name":"stellarity:mob/shulker/close_4",
				"volume":0.42
			}
		],
		"subtitle":"subtitles.entity.shulker.close",
		"replace":true
	},
	"entity.shulker.death":{
		"sounds":[
			{
				"name":"stellarity:mob/shulker/death_1",
				"volume":0.42
			},
			{
				"name":"stellarity:mob/shulker/death_2",
				"volume":0.42
			},
			{
				"name":"stellarity:mob/shulker/death_3",
				"volume":0.42
			},
			{
				"name":"stellarity:mob/shulker/death_4",
				"volume":0.42
			}
		],
		"subtitle":"subtitles.entity.shulker.death",
		"replace":true
	},
	"entity.shulker.hurt":{
		"sounds":[
			{
				"name":"stellarity:mob/shulker/hurt_open_1",
				"volume":0.42
			},
			{
				"name":"stellarity:mob/shulker/hurt_open_2",
				"volume":0.42
			},
			{
				"name":"stellarity:mob/shulker/hurt_open_3",
				"volume":0.42
			},
			{
				"name":"stellarity:mob/shulker/hurt_open_4",
				"volume":0.42
			}
		],
		"subtitle":"subtitles.entity.shulker.hurt",
		"replace":true
	},
	"entity.shulker.hurt_closed":{
		"sounds":[
			{
				"name":"stellarity:mob/shulker/hurt_closed_1",
				"volume":0.42
			},
			{
				"name":"stellarity:mob/shulker/hurt_closed_2",
				"volume":0.42
			},
			{
				"name":"stellarity:mob/shulker/hurt_closed_3",
				"volume":0.42
			},
			{
				"name":"stellarity:mob/shulker/hurt_closed_4",
				"volume":0.42
			}
		],
		"subtitle":"subtitles.entity.shulker.hurt",
		"replace":true
	},
	"entity.shulker.open":{
		"sounds":[
			{
				"name":"stellarity:mob/shulker/open_1",
				"volume":0.42
			},
			{
				"name":"stellarity:mob/shulker/open_2",
				"volume":0.42
			},
			{
				"name":"stellarity:mob/shulker/open_3",
				"volume":0.42
			},
			{
				"name":"stellarity:mob/shulker/open_4",
				"volume":0.42
			}
		],
		"subtitle":"subtitles.entity.shulker.open",
		"replace":true
	},
	"entity.shulker.shoot":{
		"sounds":[
			{
				"name":"stellarity:mob/shulker/shoot_1",
				"volume":0.42
			},
			{
				"name":"stellarity:mob/shulker/shoot_2",
				"volume":0.42
			},
			{
				"name":"stellarity:mob/shulker/shoot_3",
				"volume":0.42
			},
			{
				"name":"stellarity:mob/shulker/shoot_4",
				"volume":0.42
			}
		],
		"subtitle":"subtitles.entity.shulker.shoot",
		"replace":true
	},
	"entity.shulker.teleport":{
		"sounds":[
			"mob/endermen/portal",
			"mob/endermen/portal2"
		],
		"subtitle":"subtitles.entity.shulker.teleport",
		"replace":true
	},
	"entity.shulker_bullet.hit":{
		"sounds":[
			"stellarity:mob/shulker_bullet/hit_1",
			"stellarity:mob/shulker_bullet/hit_2",
			"stellarity:mob/shulker_bullet/hit_3",
			"stellarity:mob/shulker_bullet/hit_4"
		],
		"subtitle":"subtitles.entity.shulker_bullet.hit",
		"replace":true
	},
	"entity.shulker_bullet.hurt":{
		"sounds":[
			"entity/shulker_bullet/hit1",
			"entity/shulker_bullet/hit2",
			"entity/shulker_bullet/hit3",
			"entity/shulker_bullet/hit4"
		],
		"subtitle":"subtitles.entity.shulker_bullet.hurt",
		"replace":true
	},
	"block.glass.place":{
		"sounds":[
			"step/stone1",
			"step/stone2",
			"step/stone3",
			"step/stone4",
			"step/stone5"
		],
		"subtitle":"subtitles.block.generic.place",
		"replace":true
	},
	"music.end":{
		"sounds":[
			{
				"name":"music/game/end/end",
				"stream":true
			},
			{
				"name":"music/game/ancestry",
				"stream":true
			},
			{
				"name":"stellarity:music/ki",
				"stream":true,
				"volume":0.5
			},
			{
				"name":"stellarity:music/intro",
				"stream":true,
				"volume":0.5
			},
			{
				"name":"stellarity:music/excuse",
				"stream":true,
				"volume":0.5
			},
			{
				"name":"stellarity:music/eleven",
				"stream":true,
				"volume":0.5
			},
			{
				"name":"stellarity:music/voide",
				"stream":true,
				"volume":0.5
			}
		],
		"replace":true
	}
}