{
	"sea_level": 63,
	"disable_mob_generation": false,
	"aquifers_enabled": true,
	"ore_veins_enabled": false,
	"legacy_random_source": false,
	"default_block": {
	  "Name": "minecraft:black_concrete"
	},
	"default_fluid": {
	  "Name": "minecraft:water",
	  "Properties": {
		"level": "0"
	  }
	},
	"noise": {
	  "min_y": -48,
	  "height": 384,
	  "size_horizontal": 1,
	  "size_vertical": 2
	},
	"noise_router": {
	  "barrier": {
		"type": "minecraft:noise",
		"noise": "minecraft:aquifer_barrier",
		"xz_scale": 1,
		"y_scale": 0.5
	  },
	  "fluid_level_floodedness": {
		"type": "minecraft:noise",
		"noise": "minecraft:aquifer_fluid_level_floodedness",
		"xz_scale": 1,
		"y_scale": 0.67
	  },
	  "fluid_level_spread": {
		"type": "minecraft:noise",
		"noise": "minecraft:aquifer_fluid_level_spread",
		"xz_scale": 1,
		"y_scale": 0.7142857142857143
	  },
	  "lava": 0,
	  "temperature": {
		"type": "minecraft:shifted_noise",
		"noise": "minecraft:temperature",
		"xz_scale": 0.25,
		"y_scale": 0,
		"shift_x": "minecraft:shift_x",
		"shift_y": 0,
		"shift_z": "minecraft:shift_z"
	  },
	  "vegetation": {
		"type": "minecraft:shifted_noise",
		"noise": "minecraft:vegetation",
		"xz_scale": 0.25,
		"y_scale": 0,
		"shift_x": "minecraft:shift_x",
		"shift_y": 0,
		"shift_z": "minecraft:shift_z"
	  },
	  "continents": "minecraft:overworld/continents",
	  "erosion": "minecraft:overworld/erosion",
	  "depth": "limbo:depth",
	  "ridges": "minecraft:overworld/ridges",
	  "initial_density_without_jaggedness": {
		"type": "minecraft:add",
		"argument1": 0.1171875,
		"argument2": {
		  "type": "minecraft:mul",
		  "argument1": {
			"type": "minecraft:y_clamped_gradient",
			"from_y": -48,
			"to_y": -40,
			"from_value": 0,
			"to_value": 1
		  },
		  "argument2": {
			"type": "minecraft:add",
			"argument1": -0.1171875,
			"argument2": {
			  "type": "minecraft:add",
			  "argument1": -0.078125,
			  "argument2": {
				"type": "minecraft:mul",
				"argument1": {
				  "type": "minecraft:y_clamped_gradient",
				  "from_y": 240,
				  "to_y": 256,
				  "from_value": 1,
				  "to_value": 0
				},
				"argument2": {
				  "type": "minecraft:add",
				  "argument1": 0.078125,
				  "argument2": {
					"type": "minecraft:clamp",
					"input": {
					  "type": "minecraft:add",
					  "argument1": -0.703125,
					  "argument2": {
						"type": "minecraft:mul",
						"argument1": 4,
						"argument2": {
						  "type": "minecraft:quarter_negative",
						  "argument": {
							"type": "minecraft:mul",
							"argument1": "limbo:depth",
							"argument2": {
							  "type": "minecraft:cache_2d",
							  "argument": "limbo:factor"
							}
						  }
						}
					  }
					},
					"min": -48,
					"max": 64
				  }
				}
			  }
			}
		  }
		}
	  },
	  "final_density": {
		"type": "minecraft:min",
		"argument1": {
		  "type": "minecraft:squeeze",
		  "argument": {
			"type": "minecraft:mul",
			"argument1": 0.64,
			"argument2": {
			  "type": "minecraft:interpolated",
			  "argument": {
				"type": "minecraft:blend_density",
				"argument": {
				  "type": "minecraft:add",
				  "argument1": 0.1171875,
				  "argument2": {
					"type": "minecraft:mul",
					"argument1": {
					  "type": "minecraft:y_clamped_gradient",
					  "from_y": -48,
					  "to_y": -40,
					  "from_value": 0,
					  "to_value": 1
					},
					"argument2": {
					  "type": "minecraft:add",
					  "argument1": -0.1171875,
					  "argument2": {
						"type": "minecraft:add",
						"argument1": -0.078125,
						"argument2": {
						  "type": "minecraft:mul",
						  "argument1": {
							"type": "minecraft:y_clamped_gradient",
							"from_y": 240,
							"to_y": 256,
							"from_value": 1,
							"to_value": 0
						  },
						  "argument2": {
							"type": "minecraft:add",
							"argument1": 0.078125,
							"argument2": {
							  "type": "minecraft:range_choice",
							  "input": "limbo:sloped_cheese",
							  "min_inclusive": -1000000,
							  "max_exclusive": 1.5625,
							  "when_in_range": {
								"type": "minecraft:min",
								"argument1": "limbo:sloped_cheese",
								"argument2": {
								  "type": "minecraft:mul",
								  "argument1": 5,
								  "argument2": "minecraft:overworld/caves/entrances"
								}
							  },
							  "when_out_of_range": {
								"type": "minecraft:max",
								"argument1": {
								  "type": "minecraft:min",
								  "argument1": {
									"type": "minecraft:min",
									"argument1": {
									  "type": "minecraft:add",
									  "argument1": {
										"type": "minecraft:mul",
										"argument1": 4,
										"argument2": {
										  "type": "minecraft:square",
										  "argument": {
											"type": "minecraft:noise",
											"noise": "minecraft:cave_layer",
											"xz_scale": 1,
											"y_scale": 8
										  }
										}
									  },
									  "argument2": {
										"type": "minecraft:add",
										"argument1": {
										  "type": "minecraft:clamp",
										  "input": {
											"type": "minecraft:add",
											"argument1": 0.27,
											"argument2": {
											  "type": "minecraft:noise",
											  "noise": "minecraft:cave_cheese",
											  "xz_scale": 1,
											  "y_scale": 0.6666666666666666
											}
										  },
										  "min": -1,
										  "max": 1
										},
										"argument2": {
										  "type": "minecraft:clamp",
										  "input": {
											"type": "minecraft:add",
											"argument1": 1.5,
											"argument2": {
											  "type": "minecraft:mul",
											  "argument1": -0.64,
											  "argument2": "limbo:sloped_cheese"
											}
										  },
										  "min": 0,
										  "max": 0.5
										}
									  }
									},
									"argument2": "minecraft:overworld/caves/entrances"
								  },
								  "argument2": {
									"type": "minecraft:add",
									"argument1": "minecraft:overworld/caves/spaghetti_2d",
									"argument2": "minecraft:overworld/caves/spaghetti_roughness_function"
								  }
								},
								"argument2": {
								  "type": "minecraft:range_choice",
								  "input": "minecraft:overworld/caves/pillars",
								  "min_inclusive": -1000000,
								  "max_exclusive": 0.03,
								  "when_in_range": -1000000,
								  "when_out_of_range": "minecraft:overworld/caves/pillars"
								}
							  }
							}
						  }
						}
					  }
					}
				  }
				}
			  }
			}
		  }
		},
		"argument2": "minecraft:overworld/caves/noodle"
	  },
	  "vein_toggle": {
		"type": "minecraft:interpolated",
		"argument": {
		  "type": "minecraft:range_choice",
		  "input": "minecraft:y",
		  "min_inclusive": -60,
		  "max_exclusive": 51,
		  "when_in_range": {
			"type": "minecraft:noise",
			"noise": "minecraft:ore_veininess",
			"xz_scale": 1.5,
			"y_scale": 1.5
		  },
		  "when_out_of_range": 0
		}
	  },
	  "vein_ridged": {
		"type": "minecraft:add",
		"argument1": -0.07999999821186066,
		"argument2": {
		  "type": "minecraft:max",
		  "argument1": {
			"type": "minecraft:abs",
			"argument": {
			  "type": "minecraft:interpolated",
			  "argument": {
				"type": "minecraft:range_choice",
				"input": "minecraft:y",
				"min_inclusive": -60,
				"max_exclusive": 51,
				"when_in_range": {
				  "type": "minecraft:noise",
				  "noise": "minecraft:ore_vein_a",
				  "xz_scale": 4,
				  "y_scale": 4
				},
				"when_out_of_range": 0
			  }
			}
		  },
		  "argument2": {
			"type": "minecraft:abs",
			"argument": {
			  "type": "minecraft:interpolated",
			  "argument": {
				"type": "minecraft:range_choice",
				"input": "minecraft:y",
				"min_inclusive": -60,
				"max_exclusive": 51,
				"when_in_range": {
				  "type": "minecraft:noise",
				  "noise": "minecraft:ore_vein_b",
				  "xz_scale": 4,
				  "y_scale": 4
				},
				"when_out_of_range": 0
			  }
			}
		  }
		}
	  },
	  "vein_gap": {
		"type": "minecraft:noise",
		"noise": "minecraft:ore_gap",
		"xz_scale": 1,
		"y_scale": 1
	  }
	},
	"spawn_target": [
	  {
		"temperature": [
		  -1,
		  1
		],
		"humidity": [
		  -1,
		  1
		],
		"continentalness": [
		  -0.11,
		  1
		],
		"erosion": [
		  -1,
		  1
		],
		"weirdness": [
		  -1,
		  -0.16
		],
		"depth": 0,
		"offset": 0
	  },
	  {
		"temperature": [
		  -1,
		  1
		],
		"humidity": [
		  -1,
		  1
		],
		"continentalness": [
		  -0.11,
		  1
		],
		"erosion": [
		  -1,
		  1
		],
		"weirdness": [
		  0.16,
		  1
		],
		"depth": 0,
		"offset": 0
	  }
	],
	"surface_rule": {
	  "type": "minecraft:sequence",
	  "sequence": [
		{
		  "type": "minecraft:condition",
		  "if_true": {
			"type": "minecraft:biome",
			"biome_is": [
			  "limbo:hope"
			]
		  },
		  "then_run": {
			"type": "minecraft:condition",
			"if_true": {
			  "type": "minecraft:stone_depth",
			  "offset": -2,
			  "surface_type": "floor",
			  "add_surface_depth": true,
			  "secondary_depth_range": 1
			},
			"then_run": {
			  "type": "minecraft:block",
			  "result_state": {
				"Name": "minecraft:white_concrete_powder"
			  }
			}
		  }
		},
		{
		  "type": "minecraft:condition",
		  "if_true": {
			"type": "minecraft:biome",
			"biome_is": [
			  "limbo:blossom"
			]
		  },
		  "then_run": {
			"type": "minecraft:condition",
			"if_true": {
			  "type": "minecraft:stone_depth",
			  "offset": -2,
			  "surface_type": "floor",
			  "add_surface_depth": true,
			  "secondary_depth_range": 1
			},
			"then_run": {
			  "type": "minecraft:block",
			  "result_state": {
				"Name": "minecraft:white_concrete_powder"
			  }
			}
		  }
		},
		{
		  "type": "minecraft:condition",
		  "if_true": {
			"type": "minecraft:vertical_gradient",
			"random_name": "limbo:gradient",
			"true_at_and_below": {
			  "above_bottom": 0
			},
			"false_at_and_above": {
			  "above_bottom": 3
			}
		  },
		  "then_run": {
			"type": "minecraft:block",
			"result_state": {
			  "Name": "minecraft:bedrock"
			}
		  }
		},
		{
		  "type": "minecraft:condition",
		  "if_true": {
			"type": "minecraft:y_above",
			"anchor": {
			  "absolute": -45
			},
			"surface_depth_multiplier": 0,
			"add_stone_depth": false
		  },
		  "then_run": {
			"type": "minecraft:condition",
			"if_true": {
			  "type": "minecraft:vertical_gradient",
			  "random_name": "wool_gradient",
			  "true_at_and_below": {
				"absolute": -100
			  },
			  "false_at_and_above": {
				"absolute": 20
			  }
			},
			"then_run": {
			  "type": "minecraft:block",
			  "result_state": {
				"Name": "minecraft:black_wool"
			  }
			}
		  }
		},
		{
		  "type": "minecraft:condition",
		  "if_true": {
			"type": "minecraft:not",
			"invert": {
			  "type": "minecraft:water",
			  "offset": 0,
			  "surface_depth_multiplier": 0,
			  "add_stone_depth": false
			}
		  },
		  "then_run": {
			"type": "minecraft:condition",
			"if_true": {
			  "type": "minecraft:stone_depth",
			  "offset": 1,
			  "surface_type": "floor",
			  "add_surface_depth": false,
			  "secondary_depth_range": 0
			},
			"then_run": {
			  "type": "minecraft:block",
			  "result_state": {
				"Name": "minecraft:black_concrete"
			  }
			}
		  }
		},
		{
		  "type": "minecraft:condition",
		  "if_true": {
			"type": "minecraft:stone_depth",
			"offset": 0,
			"surface_type": "floor",
			"add_surface_depth": true,
			"secondary_depth_range": 1
		  },
		  "then_run": {
			"type": "minecraft:block",
			"result_state": {
			  "Name": "minecraft:black_concrete_powder"
			}
		  }
		},
		{
		  "type": "minecraft:condition",
		  "if_true": {
			"type": "minecraft:stone_depth",
			"offset": 2,
			"surface_type": "ceiling",
			"add_surface_depth": true,
			"secondary_depth_range": 2
		  },
		  "then_run": {
			"type": "minecraft:block",
			"result_state": {
			  "Name": "minecraft:blackstone"
			}
		  }
		}
	  ]
	}
  }
  