{
    "type": "origins:multiple",
    "name": "Sticky Arms",
    "description": "While at or below 40 mass, you are able to climb walls like ladders.",
    "climbing": {
        "type": "origins:climbing",
        "condition": {
            "type": "origins:and",
            "conditions": [
                {
                    "type": "origins:resource",
                    "resource": "gelatinous:mass/mass",
                    "compare_to": 40,
                    "comparison": "<="
                },
                {
                    "type": "origins:power_active",
                    "power": "*:*_toggle"
                },
                {
                    "type": "origins:collided_horizontally"
                }
            ]
        }
    },
    "toggle": {
        "type": "origins:toggle",
        "retain_state": true,
        "active_by_default": true,
        "condition": {
            "type": "origins:resource",
            "resource": "gelatinous:mass/mass",
            "compare_to": 40,
            "comparison": "<="
        },
        "key": {
            "key": "key.origins.secondary_active"
        }
    }
}