{
    "type": "origins:multiple",
    "name": "Energy Consumption",
    "description": "You exhaust 30% less, and 60% less while small.\nYou get more from food while smaller, but less while bigger.",
    "exhaustion": {
        "type": "origins:modify_exhaustion",
        "modifier": {
            "operation": "multiply_total",
            "value": -0.3
        }
    },
    "exhaustion_40": {
        "type": "origins:modify_exhaustion",
        "modifier": {
            "operation": "multiply_total",
            "value": -0.3
        },
        "condition": {
            "type": "origins:resource",
            "resource": "gelatinous:mass/mass",
            "compare_to": 40,
            "comparison": "<"
        }
    },
    "food_25": {
        "type": "origins:modify_food",
        "food_modifier": {
            "operation": "multiply_total",
            "value": 0.25
        },
        "condition": {
            "type": "origins:resource",
            "resource": "gelatinous:mass/mass",
            "compare_to": 25,
            "comparison": "<"
        }
    },
    "food_40": {
        "type": "origins:modify_food",
        "food_modifier": {
            "operation": "multiply_total",
            "value": 0.25
        },
        "condition": {
            "type": "origins:resource",
            "resource": "gelatinous:mass/mass",
            "compare_to": 40,
            "comparison": "<"
        }
    },
    "food_60": {
        "type": "origins:modify_food",
        "food_modifier": {
            "operation": "multiply_total",
            "value": -0.30
        },
        "condition": {
            "type": "origins:resource",
            "resource": "gelatinous:mass/mass",
            "compare_to": 60,
            "comparison": ">"
        }
    }
}