{
    "type": "origins:multiple",
    "name": "Mass Absorption",
    "description": "You can absorb slime balls into your body to increase your mass. Eating while full slightly increases your mass.",
    "badges": [
        {
            "type": "origins:tooltip",
            "sprite": "origins:textures/gui/badge/info.png",
            "text": "You take double damage for 1.5 seconds after absorbing or ejecting slimeballs."
        },
        {
            "type": "origins:tooltip",
            "sprite": "origins:textures/gui/badge/star.png",
            "text": "Eating slimeballs heals you slightly, and usually restores enough mass to increase your max health by 2."
        }
    ],
    "slime": {
        "type": "origins:active_self",
        "entity_action": {
            "type": "origins:and",
            "actions": [
                {
                    "type": "origins:change_resource",
                    "resource": "gelatinous:mass/mass",
                    "change": 2
                },
                {
                    "type": "origins:if_else",
                    "condition": {
                        "type": "origins:equipped_item",
                        "equipment_slot": "offhand",
                        "item_condition": {
                            "type": "origins:ingredient",
                            "ingredient": {
                                "item": "minecraft:slime_ball"
                            }
                        }
                    },
                    "if_action": {
                        "type": "origins:equipped_item_action",
                        "equipment_slot": "offhand",
                        "action": {
                            "type": "origins:consume",
                            "amount": 1
                        }
                    },
                    "else_action": {
                        "type": "origins:equipped_item_action",
                        "equipment_slot": "mainhand",
                        "action": {
                            "type": "origins:consume",
                            "amount": 1
                        }
                    }
                },
                {
                    "type": "origins:heal",
                    "amount": 2
                },
                {
                    "type": "origins:trigger_cooldown",
                    "power": "gelatinous:mass/mass_cooldown"
                },
                {
                    "type": "origins:play_sound",
                    "sound": "minecraft:entity.generic.eat",
                    "pitch": 0.88,
                    "volume": 1
                },
                {
                    "type": "origins:play_sound",
                    "sound": "minecraft:block.slime_block.break",
                    "pitch": 0.96,
                    "volume": 1
                },
                {
                    "type": "origins:spawn_particles",
                    "particle": {
                        "type": "minecraft:block",
                        "params": "minecraft:slime_block"
                    },
                    "count": 36,
                    "speed": 0.05,
                    "force": true,
                    "spread": {
                        "x": 0.5,
                        "y": 0.5,
                        "z": 0.5
                    }
                }
            ]
        },
        "cooldown": 0,
        "hud_render": {
            "should_render": false
        },
        "condition": {
            "type": "origins:and",
            "conditions": [
                {
                    "type": "origins:resource",
                    "resource": "gelatinous:mass/mass_cooldown",
                    "compare_to": 0,
                    "comparison": "=="
                },
                {
                    "type": "origins:resource",
                    "resource": "gelatinous:mass/mass",
                    "compare_to": 100,
                    "comparison": "<"
                },
                {
                    "type": "origins:or",
                    "conditions": [
                        {
                            "type": "origins:equipped_item",
                            "equipment_slot": "mainhand",
                            "item_condition": {
                                "type": "origins:ingredient",
                                "ingredient": {
                                    "item": "minecraft:slime_ball"
                                }
                            }
                        },
                        {
                            "type": "origins:equipped_item",
                            "equipment_slot": "offhand",
                            "item_condition": {
                                "type": "origins:ingredient",
                                "ingredient": {
                                    "item": "minecraft:slime_ball"
                                }
                            }
                        }
                    ]
                }
            ]
        },
        "key": {
            "key": "key.use",
            "continuous": true
        }
    },
    "food": {
        "type": "origins:modify_food",
        "always_edible": true,
        "entity_action": {
            "type": "origins:change_resource",
            "resource": "gelatinous:mass/mass",
            "change": 2
        },
        "condition": {
            "type": "origins:food_level",
            "compare_to": 20,
            "comparison": "=="
        }
    }
}