{
    "type": "origins:action_over_time",
    "name": "Mass Extermination",
    "description": "When you take damage, you'll randomly lose mass roughly equivalent to the damage taken.",
    "badges": [
        {
            "type": "origins:tooltip",
            "sprite": "origins:textures/gui/badge/info.png",
            "text": "For every half-heart you lose, you will lose the following mass: 75% for 1, 50% for 2, 25% for 3"
        }
    ],
    "entity_action": {
       "type": "origins:execute_command",
       "command": "function gelatinous:mass/health_check"
    },
    "interval": 1
}