{
    "type": "origins:active_self",
    "name": "Mass Ejection",
    "description": "You can use your Primary to eject some of your mass, giving you a slimeball at the cost of mass.",
    "badges": [
        {
            "type": "origins:tooltip",
            "sprite": "origins:textures/gui/badge/info.png",
            "text": "You take double damage for 1.5 seconds after absorbing or ejecting slimeballs."
        }
    ],
    "entity_action": {
        "type": "origins:and",
        "actions": [
            {
                "type": "origins:change_resource",
                "resource": "gelatinous:mass/mass",
                "change": -4
            },
            {
                "type": "origins:execute_command",
                "command": "loot give @s loot gelatinous:ejection"
            },
            {
                "type": "origins:if_else",
                "condition": {
                    "type": "origins:health",
                    "compare_to": 1,
                    "comparison": ">"
                },
                "if_action": {
                    "type": "origins:and",
                    "actions": [
                        {
                            "type": "origins:heal",
                            "amount": -1
                        },
                        {
                            "type": "origins:execute_command",
                            "command": "scoreboard players remove @s gelatinous.massExtermination.Health2 2"
                        },
                        {
                            "type": "origins:heal",
                            "amount": 1
                        }
                    ]
                }
            },
            {
                "type": "origins:trigger_cooldown",
                "power": "gelatinous:mass/mass_cooldown"
            },
            {
                "type": "origins:play_sound",
                "sound": "minecraft:entity.generic.eat",
                "pitch": 0.58,
                "volume": 1
            },
            {
                "type": "origins:play_sound",
                "sound": "minecraft:block.slime_block.break",
                "pitch": 0.66,
                "volume": 1
            },
            {
                "type": "origins:spawn_particles",
                "particle": {
                    "type": "minecraft:block",
                    "params": "minecraft:slime_block"
                },
                "count": 36,
                "speed": 0.05,
                "force": true,
                "spread": {
                    "x": 0.5,
                    "y": 0.5,
                    "z": 0.5
                }
            }
        ]
    },
    "cooldown": 0,
    "hud_render": {
        "should_render": false
    },
    "condition": {
        "type": "origins:and",
        "conditions": [
            {
                "type": "origins:resource",
                "resource": "gelatinous:mass/mass_cooldown",
                "compare_to": 0,
                "comparison": "=="
            },
            {
                "type": "origins:resource",
                "resource": "gelatinous:mass/mass",
                "compare_to": 1,
                "comparison": ">"
            }
        ]
    },
    "key": {
        "key": "key.origins.primary_active",
        "continuous": true
    }
}