{
    "type": "origins:action_on_hit",
    "name": "Slimed",
    "description": "Killing enemies will have a 1/4 chance to award 1-2 slimeballs.",
    "bientity_action": {
        "type": "origins:target_action",
        "action": {
            "type": "origins:chance",
            "action": {
                "type": "origins:execute_command",
                "command": "loot spawn ~ ~ ~ loot gelatinous:slimeball_kill"
            },
            "chance": 0.25
        }
    },
    "bientity_condition": {
        "type": "origins:target_condition",
        "condition": {
            "type": "origins:health",
            "compare_to": 0,
            "comparison": "=="
        }
    }
}