{
    "type": "tree",
    "config": {
        "decorators": [
            {
                "type": "beehive",
                "probability": 0.02
            }
        ],
        "dirt_provider": {
            "type": "minecraft:simple_state_provider",
            "state": {
                "Name": "minecraft:dirt"
            }
        },
        "force_dirt": false,
        "ignore_vines": false,
        "minimum_size": {
            "type": "minecraft:two_layers_feature_size",
            "limit": 1,
            "lower_size": 0,
            "upper_size": 2
        },
        "trunk_provider": {
            "type": "minecraft:simple_state_provider",
            "state": {
                "Name": "minecraft:birch_log",
                "Properties": {
                    "axis": "y"
                }
            }
        },
        "trunk_placer": {
            "base_height": 5,
            "height_rand_a": 4,
            "height_rand_b": 0,
            "type": "straight_trunk_placer"
        },
        "foliage_placer": {
            "height": 3,
            "offset": 0,
            "radius": 2,
            "type": "blob_foliage_placer"
        },
        "foliage_provider": {
            "type": "minecraft:simple_state_provider",
            "state": {
                "Name": "minecraft:birch_leaves",
                "Properties": {
                    "distance": "7",
                    "persistent": "false",
                    "waterlogged": "false"
                }   
            }
        }
    }
}