{
  "spawners": {
    "water_ambient": [],
    "ambient": [
      {
        "type": "minecraft:bat",
        "weight": 10,
        "minCount": 8,
        "maxCount": 8
      }
    ],
    "misc": [
      {
        "type": "minecraft:pig",
        "weight": 5,
        "minCount": 4,
        "maxCount": 4
      }
      
    ],
    "water_creature": [
      {
        "type": "minecraft:pufferfish",
        "weight": 1,
        "minCount": 1,
        "maxCount": 1
      },
      
      {
        "type": "minecraft:dolphin",
        "weight": 1,
        "minCount": 1,
        "maxCount": 1
      }
    ],
    "creature": [
      
    ],
    "monster": [
      
      {
        "type": "minecraft:creeper",
        "weight": 5,
        "minCount": 1,
        "maxCount": 1
      },
      {
        "type": "minecraft:slime",
        "weight": 4,
        "minCount": 4,
        "maxCount": 4
      }
    ]
  },
  "spawn_costs": {},
  "carvers": {
    "air": [
      "bracken:cave",
      "bracken:canyon"
    ]
  },
  "features": [
    [],
    [],
    [
      "minecraft:forest_rock"
    ],
    [],
    [],
    [],
    [],
    [],
    ["bracken:panacea/coal_blobs"],
    [
      "minecraft:patch_tall_grass_2",
      "minecraft:patch_large_fern",
      "bracken:panacea/creeper_dec",
      "bracken:panacea/bones",
      "bracken:panacea/meat",
      "minecraft:patch_grass_jungle"
    ],
    [
      "minecraft:freeze_top_layer"
    ]
  ],
  "temperature": 0.95,
  "downfall": 0.1,
  "effects": {
    "mood_sound": {
      "sound": "minecraft:ambient.cave",
      "tick_delay": 6000,
      "block_search_extent": 8,
      "offset": 2
    },
    "fog_color": 13494155,
    "water_color": 9936213,
    "water_fog_color": 10657365,
    "grass_color": 4310859,
    "sky_color": 11460793,
    "foliage_color": 4310859,
    "additions_sound": {
      "sound": "minecraft:entity.parrot.ambient",
      "tick_chance": 0.0002
    },
    "music": {
      "sound": "minecraft:music.creative",
      "min_delay": 12000,
      "max_delay": 24000,
      "replace_current_music": false
    }
  },
  "has_precipitation": true
}
