{
	"credit": "Made with Blockbench",
	"texture_size": [64, 64],
	"textures": {
		"0": "manic:block/corpsegourd",
		"particle": "manic:block/corpsegourd"
	},
	"elements": [
		{
			"name": "Gourd",
			"from": [2, 0, 2],
			"to": [14, 12, 14],
			"rotation": {"angle": 0, "axis": "y", "origin": [8, 6, 8]},
			"faces": {
				"north": {"uv": [13, 3, 16, 6], "texture": "#0", "tintindex": 0},
				"east": {"uv": [0, 10, 3, 13], "texture": "#0", "tintindex": 0},
				"south": {"uv": [9, 10, 12, 13], "texture": "#0", "tintindex": 0},
				"west": {"uv": [6, 10, 9, 13], "texture": "#0", "tintindex": 0},
				"up": {"uv": [3, 0, 6, 3], "texture": "#0", "tintindex": 0},
				"down": {"uv": [6, 0, 9, 3], "texture": "#0", "tintindex": 0}
			}
		}
	]
}