{
	"credit": "Made with Blockbench",
	"texture_size": [64, 64],
	"textures": {
		"0": "manic:block/corpsegourd",
		"particle": "manic:block/corpsegourd"
	},
	"elements": [
		{
			"name": "Stem",
			"from": [8, 0, -7],
			"to": [8, 16, 11],
			"rotation": {"angle": 0, "axis": "y", "origin": [8, 12, 8]},
			"faces": {
				"north": {"uv": [0, 0, 0, 4], "texture": "#missing"},
				"east": {"uv": [4.5, 6, 9, 10], "texture": "#0", "tintindex": 0},
				"south": {"uv": [0, 0, 0, 4], "texture": "#missing"},
				"west": {"uv": [9, 6, 4.5, 10], "texture": "#0", "tintindex": 0},
				"up": {"uv": [0, 0, 0, 4], "texture": "#missing"},
				"down": {"uv": [0, 0, 0, 4], "texture": "#missing"}
			}
		}
	]
}