{
    "criteria": {
        "requirement": {
            "trigger": "minecraft:location",
            "conditions": {
                "player": {
                    "location": {
                        "dimension": "the_nether",
                        "position": {
                            "y": {
                                "min": 105,
                                "max": 150
                            }
                        }
                    }
                }
            }
        }
    },
    "rewards": {
        "function": "bracken:dimension_crossing/first_time_text/normal_nether_height_check"
    }
}
