{
  "type": "minecraft:chest",
  "pools": [
    {
      "rolls": {
        "min": 7,
        "max": 10
      },
      "entries": [
        {
          "type": "minecraft:item",
          "name": "minecraft:bone",
          "conditions": [
            {
              "condition": "minecraft:random_chance",
              "chance": 0.8
            }
          ]
        },
        {
          "type": "minecraft:item",
          "name": "minecraft:cobweb",
          "conditions": [
            {
              "condition": "minecraft:random_chance",
              "chance": 0.3
            }
          ]
        },
        {
          "type": "loot_table",
          "name": "bracken:item/portal_keys/end_key",
          "conditions": [
            {
              "condition": "minecraft:random_chance",
              "chance": 0.001
            }
          ]
        },
        {
          "type": "loot_table",
          "name": "bracken:item/portal_keys/dormis_key",
          "conditions": [
            {
              "condition": "minecraft:random_chance",
              "chance": 0.001
            }
          ]
        },
        {
          "type": "minecraft:item",
          "name": "minecraft:snowball",
          "conditions": [
            {
              "condition": "minecraft:random_chance",
              "chance": 0.5
            }
          ]
        },
        {
          "type": "loot_table",
          "name": "bracken:item/portal_keys/void_key",
          "conditions": [
            {
              "condition": "minecraft:random_chance",
              "chance": 0.001
            }
          ]
        },
        {
          "type": "minecraft:item",
          "name": "minecraft:tipped_arrow",
          "conditions": [
            {
              "condition": "minecraft:random_chance",
              "chance": 0.6
            }
          ],
          "functions": [
            {
              "function": "set_nbt",
              "tag": "{Potion:\"minecraft:slowness\"}"
            }
          ]
        }
      ]
    }
  ]
}
