{
  "type": "minecraft:chest",
  "pools": [
    {
      "rolls": {
        "min": 10,
        "max": 17
      },
      "entries": [
        {
          "type": "minecraft:item",
          "name": "minecraft:bone",
          "conditions": [
            {
              "condition": "minecraft:random_chance",
              "chance": 0.8
            }
          ]
        },
        {
          "type": "loot_table",
          "name": "bracken:item/music_discs/glacium",
          "conditions": [
            {
              "condition": "minecraft:random_chance",
              "chance": 0.1
            }
          ]
        },
        {
          "type": "loot_table",
          "name": "bracken:item/portal_keys/dormis_key",
          "conditions": [
            {
              "condition": "minecraft:random_chance",
              "chance": 0.01
            }
          ]
        },
        {
          "type": "minecraft:item",
          "name": "minecraft:snowball",
          "conditions": [
            {
              "condition": "minecraft:random_chance",
              "chance": 0.5
            }
          ]
        },
        {
          "type": "minecraft:item",
          "name": "minecraft:ice",
          "conditions": [
            {
              "condition": "minecraft:random_chance",
              "chance": 0.5
            }
          ]
        },
        {
          "type": "minecraft:item",
          "name": "minecraft:tipped_arrow",
          "conditions": [
            {
              "condition": "minecraft:random_chance",
              "chance": 0.6
            }
          ],
          "functions": [
            {
              "function": "set_nbt",
              "tag": "{Potion:\"minecraft:slowness\"}"
            }
          ]
        },
        {
          "type": "loot_table",
          "name": "bracken:item/glacium/frosbeak",
          "conditions": [
            {
              "condition": "minecraft:random_chance",
              "chance": 0.1
            }
          ]
        },
        {
          "type": "loot_table",
          "name": "bracken:item/glacium/frosfang",
          "conditions": [
            {
              "condition": "minecraft:random_chance",
              "chance": 0.1
            }
          ]
        }
      ]
    },
    {
      "rolls": 1,
      "entries": [
        {
          "type": "loot_table",
          "name": "bracken:item/maps/glacium_hotsprings_map",
          "conditions": [
            {
              "condition": "minecraft:random_chance",
              "chance": 0.1
            }
          ]
        }
      ]
    }
  ]
}
