{
    "type": "origins:prevent_block_use",
    "hidden": true,
    "block_condition": {
        "type": "origins:or",
        "conditions": [
            {
                "type": "origins:block",
                "block": "minecraft:loom"
            },
            {
                "type": "origins:block",
                "block": "minecraft:cartography_table"
            },
            {
                "type": "origins:block",
                "block": "minecraft:blast_furnace"
            },
            {
                "type": "origins:block",
                "block": "minecraft:smoker"
            },
            {
                "type": "origins:block",
                "block": "minecraft:stonecutter"
            }
        ]
    }
}