{
    "name": "Hell Knight",
    "description": "Knights who sold their soul to hell in exchange for power. They are savage and merciless beings that are addicted to the glory of battle.",
    "powers": [
        "666:battlecry",
        "666:restraint",
        "666:faustian_bargain",
        "666:bloodlust",
        "666:sadistic",
        "666:beserker",
        "666:gluttonous",
        "666:restless"
    ],
    "icon": {
        "item": "minecraft:goat_horn"
    },
    "order": 0,
    "impact": 3,
    "loading_priority": 1
}