{
	"powers": [
		"nightdweller:darkness_attuned",
		"nightdweller:darkness_attuned_speed",
		"nightdweller:shadow_lurker",
		"nightdweller:blinding_strike",
		"nightdweller:nightfall",
		"nightdweller:photosensitive",
		"nightdweller:darknessimmunity",
		"nightdweller:thin_skin",
		"nightdweller:thin_skin_damage",
		"nightdweller:sleep_location",
		"nightdweller:blinding_strike_slowness"
	],
	"icon": "minecraft:tinted_glass",
	"order": 10,
	"impact": 2,
	"name": "Stygian",
	"description": "Nocturnal hunters that lurk wherever shadows lay. They are blind in the light and weak in prolonged combat, however, they know a thing or two about going for the eyes and legs."
}
