{"textures":{"0":"manic:entity/zombee/sting"},"elements":[{"from":[8,0,8],"to":[8.000001,1e-06,8.000001],"faces":{"north":{"uv":[0.05,0.00859375,0.45,0.01484375],"texture":"#0","tintindex":0}}},{"from":[8,0,8],"to":[8.000001,1e-06,8.000001],"faces":{"north":{"uv":[0.55,0.00859375,0.95,0.01484375],"texture":"#0","tintindex":0}}},{"from":[8,0,8],"to":[8.000001,1e-06,8.000001],"faces":{"north":{"uv":[1.05,0.00859375,1.45,0.01484375],"texture":"#0","tintindex":0}}},{"from":[8,0,8],"to":[8.000001,1e-06,8.000001],"faces":{"north":{"uv":[1.55,0.00859375,1.95,0.01484375],"texture":"#0","tintindex":0}}},{"from":[8,0,8],"to":[8.000001,1e-06,8.000001],"faces":{"north":{"uv":[2.05,0.00859375,2.45,0.01484375],"texture":"#0","tintindex":0}}},{"from":[8,0,8],"to":[8.000001,1e-06,8.000001],"faces":{"north":{"uv":[2.55,0.00859375,2.95,0.01484375],"texture":"#0","tintindex":0}}},{"from":[8,0,8],"to":[8.000001,1e-06,8.000001],"faces":{"north":{"uv":[3.05,0.00859375,3.45,0.01484375],"texture":"#0","tintindex":0}}},{"from":[8,0,8],"to":[8.000001,1e-06,8.000001],"faces":{"north":{"uv":[3.55,0.00859375,3.95,0.01484375],"texture":"#0","tintindex":0}}},{"from":[8,0,8],"to":[8.000001,1e-06,8.000001],"faces":{"north":{"uv":[4.05,0.00859375,4.45,0.01484375],"texture":"#0","tintindex":0}}},{"from":[8,0,8],"to":[8.000001,1e-06,8.000001],"faces":{"north":{"uv":[4.55,0.00859375,4.95,0.01484375],"texture":"#0","tintindex":0}}},{"from":[8,0,8],"to":[8.000001,1e-06,8.000001],"faces":{"north":{"uv":[5.05,0.00859375,5.45,0.01484375],"texture":"#0","tintindex":0}}},{"from":[8,0,8],"to":[8.000001,1e-06,8.000001],"faces":{"north":{"uv":[5.55,0.00859375,5.95,0.01484375],"texture":"#0","tintindex":0}}},{"from":[8,0,8],"to":[8.000001,1e-06,8.000001],"faces":{"north":{"uv":[6.05,0.00859375,6.45,0.01484375],"texture":"#0","tintindex":0}}},{"from":[8,0,8],"to":[8.000001,1e-06,8.000001],"faces":{"north":{"uv":[6.55,0.00859375,6.95,0.01484375],"texture":"#0","tintindex":0}}},{"from":[8,0,8],"to":[8.000001,1e-06,8.000001],"faces":{"north":{"uv":[7.05,0.00859375,7.45,0.01484375],"texture":"#0","tintindex":0}}},{"from":[8,0,8],"to":[8.000001,1e-06,8.000001],"faces":{"north":{"uv":[7.55,0.00859375,7.95,0.01484375],"texture":"#0","tintindex":0}}},{"from":[8,0,8],"to":[8.000001,1e-06,8.000001],"faces":{"north":{"uv":[8.05,0.00859375,8.45,0.01484375],"texture":"#0","tintindex":0}}},{"from":[8,0,8],"to":[8.000001,1e-06,8.000001],"faces":{"north":{"uv":[8.55,0.00859375,8.95,0.01484375],"texture":"#0","tintindex":0}}},{"from":[8,0,8],"to":[8.000001,1e-06,8.000001],"faces":{"north":{"uv":[9.05,0.00859375,9.45,0.01484375],"texture":"#0","tintindex":0}}},{"from":[8,0,8],"to":[8.000001,1e-06,8.000001],"faces":{"north":{"uv":[9.55,0.00859375,9.95,0.01484375],"texture":"#0","tintindex":0}}},{"from":[8,0,8],"to":[8.000001,1e-06,8.000001],"faces":{"north":{"uv":[10.05,0.00859375,10.45,0.01484375],"texture":"#0","tintindex":0}}},{"from":[8,0,8],"to":[8.000001,1e-06,8.000001],"faces":{"north":{"uv":[10.55,0.00859375,10.95,0.01484375],"texture":"#0","tintindex":0}}},{"from":[8,0,8],"to":[8.000001,1e-06,8.000001],"faces":{"north":{"uv":[11.05,0.00859375,11.45,0.01484375],"texture":"#0","tintindex":0}}},{"from":[8,0,8],"to":[8.000001,1e-06,8.000001],"faces":{"north":{"uv":[11.55,0.00859375,11.95,0.01484375],"texture":"#0","tintindex":0}}},{"from":[8,0,8],"to":[8.000001,1e-06,8.000001],"faces":{"north":{"uv":[12.05,0.00859375,12.45,0.01484375],"texture":"#0","tintindex":0}}},{"from":[8,0,8],"to":[8.000001,1e-06,8.000001],"faces":{"north":{"uv":[12.55,0.00859375,12.95,0.01484375],"texture":"#0","tintindex":0}}},{"from":[8,0,8],"to":[8.000001,1e-06,8.000001],"faces":{"north":{"uv":[13.05,0.00859375,13.45,0.01484375],"texture":"#0","tintindex":0}}},{"from":[8,0,8],"to":[8.000001,1e-06,8.000001],"faces":{"north":{"uv":[13.55,0.00859375,13.95,0.01484375],"texture":"#0","tintindex":0}}},{"from":[8,0,8],"to":[8.000001,1e-06,8.000001],"faces":{"north":{"uv":[14.05,0.00859375,14.45,0.01484375],"texture":"#0","tintindex":0}}},{"from":[8,0,8],"to":[8.000001,1e-06,8.000001],"faces":{"north":{"uv":[14.55,0.00859375,14.95,0.01484375],"texture":"#0","tintindex":0}}},{"from":[8,0,8],"to":[8.000001,1e-06,8.000001],"faces":{"north":{"uv":[15.05,0.00859375,15.45,0.01484375],"texture":"#0","tintindex":0}}},{"from":[8,0,8],"to":[8.000001,1e-06,8.000001],"faces":{"north":{"uv":[15.55,0.00859375,15.95,0.01484375],"texture":"#0","tintindex":0}}},{"from":[8,0,8],"to":[8.000001,1e-06,8.000001],"faces":{"north":{"uv":[0.05,0.01640625,0.45,0.02265625],"texture":"#0","tintindex":0}}},{"from":[8,0,8],"to":[8.000001,1e-06,8.000001],"faces":{"north":{"uv":[0.55,0.01640625,0.95,0.02265625],"texture":"#0","tintindex":0}}},{"from":[8,0,8],"to":[8.000001,1e-06,8.000001],"faces":{"north":{"uv":[1.05,0.01640625,1.45,0.02265625],"texture":"#0","tintindex":0}}},{"from":[8,0,8],"to":[8.000001,1e-06,8.000001],"faces":{"north":{"uv":[1.55,0.01640625,1.95,0.02265625],"texture":"#0","tintindex":0}}},{"from":[8,0,8],"to":[8.000001,1e-06,8.000001],"faces":{"north":{"uv":[2.05,0.01640625,2.45,0.02265625],"texture":"#0","tintindex":0}}},{"from":[8,0,8],"to":[8.000001,1e-06,8.000001],"faces":{"north":{"uv":[2.55,0.01640625,2.95,0.02265625],"texture":"#0","tintindex":0}}},{"from":[8,0,8],"to":[8.000001,1e-06,8.000001],"faces":{"north":{"uv":[3.05,0.01640625,3.45,0.02265625],"texture":"#0","tintindex":0}}},{"from":[8,0,8],"to":[8.000001,1e-06,8.000001],"faces":{"north":{"uv":[3.55,0.01640625,3.95,0.02265625],"texture":"#0","tintindex":0}}},{"from":[8,0,8],"to":[8.000001,1e-06,8.000001],"faces":{"north":{"uv":[4.05,0.01640625,4.45,0.02265625],"texture":"#0","tintindex":0}}},{"from":[8,0,8],"to":[8.000001,1e-06,8.000001],"faces":{"north":{"uv":[4.55,0.01640625,4.95,0.02265625],"texture":"#0","tintindex":0}}},{"from":[8,0,8],"to":[8.000001,1e-06,8.000001],"faces":{"north":{"uv":[5.05,0.01640625,5.45,0.02265625],"texture":"#0","tintindex":0}}},{"from":[8,0,8],"to":[8.000001,1e-06,8.000001],"faces":{"north":{"uv":[5.55,0.01640625,5.95,0.02265625],"texture":"#0","tintindex":0}}},{"from":[8,0,8],"to":[8.000001,1e-06,8.000001],"faces":{"north":{"uv":[6.05,0.01640625,6.45,0.02265625],"texture":"#0","tintindex":0}}},{"from":[8,0,8],"to":[8.000001,1e-06,8.000001],"faces":{"north":{"uv":[6.55,0.01640625,6.95,0.02265625],"texture":"#0","tintindex":0}}},{"from":[8,0,8],"to":[8.000001,1e-06,8.000001],"faces":{"north":{"uv":[7.05,0.01640625,7.45,0.02265625],"texture":"#0","tintindex":0}}},{"from":[8,0,8],"to":[8.000001,1e-06,8.000001],"faces":{"north":{"uv":[7.55,0.01640625,7.95,0.02265625],"texture":"#0","tintindex":0}}},{"from":[8,0,8],"to":[8.000001,1e-06,8.000001],"faces":{"north":{"uv":[8.05,0.01640625,8.45,0.02265625],"texture":"#0","tintindex":0}}},{"from":[8,0,8],"to":[8.000001,1e-06,8.000001],"faces":{"north":{"uv":[8.55,0.01640625,8.95,0.02265625],"texture":"#0","tintindex":0}}},{"from":[8,0,8],"to":[8.000001,1e-06,8.000001],"faces":{"north":{"uv":[9.05,0.01640625,9.45,0.02265625],"texture":"#0","tintindex":0}}},{"from":[8,0,8],"to":[8.000001,1e-06,8.000001],"faces":{"north":{"uv":[9.55,0.01640625,9.95,0.02265625],"texture":"#0","tintindex":0}}},{"from":[8,0,8],"to":[8.000001,1e-06,8.000001],"faces":{"north":{"uv":[10.05,0.01640625,10.45,0.02265625],"texture":"#0","tintindex":0}}},{"from":[8,0,8],"to":[8.000001,1e-06,8.000001],"faces":{"north":{"uv":[10.55,0.01640625,10.95,0.02265625],"texture":"#0","tintindex":0}}},{"from":[8,0,8],"to":[8.000001,1e-06,8.000001],"faces":{"north":{"uv":[11.05,0.01640625,11.45,0.02265625],"texture":"#0","tintindex":0}}},{"from":[8,0,8],"to":[8.000001,1e-06,8.000001],"faces":{"north":{"uv":[11.55,0.01640625,11.95,0.02265625],"texture":"#0","tintindex":0}}},{"from":[8,0,8],"to":[8.000001,1e-06,8.000001],"faces":{"north":{"uv":[12.05,0.01640625,12.45,0.02265625],"texture":"#0","tintindex":0}}},{"from":[8,0,8],"to":[8.000001,1e-06,8.000001],"faces":{"north":{"uv":[12.55,0.01640625,12.95,0.02265625],"texture":"#0","tintindex":0}}},{"from":[8,0,8],"to":[8.000001,1e-06,8.000001],"faces":{"north":{"uv":[13.05,0.01640625,13.45,0.02265625],"texture":"#0","tintindex":0}}},{"from":[8,0,8],"to":[8.000001,1e-06,8.000001],"faces":{"north":{"uv":[13.55,0.01640625,13.95,0.02265625],"texture":"#0","tintindex":0}}},{"from":[8,0,8],"to":[8.000001,1e-06,8.000001],"faces":{"north":{"uv":[14.05,0.01640625,14.45,0.02265625],"texture":"#0","tintindex":0}}},{"from":[8,0,8],"to":[8.000001,1e-06,8.000001],"faces":{"north":{"uv":[14.55,0.01640625,14.95,0.02265625],"texture":"#0","tintindex":0}}},{"from":[8,0,8],"to":[8.000001,1e-06,8.000001],"faces":{"north":{"uv":[15.05,0.01640625,15.45,0.02265625],"texture":"#0","tintindex":0}}},{"from":[8,0,8],"to":[8.000001,1e-06,8.000001],"faces":{"north":{"uv":[15.55,0.01640625,15.95,0.02265625],"texture":"#0","tintindex":0}}},{"from":[8,0,8],"to":[8.000001,1e-06,8.000001],"faces":{"north":{"uv":[0.05,0.02421875,0.45,0.03046875],"texture":"#0","tintindex":0}}},{"from":[8,0,8],"to":[8.000001,1e-06,8.000001],"faces":{"north":{"uv":[0.55,0.02421875,0.95,0.03046875],"texture":"#0","tintindex":0}}},{"from":[8,0,8],"to":[8.000001,1e-06,8.000001],"faces":{"north":{"uv":[1.05,0.02421875,1.45,0.03046875],"texture":"#0","tintindex":0}}},{"from":[8,0,8],"to":[8.000001,1e-06,8.000001],"faces":{"north":{"uv":[1.55,0.02421875,1.95,0.03046875],"texture":"#0","tintindex":0}}}],"display":{"thirdperson_righthand":{"rotation":[85,0,0]},"thirdperson_lefthand":{"rotation":[85,0,0]}}}