{
    "pools": [
      {
        "rolls": 1,
        "entries": [
          {
            "type": "minecraft:item",
            "name": "minecraft:string",
            "functions": [
              {
                "function": "minecraft:set_lore",
                "entity": "this",
                "lore": [
                  [
                    {
                      "text": "Resistance: ",
                      "color": "#FBCE8C",
                      "bold": false,
                      "italic": false
                    },
                    {
                      "score": {
                        "name": "*",
                        "objective": "vtailor.string.hp"
                      }
                    }
                  ],
                  [
                    {
                      "text": "Density: ",
                      "color": "#FBCE8C",
                      "bold": false,
                      "italic": false
                    },
                    {
                      "score": {
                        "name": "*",
                        "objective": "vtailor.string.atk"
                      }
                    }
                  ]
                ]
              }
            ]
          }
        ]
      }
    ]
  }
  