{
    "type": "origins:multiple",
    "hidden": true,
    "nowater": {
        "type": "origins:modify_break_speed",
        "modifier": {
            "operation": "multiply_total",
            "value": -0.8
        },
        "condition": {
            "type": "origins:and",
            "conditions": [
                {
                    "type": "origins:submerged_in",
                    "fluid": "minecraft:water",
                    "inverted": true
                },
                {
                    "type": "origins:on_block"
                },
                {
                    "type": "origins:equipped_item",
                    "equipment_slot": "head",
                    "inverted": true,
                    "item_condition": {
                        "type": "origins:enchantment",
                        "enchantment": "minecraft:aqua_affinity",
                        "comparison": ">=",
                        "compare_to": 1
                    }
                }
            ]
        }
    },
    "underwater": {
        "type": "origins:modify_break_speed",
        "modifier": {
            "operation": "multiply_total",
            "value": 4
        },
        "condition": {
            "type": "origins:or",
            "conditions": [
                {
                    "type": "origins:submerged_in",
                    "fluid": "minecraft:water"
                },
                {
                    "type": "origins:and",
                    "conditions": [
                        {
                            "type": "origins:status_effect",
                            "effect": "minecraft:conduit_power"
                        },
                        {
                            "type": "origins:submerged_in",
                            "fluid": "minecraft:water",
                            "inverted": true
                        }
                    ]
                }
            ]
        }
    }
}