{
    "type": "origins:simple",
    "name": "§6Amphibious§r",
    "description": "Your kin adapted to temporarily residing on land, though it is quite rudimentary.",
    "badges": [
        {
            "type": "origins:tooltip",
            "sprite": "origins:textures/gui/badge/star.png",
            "text": "You can breathe and see underwater, and do not sink in it."
        },
        {
            "type": "origins:tooltip",
            "sprite": "origins:textures/gui/badge/info.png",
            "text": "On land, you can breath for 30 seconds but cannot see well, walk, or mine properly."
        },
        {
            "type": "origins:tooltip",
            "sprite": "origins:textures/gui/badge/arrow_up.png",
            "text": "Respiration lets you breath longer on land, Aqua Affinity lets you mine and see when not in water, and Depth Strider lets you grip your feet on the ground better."
        }
    ]
}