{
    "name": "§4§nVessel of Hay",
    "description": "Your body doesn't accept regular armor.",
    "badges": [
        {
            "type": "origins:tooltip",
            "sprite": "origins:textures/gui/badge/info.png",
            "text": "§4ℹ §r§c§nHay Body§4: §cYou have a special set of armor you can't take off, as protective as leather."
        }
    ],
    "type": "origins:action_on_callback",
    "entity_action_chosen": {
        "type": "origins:execute_command",
        "command": "function vscarecrow:replace_armor"
    }
}