{
    "type": "origins:action_on_callback",
    "entity_action_added": {
        "type": "origins:and",
        "actions": [
            {
                "type": "origins:heal",
                "amount": 2
            },
            {
                "type": "origins:change_resource",
                "resource": "*:crows_count",
                "change": -1
            },
            {
                "type": "origins:revoke_power",
                "power": "*:*",
                "source": "vscarecrow:crows"
            },
            {
                "type": "origins:if_else",
                "condition": {
                    "type": "origins:resource",
                    "resource": "*:crows_count",
                    "compare_to": 0,
                    "comparison": ">"
                },
                "if_action": {
                    "type": "origins:grant_power",
                    "power": "*:*",
                    "source": "vscarecrow:crows"
                }
            }
        ]
    }
}