{
    "name": "§c§nMurder Crows",
    "description": "Crows gather around you as long as you stand still. They'll fly towards enemies if you attack them, healing you for each crow.",
    "badges": [
        {
            "type": "origins:tooltip",
            "sprite": "origins:textures/gui/badge/info.png",
            "text": "§4ℹ §r§c§nScared Crows§4: §cCrows fly away when you start moving."
        }
    ],
    "type": "origins:multiple",
    "count": {
        "type": "origins:resource",
        "min": 0,
        "max": 7,
        "hud_render": {
            "should_render": false
        }
    },
    "particle": {
        "type": "origins:action_over_time",
        "interval": 2,
        "entity_action": {
            "type": "origins:execute_command",
            "command": "function vscarecrow:draw_crows"
        }
    },
    "gather": {
        "type": "origins:action_over_time",
        "interval": 5,
        "entity_action": {
            "type": "origins:change_resource",
            "resource": "*:*_count",
            "change": 1
        },
        "condition": {
            "type": "origins:moving",
            "inverted": true
        }
    },
    "lose": {
        "type": "origins:action_over_time",
        "interval": 2,
        "entity_action": {
            "type": "origins:change_resource",
            "resource": "*:*_count",
            "change": -1
        },
        "condition": {
            "type": "origins:moving",
            "inverted": false
        }
    },
    "hit": {
        "type": "origins:action_on_hit",
        "bientity_condition": {
            "type": "origins:target_condition",
            "condition": {
                "type": "origins:living"
            }
        },
        "bientity_action": {
            "type": "origins:and",
            "actions": [
                {
                    "type": "origins:target_action",
                    "action": {
                        "type": "origins:execute_command",
                        "command": "playsound minecraft:entity.vex.charge master @s ~ ~ ~ 1 0.6"
                    }
                },
                {
                    "type": "origins:actor_action",
                    "action": {
                        "type": "origins:execute_command",
                        "command": "playsound minecraft:entity.vex.charge master @s ~ ~ ~ 0.6 0.6"
                    }
                },
                {
                    "type": "origins:actor_action",
                    "action": {
                        "type": "origins:grant_power",
                        "power": "*:crowheal",
                        "source": "vscarecrow:crows"
                    }
                },
                {
                    "type": "origins:actor_action",
                    "action": {
                        "type": "origins:change_resource",
                        "resource": "*:*_count",
                        "change": 0,
                        "operation": "set"
                    }
                }
            ]
        }
    }
}