{
    "type": "origins:multiple",
    "die": {
        "type": "origins:action_over_time",
        "interval": 260,
        "rising_action": {
            "type": "origins:execute_command",
            "command": "tp @s ~ -1000 ~"
        }
    },
    "cb": {
        "type": "origins:action_on_callback",
        "entity_action_added": {
            "type": "origins:area_of_effect",
            "radius": 8,
            "bientity_condition": {
                "type": "origins:target_condition",
                "condition": {
                    "type": "origins:nbt",
                    "nbt": "{Tags:['vscarecrow.effigy']}"
                },
                "inverted": true
            }
        },
        "bientity_action": {
            "type": "origins:and",
            "actions": [
                {
                    "type": "origins:target_action",
                    "action": {
                        "type": "origins:execute_command",
                        "command": "attribute @s generic.knockback_resistance base set 100"
                    }
                },
                {
                    "type": "origins:damage",
                    "amount": 0,
                    "damage_type": "magic"
                },
                {
                    "type": "origins:target_action",
                    "action": {
                        "type": "origins:execute_command",
                        "command": "attribute @s generic.knockback_resistance base set 0"
                    }
                }
            ]
        }
    },
    "invis": {
        "type": "origins:invisibility",
        "render_armor": true
    },
    "hit": {
        "type": "origins:action_when_hit",
        "bientity_action": {
            "type": "origins:and",
            "actions": [
                {
                    "type": "origins:actor_action",
                    "action": {
                        "type": "origins:and",
                        "actions": [
                            {
                                "type": "origins:grant_power",
                                "power": "*:feareffect",
                                "source": "vscarecrow:terrify"
                            },
                            {
                                "type": "origins:execute_command",
                                "command": "playsound minecraft:entity.elder_guardian.curse master @a[distance=..6] ~ ~ ~ 1 0"
                            }
                        ]
                    }
                },
                {
                    "type": "origins:target_action",
                    "action": {
                        "type": "origins:and",
                        "actions": [
                            {
                                "type": "origins:execute_command",
                                "command": "particle dust 0.85 0 0 1.5 ~ ~1 ~ 0.3 0.4 0.3 0 25"
                            },
                            {
                                "type": "origins:execute_command",
                                "command": "tp @s ~ -1000 ~"
                            }
                        ]
                    }
                }
            ]
        }
    }
}