{
    "name": "§c§nEffigy of Dread",
    "description": "You can vanish into thin air, summoning an effigy behind you after a moment. Damaging an effigy will §c§nterrify§r the attacker.",
    "type": "origins:multiple",
    "badges": [
        {
            "type": "origins:tooltip",
            "sprite": "origins:textures/gui/badge/active.png",
            "text": [
                {
                    "text": "§4⏯ §c§nActivation Key:§f "
                },
                {
                    "text": "[",
                    "color": "dark_gray"
                },
                {
                    "keybind": "key.origins.primary_active",
                    "color": "red"
                },
                {
                    "text": "]",
                    "color": "dark_gray"
                }
            ]
        },
        {
            "type": "origins:tooltip",
            "sprite": "origins:textures/gui/badge/info.png",
            "text": "§4⌛ §c§nCooldown§4: §c12 seconds"
        },
        {
            "type": "origins:tooltip",
            "sprite": "origins:textures/gui/badge/star.png",
            "text": "§4ℹ §r§c§nAggravating Dummy§4: §cMobs will turn on your effigy when it appears."
        }
    ],
    "timer1": {
        "type": "origins:cooldown",
        "cooldown": 90,
        "hud_render": {
            "should_render": false
        }
    },
    "invis": {
        "type": "origins:invisibility",
        "render_armor": false,
        "condition": {
            "type": "origins:and",
            "conditions": [
                {
                    "type": "origins:resource",
                    "resource": "*:*_timer1",
                    "compare_to": 0,
                    "comparison": ">"
                },
                {
                    "type": "origins:resource",
                    "resource": "*:*_timer1",
                    "compare_to": 45,
                    "comparison": ">"
                }
            ]
        }
    },
    "invis2": {
        "type": "origins:invisibility",
        "render_armor": true,
        "condition": {
            "type": "origins:and",
            "conditions": [
                {
                    "type": "origins:resource",
                    "resource": "*:*_timer1",
                    "compare_to": 45,
                    "comparison": "<"
                },
                {
                    "type": "origins:resource",
                    "resource": "*:*_timer1",
                    "compare_to": 0,
                    "comparison": ">"
                }
            ]
        }
    },
    "summon": {
        "type": "origins:active_self",
        "cooldown": 240,
        "hud_render": {
            "should_render": true,
            "bar_index": 17,
            "sprite_location": "origins:textures/gui/community/spiderkolo/resource_bar_02.png"
        },
        "entity_action": {
            "type": "origins:and",
            "actions": [
                {
                    "type": "origins:execute_command",
                    "command": "function vscarecrow:invis"
                },
                {
                    "type": "origins:execute_command",
                    "command": "playsound minecraft:block.fire.extinguish master @a[distance=..8] ~ ~ ~ 1 0"
                },
                {
                    "type": "origins:execute_command",
                    "command": "particle smoke ~ ~1 ~ 0.3 0.4 0.3 0.075 25"
                },
                {
                    "type": "origins:execute_command",
                    "command": "particle dust 0.75 0 0 1 ~ ~1 ~ 0.3 0.4 0.3 0 25"
                },
                {
                    "type": "origins:execute_command",
                    "command": "execute rotated ~ 0 positioned ^ ^ ^-2 run summon armor_stand ~ ~ ~ {Marker:1b,Invisible:1b,NoGravity:1b,Tags:['vscarecrow.effigy_spawner']}"
                },
                {
                    "type": "origins:trigger_cooldown",
                    "power": "*:*_timer1"
                },
                {
                    "type": "origins:delay",
                    "ticks": 45,
                    "action": {
                        "type": "origins:execute_command",
                        "command": "function vscarecrow:summon_effigy"
                    }
                },
                {
                    "type": "origins:delay",
                    "ticks": 45,
                    "action": {
                        "type": "origins:execute_command",
                        "command": "function vscarecrow:visible"
                    }
                }
            ]
        }
    }
}