{
    "type": "origins:multiple",
    "overlay": {
        "type": "origins:overlay",
        "texture": "minecraft:textures/misc/vignette.png",
        "draw_mode": "texture",
        "draw_phase": "above_hud",
        "green": 0.1,
        "red": 0.1,
        "blue": 0.1,
        "visible_in_third_person": true,
        "hide_with_hud": false,
        "strength": 0.55
    },
    "stun": {
        "type": "origins:modify_velocity",
        "axes": [
            "x","z"
        ],
        "modifier": {
            "value": 0,
            "operation": "set_total"
        }
    },
    "stun2": {
        "type": "origins:modify_jump",
        "modifier": {
            "value": 0,
            "operation": "set_total"
        }
    },
    "particles": {
        "type": "origins:particle",
        "particle": {
            "type": "sculk_soul"
        },
        "frequency": 1,
        "visible_in_first_person": true
    },
    "particles2": {
        "type": "origins:particle",
        "particle": {
            "type": "dust",
            "params": "0.65 0 0 1"
        },
        "frequency": 1,
        "visible_in_first_person": true
    },
    "remove": {
        "type": "origins:action_over_time",
        "interval": 40,
        "entity_action": {
            "type": "origins:and",
            "actions": [
                {
                    "type": "origins:revoke_power",
                    "power": "*:*",
                    "source": "vscarecrow:terrify"
                },
                {
                    "type": "origins:grant_power",
                    "power": "*:fearcooldown",
                    "source": "vscarecrow:feareffect"
                }
            ]
        }
    }
}