{
    "type": "origins:multiple",
    "particles": {
        "type": "origins:particle",
        "particle": {
            "type": "dust",
            "params": "1 0 0 1"
        },
        "frequency": 1,
        "visible_in_first_person": true
    },
    "remove": {
        "type": "origins:action_over_time",
        "interval": 140,
        "entity_action": {
            "type": "origins:revoke_power",
            "power": "*:*",
            "source": "vscarecrow:feareffect"
        }
    }
}