{
    "name": "§c§nParanoia",
    "description": "You can phase through blocks in the dark if there's a creature nearby.",
    "badges": [
        {
            "type": "origins:tooltip",
            "sprite": "origins:textures/gui/badge/info.png",
            "text": "§4ℹ §r§c§nDarkness§4: §cUnder the moonlight or in a dark place."
        }
    ],
    "type": "origins:multiple",
    "phasing": {
        "type": "origins:resource",
        "min": 0,
        "max": 1,
        "hud_render": {
            "should_render": true,
            "bar_index": 7,
            "sprite_location": "origins:textures/gui/community/spiderkolo/resource_bar_02.png"
        }
    },
    "phase": {
        "type": "origins:phasing",
        "condition": {
            "type": "origins:resource",
            "resource": "*:*_phasing",
            "compare_to": 0,
            "comparison": ">"
        },
        "phase_down_condition": {
            "type": "origins:sneaking"
        }
    },
    "markliving": {
        "type": "origins:action_over_time",
        "interval": 3,
        "entity_action": {
            "type": "origins:area_of_effect",
            "radius": 16,
            "bientity_action": {
                "type": "origins:target_action",
                "action": {
                    "type": "origins:execute_command",
                    "command": "tag @s add vscarecrow.living"
                }
            },
            "bientity_condition": {
                "type": "origins:target_condition",
                "condition": {
                    "type": "origins:living"
                }
            }
        }
    },
    "dark": {
        "type": "origins:action_over_time",
        "interval": 1,
        "falling_action": {
            "type": "origins:change_resource",
            "resource": "*:*_phasing",
            "change": -1
        },
        "rising_action": {
            "type": "origins:change_resource",
            "resource": "*:*_phasing",
            "change": 1
        },
        "condition": {
            "type": "origins:and",
            "conditions": [
                {
                    "type": "origins:or",
                    "conditions": [
                        {
                            "type": "origins:and",
                            "conditions": [
                                {
                                    "type": "origins:daytime",
                                    "inverted": true
                                },
                                {
                                    "type": "origins:in_block",
                                    "block_condition": {
                                        "type": "origins:light_level",
                                        "compare_to": 10,
                                        "comparison": ">=",
                                        "light_type": "sky"
                                    }
                                },
                                {
                                    "type": "origins:in_block",
                                    "block_condition": {
                                        "type": "origins:light_level",
                                        "compare_to": 6,
                                        "comparison": "<",
                                        "light_type": "block"
                                    }
                                }
                            ]
                        },
                        {
                            "type": "origins:and",
                            "conditions": [
                                {
                                    "type": "origins:in_block",
                                    "block_condition": {
                                        "type": "origins:light_level",
                                        "compare_to": 4,
                                        "comparison": "<=",
                                        "light_type": "sky"
                                    }
                                },
                                {
                                    "type": "origins:in_block",
                                    "block_condition": {
                                        "type": "origins:light_level",
                                        "compare_to": 6,
                                        "comparison": "<",
                                        "light_type": "block"
                                    }
                                }
                            ]
                        }
                    ]
                },
                {
                    "type": "origins:command",
                    "command": "execute if entity @e[distance=0.1..16,tag=vscarecrow.living]",
                    "compare_to": 0,
                    "comparison": ">"
                }
            ]
        }
    }
}