{
    "name": "§c§nTerrify",
    "description": "While §nunseen§r, attacks will terrify enemies, making them freeze up.",
    "badges": [
        {
            "type": "origins:tooltip",
            "sprite": "minecraft:textures/item/ender_eye.png",
            "text": "You are §n👁 unseen§r when invisible or behind a mob."
        },
        {
            "type": "origins:tooltip",
            "sprite": "origins:textures/gui/badge/info.png",
            "text": "§4⌛ §c§nCooldown§4: §c7 seconds per target"
        }
    ],
    "type": "origins:multiple",
    "unseen_invis": {
        "type": "origins:action_on_hit",
        "bientity_condition": {
            "type": "origins:target_condition",
            "condition": {
                "type": "origins:or",
                "conditions": [
                    {
                        "type": "origins:power",
                        "power": "*:fearcooldown"
                    },
                    {
                        "type": "origins:power",
                        "power": "*:feareffect"
                    }
                ]
            },
            "inverted": true
        },
        "condition": {
            "type": "origins:invisible"
        },
        "bientity_action": {
            "type": "origins:and",
            "actions": [
                {
                    "type": "origins:target_action",
                    "action": {
                        "type": "origins:grant_power",
                        "power": "*:feareffect",
                        "source": "vscarecrow:terrify"
                    }
                },
                {
                    "type": "origins:target_action",
                    "action": {
                        "type": "origins:execute_command",
                        "command": "playsound minecraft:entity.elder_guardian.curse master @s ~ ~ ~ 1 0"
                    }
                },
                {
                    "type": "origins:actor_action",
                    "action": {
                        "type": "origins:execute_command",
                        "command": "playsound minecraft:entity.elder_guardian.curse master @s ~ ~ ~ 1 0"
                    }
                }
            ]
        }
    },
    "unseen_behind": {
        "type": "origins:action_on_hit",
        "bientity_condition": {
            "type": "origins:and",
            "conditions": [
                {
                    "type": "origins:relative_rotation",
                    "axes": [
                        "x",
                        "z"
                    ],
                    "actor_rotation": "head",
                    "target_rotation": "body",
                    "comparison": ">=",
                    "compare_to": 0.4
                },
                {
                    "type": "origins:target_condition",
                    "condition": {
                        "type": "origins:or",
                        "conditions": [
                            {
                                "type": "origins:power",
                                "power": "*:fearcooldown"
                            },
                            {
                                "type": "origins:power",
                                "power": "*:feareffect"
                            }
                        ]
                    },
                    "inverted": true
                }
            ]
        },
        "bientity_action": {
            "type": "origins:and",
            "actions": [
                {
                    "type": "origins:target_action",
                    "action": {
                        "type": "origins:grant_power",
                        "power": "*:feareffect",
                        "source": "vscarecrow:terrify"
                    }
                },
                {
                    "type": "origins:target_action",
                    "action": {
                        "type": "origins:execute_command",
                        "command": "playsound minecraft:entity.elder_guardian.curse master @s ~ ~ ~ 1 0"
                    }
                },
                {
                    "type": "origins:actor_action",
                    "action": {
                        "type": "origins:execute_command",
                        "command": "playsound minecraft:entity.elder_guardian.curse master @s ~ ~ ~ 1 0"
                    }
                }
            ]
        }
    }
}