{
	"type": "origins:multiple",
	"callback":
	{
		"type": "origins:action_on_callback",
		"entity_action_added": {
			"type": "origins:and",
			"actions": [
				{
					"type": "origins:execute_command",
					"command": "execute at @s run particle minecraft:scrape ~ ~2 ~ 0 0.15 0 0 10 normal @a"
				},
				{
					"type": "origins:execute_command",
					"command": "execute at @s run particle minecraft:scrape ~ ~2 ~ 0.15 0 0 0 10 normal @a"
				},
				{
					"type": "origins:execute_command",
					"command": "execute at @s run particle minecraft:scrape ~ ~2 ~ 0 0 0.15 0 10 normal @a"
				}
			]
		}
	},
	"model":
	{
		"type": "origins:model_color",
		"red": 0.1,
		"green": 0.1,
		"blue": 0.1,
		"alpha": 0
	},
	"immunities": 
	{
		"type":"origins:modify_damage_taken",
		"modifier":{
			"value": -1,
			"operation":"multiply_total"
		},
		"damage_condition":	{
			"type": "origins:name",
			"name": "explosion"
		}
	},
	"no_collision": 
	{
		"type": "origins:prevent_entity_collision"
	},
	"antigrav":
	{
		"type": "origins:modify_falling",
		"velocity": 0.01,
		"take_fall_damage": false
	},
	"death": 
	{
		"type": "origins:resource",
		"min": 0,
		"max": 1,
		"start_value": 1,
		"hud_render": {
			"should_render": false
		}
	},
	"timer": 
	{
		"type": "origins:action_over_time",
		"interval": 9,
		"entity_action": {
			"type": "origins:if_else_list",
			"actions": [
				{
					"condition": {
						"type": "origins:and",
						"conditions": [
							{
								"type": "origins:resource",
								"comparison": ">",
								"resource": "*:*_death",
								"compare_to": 0
							}
						]
					},
					"action": {
						"type": "origins:and",
						"actions": [
							{
								"type": "origins:execute_command",
								"command": "resource change @s ordnance:weapons/marker_brief_death -1"
							}
						]
					}
				},
				{
					"condition": {
						"type": "origins:and",
						"conditions": [
							{
								"type": "origins:resource",
								"comparison": "==",
								"resource": "*:*_death",
								"compare_to": 0
							}
						]
					},
					"action": {
						"type": "origins:and",
						"actions": [
							{
								"type": "origins:execute_command",
								"command": "kill @s"
							},
							{
								"type": "origins:execute_command",
								"command": "tp @s ~ ~-300 ~"
							}
						]
					}
				}
			]
		}
	}
}