{
	"type": "origins:multiple",
	"callback":
	{
		"type": "origins:action_on_callback",
		"entity_action_added": {
			"type": "origins:and",
			"actions": [
				{
					"type": "origins:execute_command",
					"command": "scale delay set 0 @s"
				},
				{
					"type": "origins:execute_command",
					"command": "scale set pehkui:height 1.5 @s"
				},
				{
					"type": "origins:execute_command",
					"command": "scale set pehkui:width 1.5 @s"
				}
			]
		}
	},
	"model":
	{
		"type": "origins:model_color",
		"red": 0.1,
		"green": 0.1,
		"blue": 0.1
	},
	"basehealth": 
	{
		"type": "origins:attribute",
		"update_health": true,
		"modifiers": {
			"attribute": "minecraft:generic.max_health",
			"operation": "multiply_total",
			"value": 0.5
		}
	},
	"immunities": 
	{
		"type":"origins:modify_damage_taken",
		"modifier":{
			"value": -1,
			"operation":"multiply_total"
		},
		"damage_condition":	{
			"type": "origins:name",
			"name": "explosion"
		}
	},
	"no_collision": 
	{
		"type": "origins:prevent_entity_collision"
	},
	"speed":
	{
		"type": "origins:attribute",
		"modifier": {
			"attribute": "minecraft:generic.movement_speed",
			"operation": "multiply_total",
			"value": -1
		}
	},
	"glow":
	{
		"type": "origins:self_glow",
		"use_teams": false,
		"red": 1.0,
		"green": 0,
		"blue": 0,
		"bientity_condition": {
			"type": "origins:can_see"
		}
	},
	"touchdown":
	{
		"type": "origins:action_over_time",
		"interval": 20,
		"entity_action": {
			"type": "origins:if_else_list",
			"actions": [
				{
					"condition": {
						"type": "origins:and",
						"conditions": [
							{
								"type": "origins:resource",
								"comparison": ">",
								"resource": "*:*_death",
								"compare_to": 0
							},
							{
								"type": "origins:or",
								"inverted": true,
								"conditions": [
									{
										"type": "origins:on_block"
									},
									{
										"type": "origins:fluid_height",
										"fluid": "minecraft:lava",
										"comparison": ">",
										"compare_to": 0
									},
									{
										"type": "origins:fluid_height",
										"fluid": "minecraft:water",
										"comparison": ">",
										"compare_to": 0
									}
								]
							}
						]
					},
					"action": {
						"type": "origins:and",
						"actions": [
							{
								"type": "origins:add_velocity",
								"y": -2
							},
							{
								"type": "origins:execute_command",
								"command": "playsound minecraft:block.note_block.bit master @a ~ ~ ~ 0.25 0.2"
							},
							{
								"type": "origins:execute_command",
								"command": "execute at @s run particle minecraft:flash ^ ^ ^ 0 0 0 0 1 normal @a"
							}
						]
					}
				},
				{
					"condition": {
						"type": "origins:and",
						"conditions": [
							{
								"type": "origins:resource",
								"comparison": ">",
								"resource": "*:*_death",
								"compare_to": 0
							},
							{
								"type": "origins:or",
								"conditions": [
									{
										"type": "origins:on_block"
									},
									{
										"type": "origins:fluid_height",
										"fluid": "minecraft:lava",
										"comparison": ">",
										"compare_to": 0
									},
									{
										"type": "origins:fluid_height",
										"fluid": "minecraft:water",
										"comparison": ">",
										"compare_to": 0
									}
								]
							}
						]
					},
					"action": {
						"type": "origins:and",
						"actions": [
							{
								"type": "origins:execute_command",
								"command": "playsound minecraft:block.note_block.bit master @a ~ ~ ~ 0.25 0.2"
							},
							{
								"type": "origins:add_velocity",
								"y": -2
							},
							{
								"type": "origins:execute_command",
								"command": "resource change @s ordnance:weapons/weaponry_bomb_death -1"
							},
							{
								"type": "origins:execute_command",
								"command": "execute at @s run particle minecraft:flash ^ ^ ^ 0 0 0 0 1 normal @a"
							}
						]
					}
				},
				{
					"condition": {
						"type": "origins:and",
						"conditions": [
							{
								"type": "origins:resource",
								"comparison": "==",
								"resource": "*:*_death",
								"compare_to": 0
							},
							{
								"type": "origins:or",
								"conditions": [
									{
										"type": "origins:on_block"
									},
									{
										"type": "origins:fluid_height",
										"fluid": "minecraft:lava",
										"comparison": ">",
										"compare_to": 0
									},
									{
										"type": "origins:fluid_height",
										"fluid": "minecraft:water",
										"comparison": ">",
										"compare_to": 0
									}
								]
							}
						]
					},
					"action": {
						"type": "origins:and",
						"actions": [
							{
								"type": "origins:execute_command",
								"command": "playsound minecraft:entity.generic.explode master @a ~ ~ ~ 4 1"
							},
							{
								"type": "origins:execute_command",
								"command": "tell @a[distance=..10] \"Hello!\""
							},
							{
								"type": "origins:area_of_effect",
								"radius": 11,
								"bientity_action": {
									"type": "origins:target_action",
									"action": {
										"type": "origins:and",
										"actions": [
											{
												"type": "origins:add_velocity",
												"z": 0.25
											},
											{
												"type": "origins:add_velocity",
												"y": 2
											},
											{
												"type": "origins:if_else_list",
												"actions": [
													{
														"condition": {
															"type": "origins:enchantment",
															"enchantment": "minecraft:protection",
															"calculation": "sum",
															"comparison": "<",
															"compare_to": 8
														},
														"action": {
															"type": "origins:damage",
															"amount": 41,
															"source": {
																"name": "explosion",
																"bypasses_armor": false,
																"unblockable": false
															}
														}
													},
													{
														"condition": {
															"type": "origins:and",
															"conditions": [
																{
																	"type": "origins:enchantment",
																	"enchantment": "minecraft:protection",
																	"calculation": "sum",
																	"comparison": ">=",
																	"compare_to": 8
																},
																{
																	"type": "origins:enchantment",
																	"enchantment": "minecraft:protection",
																	"calculation": "sum",
																	"comparison": "<",
																	"compare_to": 12
																}
															]
														},
														"action": {
															"type": "origins:damage",
															"amount": 45,
															"source": {
																"name": "explosion",
																"bypasses_armor": false,
																"unblockable": false
															}
														}
													},
													{
														"condition": {
															"type": "origins:and",
															"conditions": [
																{
																	"type": "origins:enchantment",
																	"enchantment": "minecraft:protection",
																	"calculation": "sum",
																	"comparison": ">=",
																	"compare_to": 12
																},
																{
																	"type": "origins:enchantment",
																	"enchantment": "minecraft:protection",
																	"calculation": "sum",
																	"comparison": "<",
																	"compare_to": 16
																}
															]
														},
														"action": {
															"type": "origins:damage",
															"amount": 49,
															"source": {
																"name": "explosion",
																"bypasses_armor": false,
																"unblockable": false
															}
														}
													},
													{
														"condition": {
															"type": "origins:enchantment",
															"enchantment": "minecraft:protection",
															"calculation": "sum",
															"comparison": ">=",
															"compare_to": 16
														},
														"action": {
															"type": "origins:damage",
															"amount": 53,
															"source": {
																"name": "explosion",
																"bypasses_armor": false,
																"unblockable": false
															}
														}
													}
												]
											}
										]
									}
								},
								"bientity_condition": {
									"type": "origins:and",
									"conditions":
									[
										{
											"type": "origins:can_see"
										},
										{
											"type": "origins:target_condition",
											"condition": {
												"type": "origins:and",
												"conditions":
												[
													{
														"type": "origins:power",
														"power": "ordnance:weapons/weaponry_mine",
														"inverted": true
													},
													{
														"type": "origins:power",
														"power": "ordnance:weapons/weaponry_missile",
														"inverted": true
													},
													{
														"type": "origins:power",
														"power": "ordnance:weapons/weaponry_swarmissile",
														"inverted": true
													},
													{
														"type": "origins:power",
														"power": "ordnance:weapons/weaponry_transport",
														"inverted": true
													},
													{
														"type": "origins:power",
														"power": "ordnance:weapons/weaponry_bomb",
														"inverted": true
													}
												]
											}
										},
										{
											"type": "origins:or",
											"conditions":
											[
												{
													"type": "origins:target_condition",
													"condition": {
														"type": "origins:entity_type",
														"entity_type": "minecraft:item"
													}
												},
												{
													"type": "origins:both",
													"condition": {
														"type": "origins:or",
														"conditions":
														[
															{
																"type": "origins:and",
																"conditions":
																[
																	{
																		"type": "origins:living"
																	},
																	{
																		"type": "origins:resource",
																		"comparison": "==",
																		"resource": "othersider:invisible_otherside_otherside",
																		"compare_to": 1
																	},
																	{
																		"type": "origins:power",
																		"power": "othersider:invisible_otherside_otherside"
																	}
																]
															},
															{
																"type": "origins:and",
																"conditions":
																[
																	{
																		"type": "origins:living"
																	},
																	{
																		"type": "origins:or",
																		"conditions":
																		[
																			{
																				"type": "origins:resource",
																				"comparison": "==",
																				"resource": "othersider:invisible_otherside_otherside",
																				"compare_to": 0
																			},
																			{
																				"type": "origins:power",
																				"power": "othersider:invisible_otherside_otherside",
																				"inverted": true
																			}
																		]
																	}
																]
															}
														]
													}
												}
											]
										}
									]
								}
							},
							{
								"type": "origins:execute_command",
								"command": "execute at @s run particle minecraft:explosion ^ ^ ^ 4 0 4 0 50 normal @a"
							},
							{
								"type": "origins:execute_command",
								"command": "kill @s"
							},
							{
								"type": "origins:execute_command",
								"command": "tp @s ~ ~-300 ~"
							}
						]
					}
				}
			]
		}
	},
	"antigrav":
	{
		"type": "origins:modify_falling",
		"velocity": 0.9,
		"take_fall_damage": false
	},
	"death": 
	{
		"type": "origins:resource",
		"min": 0,
		"max": 2,
		"start_value": 2,
		"hud_render": {
			"should_render": false
		}
	}
}