{
    "hidden": true,
    "type": "origins:multiple",
    "enchg": {
        "type": "origins:modify_food",
        "item_condition": {
            "type": "origins:ingredient",
            "ingredient": {
                "item": "enchanted_golden_apple"
            }
        },
        "entity_action": {
            "type": "origins:execute_command",
            "command": "advancement grant @s only vheretic:enchgapple"
        }
    },
    "ga": {
        "type": "origins:modify_food",
        "item_condition": {
            "type": "origins:ingredient",
            "ingredient": {
                "item": "golden_apple"
            }
        },
        "entity_action": {
            "type": "origins:execute_command",
            "command": "advancement grant @s only vheretic:goldenapple"
        }
    }
}