{
    "name": "§d§nAkashic Archives",
    "description": "Your §dAkashic Tome§r details basic spells. It expands as you learn more about the world.",
    "badges": [
        {
            "type": "origins:tooltip",
            "sprite": "origins:textures/gui/badge/info.png",
            "text": "If you lose your book, you can write 'Knowledge Manifest' into a book, sign it and your book will return to you."
        },
        {
            "type": "origins:tooltip",
            "sprite": "origins:textures/gui/badge/star.png",
            "text": "You can hold your §dAkashic Tome§r to upgrade it with the advancements you've obtained."
        }
    ],
    "type": "origins:multiple",
    "callback": {
        "type": "origins:action_on_callback",
        "entity_action_added": {
            "type": "origins:execute_command",
            "command": "advancement grant @s only vheretic:root"
        }
    },
    "startcandles": {
        "type": "origins:action_on_callback",
        "entity_action_chosen": {
            "type": "origins:and",
            "actions": [
                {
                    "type": "origins:execute_command",
                    "command": "give @s[tag=!vheretic.got_items] red_candle 1"
                },
                {
                    "type": "origins:execute_command",
                    "command": "give @s[tag=!vheretic.got_items] green_candle 1"
                },
                {
                    "type": "origins:execute_command",
                    "command": "give @s[tag=!vheretic.got_items] black_candle 1"
                },
                {
                    "type": "origins:execute_command",
                    "command": "give @s[tag=!vheretic.got_items] white_candle 1"
                },
                {
                    "type": "origins:execute_command",
                    "command": "give @s[tag=!vheretic.got_items] lectern 1"
                },
                {
                    "type": "origins:execute_command",
                    "command": "give @s[tag=!vheretic.got_items] written_book{display:{Name:'{\"text\":\"Akashic Tome\",\"color\":\"#DD00FF\",\"bold\":false,\"italic\":false}',Lore:['{\"text\":\"Madness... the cost of knowledge.\",\"color\":\"#C32CD4\",\"bold\":false,\"italic\":true}']},title:\"Akashic Tome\",author:\"a crazed researcher\",resolved:1b,pages:['{\"text\":\"Knowledge Manifest\"}']}"
                },
                {
                    "type": "origins:execute_command",
                    "command": "tag @s add vheretic.got_items"
                }
            ]
        }
    },
    "recover": {
        "type": "origins:action_over_time",
        "interval": 1,
        "condition": {
            "type": "origins:equipped_item",
            "equipment_slot": "mainhand",
            "item_condition": {
                "type": "origins:and",
                "conditions": [
                    {
                        "type": "origins:nbt",
                        "nbt": "{pages:['{\"text\":\"Knowledge Manifest\"}']}"
                    },
                    {
                        "type": "origins:ingredient",
                        "ingredient": {
                            "item": "written_book"
                        }
                    }
                ]
            }
        },
        "rising_action": {
            "type": "origins:execute_command",
            "command": "function vheretic:books/book1"
        }
    },
    "upgrade_redstone": {
        "type": "origins:action_over_time",
        "interval": 1,
        "condition": {
            "type": "origins:and",
            "conditions": [
                {
                    "type": "origins:equipped_item",
                    "equipment_slot": "mainhand",
                    "item_condition": {
                        "type": "origins:and",
                        "conditions": [
                            {
                                "type": "origins:nbt",
                                "nbt": "{vheretic_upgrades:[1]}",
                                "inverted": true
                            },
                            {
                                "type": "origins:ingredient",
                                "ingredient": {
                                    "item": "written_book"
                                }
                            },
                            {
                                "type": "origins:nbt",
                                "nbt": "{vheretic_book:1}",
                                "inverted": false
                            }
                        ]
                    }
                },
                {
                    "type": "origins:advancement",
                    "advancement": "vheretic:redstone"
                }
            ]
        },
        "rising_action": {
            "type": "origins:execute_command",
            "command": "function vheretic:books/append_redstone"
        }
    },
    "upgrade_goldenapple": {
        "type": "origins:action_over_time",
        "interval": 1,
        "condition": {
            "type": "origins:and",
            "conditions": [
                {
                    "type": "origins:equipped_item",
                    "equipment_slot": "mainhand",
                    "item_condition": {
                        "type": "origins:and",
                        "conditions": [
                            {
                                "type": "origins:nbt",
                                "nbt": "{vheretic_upgrades:[2]}",
                                "inverted": true
                            },
                            {
                                "type": "origins:ingredient",
                                "ingredient": {
                                    "item": "written_book"
                                }
                            },
                            {
                                "type": "origins:nbt",
                                "nbt": "{vheretic_book:1}",
                                "inverted": false
                            }
                        ]
                    }
                },
                {
                    "type": "origins:advancement",
                    "advancement": "vheretic:goldenapple"
                }
            ]
        },
        "rising_action": {
            "type": "origins:execute_command",
            "command": "function vheretic:books/append_goldenapple"
        }
    },
    "upgrade_sculk1": {
        "type": "origins:action_over_time",
        "interval": 1,
        "condition": {
            "type": "origins:and",
            "conditions": [
                {
                    "type": "origins:equipped_item",
                    "equipment_slot": "mainhand",
                    "item_condition": {
                        "type": "origins:and",
                        "conditions": [
                            {
                                "type": "origins:nbt",
                                "nbt": "{vheretic_upgrades:[3]}",
                                "inverted": true
                            },
                            {
                                "type": "origins:ingredient",
                                "ingredient": {
                                    "item": "written_book"
                                }
                            },
                            {
                                "type": "origins:nbt",
                                "nbt": "{vheretic_book:1}",
                                "inverted": false
                            }
                        ]
                    }
                },
                {
                    "type": "origins:advancement",
                    "advancement": "vheretic:sculk1"
                }
            ]
        },
        "rising_action": {
            "type": "origins:execute_command",
            "command": "function vheretic:books/append_sculk1"
        }
    },
    "upgrade_sculk2": {
        "type": "origins:action_over_time",
        "interval": 1,
        "condition": {
            "type": "origins:and",
            "conditions": [
                {
                    "type": "origins:equipped_item",
                    "equipment_slot": "mainhand",
                    "item_condition": {
                        "type": "origins:and",
                        "conditions": [
                            {
                                "type": "origins:nbt",
                                "nbt": "{vheretic_upgrades:[4]}",
                                "inverted": true
                            },
                            {
                                "type": "origins:ingredient",
                                "ingredient": {
                                    "item": "written_book"
                                }
                            },
                            {
                                "type": "origins:nbt",
                                "nbt": "{vheretic_book:1}",
                                "inverted": false
                            }
                        ]
                    }
                },
                {
                    "type": "origins:advancement",
                    "advancement": "vheretic:sculk2"
                }
            ]
        },
        "rising_action": {
            "type": "origins:execute_command",
            "command": "function vheretic:books/append_sculk2"
        }
    },
    "upgrade_sculk3": {
        "type": "origins:action_over_time",
        "interval": 1,
        "condition": {
            "type": "origins:and",
            "conditions": [
                {
                    "type": "origins:equipped_item",
                    "equipment_slot": "mainhand",
                    "item_condition": {
                        "type": "origins:and",
                        "conditions": [
                            {
                                "type": "origins:nbt",
                                "nbt": "{vheretic_upgrades:[5]}",
                                "inverted": true
                            },
                            {
                                "type": "origins:ingredient",
                                "ingredient": {
                                    "item": "written_book"
                                }
                            },
                            {
                                "type": "origins:nbt",
                                "nbt": "{vheretic_book:1}",
                                "inverted": false
                            }
                        ]
                    }
                },
                {
                    "type": "origins:advancement",
                    "advancement": "vheretic:sculk3"
                }
            ]
        },
        "rising_action": {
            "type": "origins:execute_command",
            "command": "function vheretic:books/append_sculk3"
        }
    },
    "upgrade_enchga": {
        "type": "origins:action_over_time",
        "interval": 1,
        "condition": {
            "type": "origins:and",
            "conditions": [
                {
                    "type": "origins:equipped_item",
                    "equipment_slot": "mainhand",
                    "item_condition": {
                        "type": "origins:and",
                        "conditions": [
                            {
                                "type": "origins:nbt",
                                "nbt": "{vheretic_upgrades:[6]}",
                                "inverted": true
                            },
                            {
                                "type": "origins:ingredient",
                                "ingredient": {
                                    "item": "written_book"
                                }
                            },
                            {
                                "type": "origins:nbt",
                                "nbt": "{vheretic_book:1}",
                                "inverted": false
                            }
                        ]
                    }
                },
                {
                    "type": "origins:advancement",
                    "advancement": "vheretic:enchgapple"
                }
            ]
        },
        "rising_action": {
            "type": "origins:execute_command",
            "command": "function vheretic:books/append_enchgapple"
        }
    },
    "upgrade_sub": {
        "type": "origins:action_over_time",
        "interval": 1,
        "condition": {
            "type": "origins:and",
            "conditions": [
                {
                    "type": "origins:equipped_item",
                    "equipment_slot": "mainhand",
                    "item_condition": {
                        "type": "origins:and",
                        "conditions": [
                            {
                                "type": "origins:nbt",
                                "nbt": "{vheretic_upgrades:[7]}",
                                "inverted": true
                            },
                            {
                                "type": "origins:ingredient",
                                "ingredient": {
                                    "item": "written_book"
                                }
                            },
                            {
                                "type": "origins:nbt",
                                "nbt": "{vheretic_book:1}",
                                "inverted": false
                            }
                        ]
                    }
                },
                {
                    "type": "origins:advancement",
                    "advancement": "vheretic:subspace"
                }
            ]
        },
        "rising_action": {
            "type": "origins:execute_command",
            "command": "function vheretic:books/append_subspace"
        }
    }
}