{
    "type": "origins:multiple",
    "name": "§d§nArcane Augury",
    "description": "You can use some candles to write runes on empty lecterns. Once you write 5 runes, you can use a catalyst to transform the writing into a §dSpell Tome§r.",
    "badges": [
        {
            "type": "origins:tooltip",
            "sprite": "origins:textures/gui/badge/info.png",
            "text": [
                "  §aGreen§f - §aᛃ §3(Vis Rune)  ",
                "\n",
                "  §cRed§f - §cᚰ §4(Irae Rune)  ",
                "\n",
                "  §7White§f - §7ᛄ §8(Ordo Rune)  ",
                "\n",
                "  §8Black§f - §8ᛝ §7(Nihil Rune)  "
            ]
        },
        {
            "type": "origins:tooltip",
            "sprite": "minecraft:textures/item/bundle.png",
            "text": [
                "You start with a lectern and set of candles necessary for writing every rune."
            ]
        }
    ],
    "nocandleplace": {
        "type": "origins:prevent_block_use",
        "block_condition": {
            "type": "origins:block",
            "block": "lectern"
        },
        "condition": {
            "type": "origins:equipped_item",
            "equipment_slot": "mainhand",
            "item_condition": {
                "type": "origins:or",
                "conditions": [
                    {
                        "type": "origins:ingredient",
                        "ingredient": {
                            "item": "black_candle"
                        }
                    },
                    {
                        "type": "origins:ingredient",
                        "ingredient": {
                            "item": "white_candle"
                        }
                    },
                    {
                        "type": "origins:ingredient",
                        "ingredient": {
                            "item": "red_candle"
                        }
                    },
                    {
                        "type": "origins:ingredient",
                        "ingredient": {
                            "item": "green_candle"
                        }
                    }
                ]
            }
        }
    },
    "writerune": {
        "type": "origins:active_self",
        "key": {
            "key": "key.use"
        },
        "condition": {
            "type": "origins:raycast",
            "distance": 6,
            "block_condition": {
                "type": "origins:block",
                "block": "lectern"
            }
        },
        "entity_action": {
            "type": "origins:and",
            "actions": [
                {
                    "type": "origins:if_else_list",
                    "actions": [
                        {
                            "condition": {
                                "type": "origins:equipped_item",
                                "equipment_slot": "mainhand",
                                "item_condition": {
                                    "type": "origins:ingredient",
                                    "ingredient": {
                                        "item": "black_candle"
                                    }
                                }
                            },
                            "action": {
                                "type": "origins:raycast",
                                "distance": 6,
                                "block_action": {
                                    "type": "origins:if_else",
                                    "condition": {
                                        "type": "origins:block",
                                        "block": "lectern"
                                    },
                                    "if_action": {
                                        "type": "origins:execute_command",
                                        "command": "execute positioned ~-0.5 ~0.8 ~ unless entity @e[tag=vheretic.rune,distance=..0.2] positioned ~0.5 ~-0.8 ~ run function vheretic:runes/write_black_rune"
                                    }
                                }
                            }
                        },
                        {
                            "condition": {
                                "type": "origins:equipped_item",
                                "equipment_slot": "mainhand",
                                "item_condition": {
                                    "type": "origins:ingredient",
                                    "ingredient": {
                                        "item": "white_candle"
                                    }
                                }
                            },
                            "action": {
                                "type": "origins:raycast",
                                "distance": 6,
                                "block_action": {
                                    "type": "origins:if_else",
                                    "condition": {
                                        "type": "origins:block",
                                        "block": "lectern"
                                    },
                                    "if_action": {
                                        "type": "origins:execute_command",
                                        "command": "execute positioned ~-0.5 ~0.8 ~ unless entity @e[tag=vheretic.rune,distance=..0.2] positioned ~0.5 ~-0.8 ~ run function vheretic:runes/write_white_rune"
                                    }
                                }
                            }
                        },
                        {
                            "condition": {
                                "type": "origins:equipped_item",
                                "equipment_slot": "mainhand",
                                "item_condition": {
                                    "type": "origins:ingredient",
                                    "ingredient": {
                                        "item": "red_candle"
                                    }
                                }
                            },
                            "action": {
                                "type": "origins:raycast",
                                "distance": 6,
                                "block_action": {
                                    "type": "origins:if_else",
                                    "condition": {
                                        "type": "origins:block",
                                        "block": "lectern"
                                    },
                                    "if_action": {
                                        "type": "origins:execute_command",
                                        "command": "execute positioned ~-0.5 ~0.8 ~ unless entity @e[tag=vheretic.rune,distance=..0.2] positioned ~0.5 ~-0.8 ~ run function vheretic:runes/write_red_rune"
                                    }
                                }
                            }
                        },
                        {
                            "condition": {
                                "type": "origins:equipped_item",
                                "equipment_slot": "mainhand",
                                "item_condition": {
                                    "type": "origins:ingredient",
                                    "ingredient": {
                                        "item": "green_candle"
                                    }
                                }
                            },
                            "action": {
                                "type": "origins:raycast",
                                "distance": 6,
                                "block_action": {
                                    "type": "origins:if_else",
                                    "condition": {
                                        "type": "origins:block",
                                        "block": "lectern"
                                    },
                                    "if_action": {
                                        "type": "origins:execute_command",
                                        "command": "execute positioned ~-0.5 ~0.8 ~ unless entity @e[tag=vheretic.rune,distance=..0.2] positioned ~0.5 ~-0.8 ~ run function vheretic:runes/write_green_rune"
                                    }
                                }
                            }
                        }
                    ]
                },
                {
                    "type": "origins:execute_command",
                    "command": "playsound minecraft:item.brush.brushing.generic master @s ~ ~ ~ 0.7 1.5"
                }
            ]
        }
    },
    "spell": {
        "type": "origins:active_self",
        "key": {
            "key": "key.use"
        },
        "condition": {
            "type": "origins:equipped_item",
            "equipment_slot": "mainhand",
            "item_condition": {
                "type": "origins:and",
                "conditions": [
                    {
                        "type": "origins:ingredient",
                        "ingredient": {
                            "item": "black_candle"
                        },
                        "inverted": true
                    },
                    {
                        "type": "origins:ingredient",
                        "ingredient": {
                            "item": "white_candle"
                        },
                        "inverted": true
                    },
                    {
                        "type": "origins:ingredient",
                        "ingredient": {
                            "item": "red_candle"
                        },
                        "inverted": true
                    },
                    {
                        "type": "origins:ingredient",
                        "ingredient": {
                            "item": "green_candle"
                        },
                        "inverted": true
                    }
                ]
            }
        },
        "entity_action": {
            "type": "origins:and",
            "actions": [
                {
                    "type": "origins:if_else",
                    "condition": {
                        "type": "origins:raycast",
                        "distance": 6,
                        "block_condition": {
                            "type": "origins:block",
                            "block": "lectern"
                        }
                    },
                    "if_action": {
                        "type": "origins:execute_command",
                        "command": "tag @s add vheretic.crafting"
                    }
                },
                {
                    "type": "origins:raycast",
                    "distance": 6,
                    "block_action": {
                        "type": "origins:if_else",
                        "condition": {
                            "type": "origins:block",
                            "block": "lectern"
                        },
                        "if_action": {
                            "type": "origins:and",
                            "actions": [
                                {
                                    "type": "origins:execute_command",
                                    "command": "function vheretic:runes/write_rune_to_storage"
                                },
                                {
                                    "type": "origins:execute_command",
                                    "command": "execute positioned ~ ~0.8 ~ run kill @e[type=text_display,tag=vheretic.rune,distance=..0.6]"
                                }
                            ]
                        }
                    }
                },
                {
                    "type": "origins:if_else",
                    "condition": {
                        "type": "origins:raycast",
                        "distance": 6,
                        "block_condition": {
                            "type": "origins:block",
                            "block": "lectern"
                        }
                    },
                    "if_action": {
                        "type": "origins:if_else",
                        "condition": {
                            "type": "origins:nbt",
                            "nbt": "{Tags:['vheretic.craft_success']}"
                        },
                        "if_action": {
                            "type": "origins:and",
                            "actions": [
                                {
                                    "type": "origins:equipped_item_action",
                                    "equipment_slot": "mainhand",
                                    "action": {
                                        "type": "origins:consume",
                                        "amount": 1
                                    }
                                },
                                {
                                    "type": "origins:execute_command",
                                    "command": "tag @s remove vheretic.craft_success"
                                }
                            ]
                        }
                    }
                }
            ]
        }
    }
}