{
    "hidden": true,
    "type": "origins:multiple",
    "greentip": {
        "type": "origins:tooltip",
        "text": "§aVis Rune §7(§aᛃ§7)§r",
        "item_condition": {
            "type": "origins:ingredient",
            "ingredient": {
                "item": "green_candle"
            }
        }
    },
    "redtip": {
        "type": "origins:tooltip",
        "text": "§cIrae Rune §7(§cᚰ§7)§r",
        "item_condition": {
            "type": "origins:ingredient",
            "ingredient": {
                "item": "red_candle"
            }
        }
    },
    "whitetip": {
        "type": "origins:tooltip",
        "text": "§fOrdo Rune §7(§fᛄ§7)§r",
        "item_condition": {
            "type": "origins:ingredient",
            "ingredient": {
                "item": "white_candle"
            }
        }
    },
    "blackcandle": {
        "type": "origins:tooltip",
        "text": "§8Nihil Rune §7(§8ᛝ§7)§r",
        "item_condition": {
            "type": "origins:ingredient",
            "ingredient": {
                "item": "black_candle"
            }
        }
    }
}