{
    "name": "§d§nEmergency Medicine",
    "description": "You can use a red mushroom on a water bottle to brew a primitive medicine that heals you. You can only drink it once every minute.",
    "badges": [
        {
            "type": "origins:tooltip",
            "sprite": "origins:textures/gui/badge/info.png",
            "text": "Only a Heretic can bring themselves to drink this revolting mixture. Other players will not be able to drink it."
        }
    ],
    "type": "origins:multiple",
    "make": {
        "type": "origins:item_on_item",
        "on_item_condition": {
            "type": "origins:ingredient",
            "ingredient": {
                "item": "potion"
            }
        },
        "using_item_condition": {
            "type": "origins:ingredient",
            "ingredient": {
                "item": "red_mushroom"
            }
        },
        "on_item_action": {
            "type": "origins:merge_nbt",
            "nbt": "{display:{Name:'{\"text\":\"Primitive Brew\",\"color\":\"#AD00D9\",\"bold\":false,\"italic\":false}',Lore:['{\"text\":\"Injury Mend I\",\"color\":\"blue\",\"bold\":false,\"italic\":false}','{\"text\":\" \"}','{\"text\":\"When Applied:\",\"color\":\"blue\",\"bold\":false,\"italic\":false}','{\"text\":\"+2 ❤ (Instant)\",\"color\":\"green\",\"bold\":false,\"italic\":false}','{\"text\":\"Potion Sickness (01:00)\",\"color\":\"#FF0000\",\"bold\":false,\"italic\":false}','{\"text\":\"Weakness (00:10)\",\"color\":\"#FF0000\",\"bold\":false,\"italic\":false}']},HideFlags:35,vheretic_brew:1,CustomPotionColor:14898482}"
        },
        "using_item_action": {
            "type": "origins:consume",
            "amount": 1
        }
    },
    "sickness": {
        "type": "origins:cooldown",
        "cooldown": 1200,
        "hud_render": {
            "should_render": true,
            "bar_index": 9,
            "sprite_location": "origins:textures/gui/community/spiderkolo/resource_bar_02.png"
        }
    },
    "nouse": {
        "type": "origins:prevent_item_use",
        "item_condition": {
            "type": "origins:and",
            "conditions": [
                {
                    "type": "origins:empty",
                    "inverted": true
                },
                {
                    "type": "origins:nbt",
                    "nbt": "{vheretic_brew:1}"
                }
            ]
        },
        "condition": {
            "type": "origins:resource",
            "resource": "*:*_sickness",
            "compare_to": 0,
            "comparison": ">"
        }
    },
    "drink": {
        "type": "origins:action_on_item_use",
        "entity_action": {
            "type": "origins:and",
            "actions": [
                {
                    "type": "origins:heal",
                    "amount": 4
                },
                {
                    "type": "origins:apply_effect",
                    "effect": {
                        "effect": "weakness",
                        "amplifier": 0,
                        "duration": 200
                    }
                },
                {
                    "type": "origins:trigger_cooldown",
                    "power": "*:*_sickness"
                }
            ]
        },
        "item_condition": {
            "type": "origins:and",
            "conditions": [
                {
                    "type": "origins:empty",
                    "inverted": true
                },
                {
                    "type": "origins:nbt",
                    "nbt": "{vheretic_brew:1}"
                }
            ]
        }
    }
}