{
    "hidden": true,
    "type": "origins:action_over_time",
    "interval": 1,
    "entity_action": {
        "type": "origins:drop_inventory",
        "inventory_type": "power",
        "entity_action": {
            "type": "origins:execute_command",
            "command": "playsound item.bundle.drop_contents master @s"
        },
        "item_condition": {
            "inverted": true,
            "type": "origins:ingredient",
            "ingredient": {
                "item": "minecraft:enchanted_book"
            }
        },
        "slots": [],
        "power": "vheretic:pouch"
    }
}