{
    "name": "§5§nShattered Mind",
    "description": "Dealing with forbidden research takes a toll on your §dSanity§r. Effects of faltering sanity include hallucinations and unnatural illnesses.",
    "type": "origins:multiple",
    "event1d": {
        "type": "origins:cooldown",
        "cooldown": 300,
        "hud_render": {
            "should_render": false
        }
    },
    "event1eff": {
        "type": "origins:prevent_entity_render",
        "condition": {
            "type": "origins:resource",
            "resource": "*:*_event1d",
            "compare_to": 0,
            "comparison": ">"
        }
    },
    "event1eff2": {
        "type": "origins:action_over_time",
        "interval": 1,
        "entity_action": {
            "type": "origins:execute_command",
            "command": "execute at @e[distance=0.01..32] run particle dust 0 0 0 2 ~ ~1 ~ 0.2 0.4 0.2 0.025 7"
        },
        "condition": {
            "type": "origins:resource",
            "resource": "*:*_event1d",
            "compare_to": 0,
            "comparison": ">"
        }
    },
    "warp1": {
        "condition": {
            "type": "origins:and",
            "conditions": [
                {
                    "type": "origins:advancement",
                    "advancement": "vheretic:sculk1"
                },
                {
                    "type": "origins:advancement",
                    "advancement": "vheretic:sculk2",
                    "inverted": true
                },
                {
                    "type": "origins:advancement",
                    "advancement": "vheretic:sculk3",
                    "inverted": true
                }
            ]
        },
        "type": "origins:action_over_time",
        "interval": 2000,
        "entity_action": {
            "type": "origins:chance",
            "chance": 0.33,
            "action": {
                "type": "origins:choice",
                "actions": [
                    {
                        "weight": 1,
                        "element": {
                            "type": "origins:and",
                            "actions": [
                                {
                                    "type": "origins:execute_command",
                                    "command": "title @s actionbar {\"text\":\"It's as if your skin is rotting...\",\"color\":\"dark_purple\",\"italic\":true}"
                                },
                                {
                                    "type": "origins:apply_effect",
                                    "effect": {
                                        "effect": "poison",
                                        "amplifier": 2,
                                        "duration": 100
                                    }
                                },
                                {
                                    "type": "origins:delay",
                                    "ticks": 101,
                                    "action": {
                                        "type": "origins:heal",
                                        "amount": 8
                                    }
                                },
                                {
                                    "type": "origins:execute_command",
                                    "command": "playsound minecraft:entity.enderman.stare master @s ~ ~ ~ 1 0"
                                }
                            ]
                        }
                    },
                    {
                        "weight": 1,
                        "element": {
                            "type": "origins:and",
                            "actions": [
                                {
                                    "type": "origins:execute_command",
                                    "command": "title @s actionbar {\"text\":\"The fog is setting in...\",\"color\":\"dark_purple\",\"italic\":true}"
                                },
                                {
                                    "type": "origins:apply_effect",
                                    "effect": {
                                        "effect": "blindness",
                                        "amplifier": 0,
                                        "duration": 100
                                    }
                                },
                                {
                                    "type": "origins:execute_command",
                                    "command": "playsound minecraft:entity.enderman.stare master @s ~ ~ ~ 1 0"
                                }
                            ]
                        }
                    },
                    {
                        "weight": 1,
                        "element": {
                            "type": "origins:and",
                            "actions": [
                                {
                                    "type": "origins:execute_command",
                                    "command": "title @s actionbar {\"text\":\"I don't know what is real anymore...\",\"color\":\"dark_purple\",\"italic\":true}"
                                },
                                {
                                    "type": "origins:trigger_cooldown",
                                    "power": "*:*_event1d"
                                },
                                {
                                    "type": "origins:execute_command",
                                    "command": "playsound minecraft:entity.enderman.stare master @s ~ ~ ~ 1 0"
                                }
                            ]
                        }
                    }
                ]
            }
        }
    },
    "warp2": {
        "condition": {
            "type": "origins:and",
            "conditions": [
                {
                    "type": "origins:advancement",
                    "advancement": "vheretic:sculk1"
                },
                {
                    "type": "origins:advancement",
                    "advancement": "vheretic:sculk2"
                },
                {
                    "type": "origins:advancement",
                    "advancement": "vheretic:sculk3",
                    "inverted": true
                }
            ]
        },
        "type": "origins:action_over_time",
        "interval": 2000,
        "entity_action": {
            "type": "origins:chance",
            "chance": 0.45,
            "action": {
                "type": "origins:choice",
                "actions": [
                    {
                        "weight": 1,
                        "element": {
                            "type": "origins:and",
                            "actions": [
                                {
                                    "type": "origins:execute_command",
                                    "command": "title @s actionbar {\"text\":\"Something is behind you.\",\"color\":\"dark_purple\",\"italic\":true}"
                                },
                                {
                                    "type": "origins:execute_command",
                                    "command": "function vheretic:warp/spawn_spider"
                                },
                                {
                                    "type": "origins:execute_command",
                                    "command": "playsound minecraft:entity.enderman.stare master @s ~ ~ ~ 1 0"
                                }
                            ]
                        }
                    },
                    {
                        "weight": 1,
                        "element": {
                            "type": "origins:and",
                            "actions": [
                                {
                                    "type": "origins:execute_command",
                                    "command": "title @s actionbar {\"text\":\"What was that noise?\",\"color\":\"dark_purple\",\"italic\":true}"
                                },
                                {
                                    "type": "origins:execute_command",
                                    "command": "function vheretic:warp/spawn_husk"
                                },
                                {
                                    "type": "origins:execute_command",
                                    "command": "playsound minecraft:entity.enderman.stare master @s ~ ~ ~ 1 0"
                                }
                            ]
                        }
                    },
                    {
                        "weight": 1,
                        "element": {
                            "type": "origins:and",
                            "actions": [
                                {
                                    "type": "origins:execute_command",
                                    "command": "title @s actionbar {\"text\":\"I don't know what is real anymore...\",\"color\":\"dark_purple\",\"italic\":true}"
                                },
                                {
                                    "type": "origins:trigger_cooldown",
                                    "power": "*:*_event1d"
                                },
                                {
                                    "type": "origins:execute_command",
                                    "command": "playsound minecraft:entity.enderman.stare master @s ~ ~ ~ 1 0"
                                }
                            ]
                        }
                    }
                ]
            }
        }
    },
    "warp3": {
        "condition": {
            "type": "origins:and",
            "conditions": [
                {
                    "type": "origins:advancement",
                    "advancement": "vheretic:sculk1"
                },
                {
                    "type": "origins:advancement",
                    "advancement": "vheretic:sculk2"
                },
                {
                    "type": "origins:advancement",
                    "advancement": "vheretic:sculk3"
                }
            ]
        },
        "type": "origins:action_over_time",
        "interval": 2000,
        "entity_action": {
            "type": "origins:chance",
            "chance": 0.65,
            "action": {
                "type": "origins:choice",
                "actions": [
                    {
                        "weight": 1,
                        "element": {
                            "type": "origins:and",
                            "actions": [
                                {
                                    "type": "origins:execute_command",
                                    "command": "title @s actionbar {\"text\":\"Your skin is rotting...\",\"color\":\"dark_purple\",\"italic\":true}"
                                },
                                {
                                    "type": "origins:apply_effect",
                                    "effect": {
                                        "effect": "poison",
                                        "amplifier": 2,
                                        "duration": 100
                                    }
                                },
                                {
                                    "type": "origins:execute_command",
                                    "command": "playsound minecraft:entity.enderman.stare master @s ~ ~ ~ 1 0"
                                }
                            ]
                        }
                    },
                    {
                        "weight": 1,
                        "element": {
                            "type": "origins:and",
                            "actions": [
                                {
                                    "type": "origins:execute_command",
                                    "command": "title @s actionbar {\"text\":\"They are coming...\",\"color\":\"dark_purple\",\"italic\":true}"
                                },
                                {
                                    "type": "origins:execute_command",
                                    "command": "function vheretic:warp/spawn_spider"
                                },
                                {
                                    "type": "origins:trigger_cooldown",
                                    "power": "*:*_event1d"
                                },
                                {
                                    "type": "origins:execute_command",
                                    "command": "playsound minecraft:entity.enderman.stare master @s ~ ~ ~ 1 0"
                                }
                            ]
                        }
                    },
                    {
                        "weight": 1,
                        "element": {
                            "type": "origins:and",
                            "actions": [
                                {
                                    "type": "origins:execute_command",
                                    "command": "title @s actionbar {\"text\":\"There's something behind you...\",\"color\":\"dark_purple\",\"italic\":true}"
                                },
                                {
                                    "type": "origins:execute_command",
                                    "command": "function vheretic:warp/spawn_husk"
                                },
                                {
                                    "type": "origins:trigger_cooldown",
                                    "power": "*:*_event1d"
                                },
                                {
                                    "type": "origins:execute_command",
                                    "command": "playsound minecraft:entity.enderman.stare master @s ~ ~ ~ 1 0"
                                }
                            ]
                        }
                    },
                    {
                        "weight": 1,
                        "element": {
                            "type": "origins:and",
                            "actions": [
                                {
                                    "type": "origins:execute_command",
                                    "command": "title @s actionbar {\"text\":\"I don't know what is real anymore...\",\"color\":\"dark_purple\",\"italic\":true}"
                                },
                                {
                                    "type": "origins:trigger_cooldown",
                                    "power": "*:*_event1d"
                                },
                                {
                                    "type": "origins:execute_command",
                                    "command": "playsound minecraft:entity.enderman.stare master @s ~ ~ ~ 1 0"
                                }
                            ]
                        }
                    }
                ]
            }
        }
    }
}