{
    "type": "origins:multiple",
    "name": "Heavy Acrobatics",
    "description": "With your special physique you're immune to fall damage, and falling from high distances unleashes an AoE attack.",
    "badges": [
        {
            "type": "origins:tooltip",
            "sprite": "minecraft:textures/mob_effect/slowness.png",
            "text": "Exclusive to Bound Form"
        }
    ],
    "fall_damage_immunity": {
        "type": "origins:invulnerability",
        "damage_condition": {
            "type": "origins:name",
            "name": "fall"
        }
    },
    "pound": {
        "type": "origins:action_on_land",
        "entity_action": {
            "type": "origins:and",
            "actions": [
                {
                    "type": "origins:area_of_effect",
                    "radius": 15,
                    "bientity_action": {
                        "type": "origins:and",
                        "actions": [
                            {
                                "type": "origins:target_action",
                                "action": {
                                    "type": "origins:add_velocity",
                                    "y": 1
                                }
                            },
                            {
                                "type": "origins:delay",
                                "ticks": 1,
                                "action": {
                                    "type": "origins:add_velocity",
                                    "z": 1
                                }
                            },
                            {
                                "type": "origins:damage",
                                "amount": 6,
                                "source": {
                                    "name": "fall.player",
                                    "bypasses_armor": true
                                }
                            }
                        ]
                    },
                    "bientity_condition": {
                        "type": "origins:and",
                        "conditions": [
                            {
                                "type": "origins:can_see"
                            },
                            {
                                "type": "origins:target_condition",
                                "condition": {
                                    "type": "origins:nbt",
                                    "nbt": "{OnGround:1b}"
                                }
                            }
                        ]
                    }
                },
                {
                    "type": "origins:play_sound",
                    "sound": "minecraft:entity.wither.break_block",
                    "pitch": 0.60,
                    "volume": 0.6
                }
            ]
        },
        "condition": {
            "type": "origins:and",
            "conditions": [
                {
                    "type": "origins:fall_distance",
                    "comparison": ">=",
                    "compare_to": 6
                },
                {
                    "type": "origins:resource",
                    "resource": "*:manifestation_current_form",
                    "comparison": "==",
                    "compare_to": 1
                }
            ]
        }
    }
}