{
    "type": "origins:modify_damage_taken",
    "name": "Fire Tolerant",
    "description": "You take 50% less fire-related damage.",
    "badges": [
        {
            "type": "origins:tooltip",
            "sprite": "minecraft:textures/mob_effect/slowness.png",
            "text": "Exclusive to Bound Form"
        }
    ],
    "damage_condition": {
        "type": "origins:fire"
    },
    "modifier": {
        "operation": "multiply_base",
        "value": -0.5
    },
    "condition": {
        "type": "origins:resource",
        "resource": "*:manifestation_current_form",
        "comparison": "==",
        "compare_to": 1
    }
}