{
    "type": "origins:action_on_block_use",
    "name": "Dark-Green Thumb",
    "description": "You can §nSneak+Right-Click§r a mushroom in its optimal habitat to bonemeal it at the cost of some exhaustion.",
    "badges": [
        {
            "type": "origins:tooltip",
            "sprite": "minecraft:textures/mob_effect/slowness.png",
            "text": "Exclusive to Bound Form"
        }
    ],
    "block_action": {
        "type": "origins:bonemeal",
        "effects": true
    },
    "block_condition": {
        "type": "origins:and",
        "conditions": [
            {
                "type": "origins:or",
                "conditions": [
                    {
                        "type": "origins:block",
                        "block": "minecraft:red_mushroom"
                    },
                    {
                        "type": "origins:block",
                        "block": "minecraft:brown_mushroom"
                    }
                ]
            },
            {
                "type": "origins:or",
                "conditions": [
                    {
                        "type": "origins:and",
                        "conditions": [
                            {
                                "type": "origins:offset",
                                "condition": {
                                    "type": "origins:in_tag",
                                    "tag": "hellchained:conditional_mushroom_grow_block"
                                },
                                "y": -1
                            },
                            {
                                "type": "origins:light_level",
                                "comparison": "<",
                                "compare_to": 13
                            }
                        ]
                    },
                    {
                        "type": "origins:offset",
                        "condition": {
                            "type": "origins:in_tag",
                            "tag": "minecraft:mushroom_grow_block"
                        },
                        "y": -1
                    }
                ]
            }
        ]
    },
    "condition": {
        "type": "origins:and",
        "conditions": [
            {
                "type": "origins:sneaking"
            },
            {
                "type": "origins:food_level",
                "comparison": ">=",
                "compare_to": 1
            },
            {
                "type": "origins:resource",
                "resource": "*:manifestation_current_form",
                "comparison": "==",
                "compare_to": 1
            }
        ]
    },
    "entity_action": {
        "type": "origins:exhaust",
        "amount": 0.4
    }
}