{
    "type": "origins:entity_glow",
    "name": "Refined Senses",
    "description": "You can see nearby mobs, and projectiles through walls.",
    "badges": [
        {
            "type": "origins:tooltip",
            "sprite": "minecraft:textures/mob_effect/slowness.png",
            "text": "Exclusive to Bound Form"
        }
    ],
    "bientity_condition": {
        "type": "origins:and",
        "conditions": [
            {
                "type": "origins:target_condition",
                "condition": {
                    "type": "origins:or",
                    "conditions": [
                        {
                            "type": "origins:living"
                        },
                        {
                            "type": "origins:in_tag",
                            "tag": "minecraft:impact_projectiles"
                        }
                    ]
                }
            },
            {
                "type": "origins:distance",
                "comparison": "<=",
                "compare_to": 15
            },
            {
                "type": "origins:can_see",
                "inverted": true
            }
        ]
    },
    "condition": {
        "type": "origins:resource",
        "resource": "*:manifestation_current_form",
        "comparison": "==",
        "compare_to": 1
    }
}