{
    "type": "origins:modify_attribute",
    "name": "Soul Speed",
    "description": "You can walk nearly like normal on soul sand due to your arched, hoof-like feet ",
    "badges": [
        {
            "type": "origins:tooltip",
            "sprite": "minecraft:textures/mob_effect/slowness.png",
            "text": "Exclusive to Bound Form"
        },
        {
            "type": "origins:tooltip",
            "sprite": "origins:textures/gui/badge/info.png",
            "text": "Due to a bug, your FOV will increase significantly while on soul sand. Lower \"FoV Effects\" in Accessibility Settings to fix this."
        }
    ],
    "attribute": "minecraft:generic.movement_speed",
    "modifier": {
        "operation": "multiply_base_multiplicative",
        "value": 0.7216
    },
    "condition": {
        "type": "origins:on_block",
        "block_condition": {
            "type": "origins:block",
            "block": "minecraft:soul_sand"
        }
    }
}