{
    "type": "origins:multiple",
    "name": "Strider Technique",
    "description": "Your webbed, heat-resistant feet let you walk on lava, and you're immune to it.",
    "badges": [
        {
            "type": "origins:tooltip",
            "sprite": "minecraft:textures/mob_effect/slowness.png",
            "text": "Exclusive to Bound Form"
        }
    ],
    "lavawalking": {
        "type": "origins:walk_on_fluid",
        "fluid": "minecraft:lava",
        "condition": {
            "type": "origins:and",
            "conditions": [
                {
                    "type": "origins:fluid_height",
                    "fluid": "minecraft:lava",
                    "comparison": "<=",
                    "compare_to": 0.4
                },
                {
                    "type": "origins:resource",
                    "resource": "*:manifestation_current_form",
                    "comparison": "==",
                    "compare_to": 1
                },
                {
                    "type": "origins:sneaking",
                    "inverted": true
                }
            ]
        }
    },
    "extinguish": {
        "type": "origins:action_over_time",
        "entity_action": {
            "type": "origins:extinguish"
        },
        "falling_action": {
            "type": "origins:extinguish"
        },
        "condition": {
            "type": "origins:and",
            "conditions": [
                {
                    "type": "origins:fluid_height",
                    "fluid": "minecraft:lava",
                    "comparison": "<=",
                    "compare_to": 1
                },
                {
                    "type": "origins:fluid_height",
                    "fluid": "minecraft:lava",
                    "comparison": ">",
                    "compare_to": 0
                },
                {
                    "type": "origins:resource",
                    "resource": "*:manifestation_current_form",
                    "comparison": "==",
                    "compare_to": 1
                }
            ]
        },
        "interval": 1
    },
    "lava_damage": {
        "type": "origins:invulnerability",
        "damage_condition": {
            "type": "origins:name",
            "name": "lava"
        },
        "condition": {
            "type": "origins:resource",
            "resource": "*:manifestation_current_form",
            "comparison": "==",
            "compare_to": 1
        }
    }
}