{
    "name": "Explosive Jumping",
    "description": "You take far less damage from explosions and get launched further by them. You don't take fall damage either.",
    "type": "origins:modify_damage_taken",
    "modifier": {
        "value": -0.95,
        "operation": "multiply_total"
    },
    "damage_condition": {
        "type": "origins:or",
        "conditions": [
            {
                "type": "origins:name",
                "name": "explosion"
            },
            {
                "type": "origins:name",
                "name": "explosion.player"
            }
        ]
    },
    "self_action": {
        "type": "origins:change_resource",
        "resource": "*:style_set",
        "change": 1
    }
}