{
    "name": "Scorched Limb",
    "description": "You nearly lost an arm to an explosion once. You can only hold a bow in your offhand.",
    "type": "origins:action_over_time",
    "interval": 1,
    "entity_action": {
        "type": "origins:drop_inventory",
        "inventory_type": "inventory",
        "slot": "weapon.offhand",
        "retain_ownership": true,
        "throw_randomly": false,
        "entity_action": {
            "type": "origins:and",
            "actions": [
                {
                    "type": "origins:execute_command",
                    "command": "playsound minecraft:entity.player.hurt_on_fire master @s ~ ~ ~ 1 0"
                },
                {
                    "type": "origins:execute_command",
                    "command": "playsound minecraft:entity.player.hurt master @s ~ ~ ~ 1 0"
                }
            ]
        }
    },
    "condition": {
        "type": "origins:equipped_item",
        "equipment_slot": "offhand",
        "item_condition": {
            "type": "origins:ingredient",
            "ingredient": {
                "tag": "c:bows"
            },
            "inverted": true
        }
    }
}