{
    "type": "origins:action_on_callback",
    "entity_action_added": {
        "type": "origins:and",
        "actions": [
            {
                "bientity_condition": {
                    "type": "origins:target_condition",
                    "condition": {
                        "type": "origins:and",
                        "conditions": [
                            {
                                "type": "origins:entity_type",
                                "entity_type": "player"
                            },
                            {
                                "type": "origins:origin",
                                "origin": "bombjumper:bombjumper"
                            }
                        ]
                    }
                },
                "type": "origins:area_of_effect",
                "radius": 3,
                "bientity_action": {
                    "type": "origins:and",
                    "actions": [
                        {
                            "type": "origins:target_action",
                            "action": {
                                "type": "origins:add_velocity",
                                "x": 0,
                                "y": 0,
                                "z": 0,
                                "set": true
                            }
                        },
                        {
                            "type": "origins:add_velocity",
                            "z": 1.05,
                            "space": "local"
                        },
                        {
                            "type": "origins:add_velocity",
                            "y": 0.15
                        }
                    ]
                }
            },
            {
                "type": "origins:execute_command",
                "command": "kill @s"
            }
        ]
    }
}