{
    "name": "Stylish Superiority",
    "description": "Taking explosion damage doubles your damage until you land on the ground.",
    "type": "origins:multiple",
    "set": {
        "type": "origins:resource",
        "min": 0,
        "max": 1,
        "hud_render": {
            "should_render": false
        },
        "start_value": 0
    },
    "overlay": {
        "type": "origins:overlay",
        "texture": "minecraft:textures/misc/vignette.png",
        "draw_mode": "nausea",
        "draw_phase": "below_hud",
        "red": 1,
        "green": 0.3,
        "blue": 0.3,
        "strength": 1,
        "condition": {
            "type": "origins:resource",
            "resource": "*:*_set",
            "compare_to": 1,
            "comparison": "=="
        }
    },
    "doublemeleedmg": {
        "type": "origins:modify_damage_dealt",
        "modifier": {
            "value": 1,
            "operation": "multiply_total"
        },
        "condition": {
            "type": "origins:resource",
            "resource": "*:*_set",
            "compare_to": 0,
            "comparison": ">"
        }
    },
    "doubleprojectiledmg": {
        "type": "origins:modify_projectile_damage",
        "modifier": {
            "value": 1,
            "operation": "multiply_total"
        },
        "condition": {
            "type": "origins:resource",
            "resource": "*:*_set",
            "compare_to": 0,
            "comparison": ">"
        }
    },
    "unset": {
        "type": "origins:action_over_time",
        "interval": 1,
        "condition": {
            "type": "origins:and",
            "conditions": [
                {
                    "type": "origins:or",
                    "conditions": [
                        {
                            "type": "origins:on_block",
                            "block_condition": {
                                "type": "origins:movement_blocking"
                            }
                        },
                        {
                            "type": "origins:climbing"
                        },
                        {
                            "type": "origins:in_block",
                            "block_condition": {
                                "type": "origins:fluid",
                                "fluid_condition": {
                                    "type": "origins:empty",
                                    "inverted": true
                                }
                            }
                        }
                    ]
                },
                {
                    "type": "origins:resource",
                    "resource": "*:*_set",
                    "compare_to": 1,
                    "comparison": "=="
                }
            ]
        },
        "rising_action": {
            "type": "origins:change_resource",
            "resource": "*:*_set",
            "change": 0,
            "operation": "set"
        }
    }
}