{
    "name": "Remote Demolition",
    "description": "You can throw TNT and detonate thrown TNT early.",
    "badges": [
        {
            "type": "origins:keybind",
            "sprite": "origins:textures/gui/badge/active.png",
            "text": "     Left-Click while holding TNT to throw it     \n     Left-Click a thrown TNT to explode it     "
        }
    ],
    "type": "origins:multiple",
    "early": {
        "type": "origins:active_self",
        "key": {
            "key": "key.attack"
        },
        "entity_action": {
            "type": "origins:raycast",
            "bientity_condition": {
                "type": "origins:target_condition",
                "condition": {
                    "type": "origins:and",
                    "conditions": [
                        {
                            "type": "origins:entity_type",
                            "entity_type": "tnt"
                        },
                        {
                            "type": "origins:command",
                            "command": "data get entity @s Fuse",
                            "compare_to": 80,
                            "comparison": "<"
                        }
                    ]
                }
            },
            "distance": 32,
            "bientity_action": {
                "type": "origins:target_action",
                "action": {
                    "type": "origins:execute_command",
                    "command": "data modify entity @s Fuse set value 1s"
                }
            }
        }
    },
    "throw": {
        "type": "origins:active_self",
        "key": {
            "key": "key.attack"
        },
        "condition": {
            "type": "origins:equipped_item",
            "equipment_slot": "mainhand",
            "item_condition": {
                "type": "origins:ingredient",
                "ingredient": {
                    "item": "tnt"
                }
            }
        },
        "entity_action": {
            "type": "origins:and",
            "actions": [
                {
                    "type": "origins:fire_projectile",
                    "entity_type": "tnt",
                    "tag": "{Fuse:80,Tags:['bombjumper.tnt']}",
                    "speed": 0.5
                },
                {
                    "type": "origins:execute_command",
                    "command": "playsound minecraft:entity.snowball.throw master @s ~ ~ ~ 1 0"
                },
                {
                    "type": "origins:equipped_item_action",
                    "equipment_slot": "mainhand",
                    "action": {
                        "type": "origins:consume",
                        "amount": 1
                    }
                }
            ]
        }
    }
}