{
    "type": "minecraft:empty",
    "pools": [
        {
            "rolls": 1,
            "entries": [
                {
                    "type": "minecraft:item",
                    "name": "minecraft:player_head",
                    "functions": [
                        {
                            "function": "minecraft:set_nbt",
                            "tag": "{vjolly:1,display:{Name:'{\"text\":\"§r§cPresent\"}'},SkullOwner:{Id:[I;-579529526,-1055964279,-1676379950,-22113866],Properties:{textures:[{Value:\"eyJ0ZXh0dXJlcyI6eyJTS0lOIjp7InVybCI6Imh0dHA6Ly90ZXh0dXJlcy5taW5lY3JhZnQubmV0L3RleHR1cmUvYjczYTIxMTQxMzZiOGVlNDkyNmNhYTUxNzg1NDE0MDM2YTJiNzZlNGYxNjY4Y2I4OWQ5OTcxNmM0MjEifX19\"}]}}}"
                        }
                    ]
                },
                {
                    "type": "minecraft:item",
                    "name": "minecraft:player_head",
                    "functions": [
                        {
                            "function": "minecraft:set_nbt",
                            "tag": "{vjolly:1,display:{Name:'{\"text\":\"§r§aPresent\"}'},SkullOwner:{Id:[I;-2002873815,1388858326,-1525192356,172033830],Properties:{textures:[{Value:\"eyJ0ZXh0dXJlcyI6eyJTS0lOIjp7InVybCI6Imh0dHA6Ly90ZXh0dXJlcy5taW5lY3JhZnQubmV0L3RleHR1cmUvMmIxZWM3ZGM3NTMwNjFjYTE3NDQyNGVhNDVjZjk0OTBiMzljZDVkY2NhNDc3ZDEzOGE2MDNlNmJlNzU1ZWM3MiJ9fX0=\"}]}}}"
                        }
                    ]
                },
                {
                    "type": "minecraft:item",
                    "name": "minecraft:player_head",
                    "functions": [
                        {
                            "function": "minecraft:set_nbt",
                            "tag": "{vjolly:1,display:{Name:'{\"text\":\"§r§aPresent\"}'},SkullOwner:{Id:[I;1774267824,591020930,-1948773742,-1067194309],Properties:{textures:[{Value:\"eyJ0ZXh0dXJlcyI6eyJTS0lOIjp7InVybCI6Imh0dHA6Ly90ZXh0dXJlcy5taW5lY3JhZnQubmV0L3RleHR1cmUvZmEyYTAyMTI2OGI0YTA0N2JiODg5NGIxN2IxODA2YjhlOTdlNjA0MmMwMDEzMzZkYmI0MDY3NGNmNmM5MDZjNCJ9fX0=\"}]}}}"
                        }
                    ]
                }
            ]
        }
    ]
}