{
    "criteria": {
        "cherry_islands": {
            "trigger": "location",
            "conditions": {
                "player": [
                    {
                        "condition": "entity_properties",
                        "predicate": {
                            "location": {
                                "biome": "nfb_dimensions:beyond_the_clouds/cherry_islands"
                            }
                        },
                        "entity": "this"
                    }
                ]
            }
        },
        "dark_forest_islands": {
            "trigger": "location",
            "conditions": {
                "player": [
                    {
                        "condition": "entity_properties",
                        "predicate": {
                            "location": {
                                "biome": "nfb_dimensions:beyond_the_clouds/dark_forest_islands"
                            }
                        },
                        "entity": "this"
                    }
                ]
            }
        },
        "flower_forest_islands": {
            "trigger": "location",
            "conditions": {
                "player": [
                    {
                        "condition": "entity_properties",
                        "predicate": {
                            "location": {
                                "biome": "nfb_dimensions:beyond_the_clouds/flower_forest_islands"
                            }
                        },
                        "entity": "this"
                    }
                ]
            }
        },
        "frozen_grove_islands": {
            "trigger": "location",
            "conditions": {
                "player": [
                    {
                        "condition": "entity_properties",
                        "predicate": {
                            "location": {
                                "biome": "nfb_dimensions:beyond_the_clouds/frozen_grove_islands"
                            }
                        },
                        "entity": "this"
                    }
                ]
            }
        },
        "lush_islands": {
            "trigger": "location",
            "conditions": {
                "player": [
                    {
                        "condition": "entity_properties",
                        "predicate": {
                            "location": {
                                "biome": "nfb_dimensions:beyond_the_clouds/lush_islands"
                            }
                        },
                        "entity": "this"
                    }
                ]
            }
        }
    },
    "display": {
        "announce_to_chat": true,
        "description": "Discover all the biomes beyond the clouds",
        "frame": "challenge",
        "hidden": false,
        "icon": {
            "item": "minecraft:iron_boots",
            "nbt": "{Damage:0}"
        },
        "show_toast": true,
        "title": "Adventurer"
    },
    "parent": "nfb_dimensions:beyond_the_clouds/find_sky_village",
    "requirements": [
        [
            "cherry_islands"
        ],
        [
            "dark_forest_islands"
        ],
        [
            "flower_forest_islands"
        ],
        [
            "frozen_grove_islands"
        ],
        [
            "lush_islands"
        ]
    ],
    "rewards": {
      "experience": 500
    }  
}