{
  "carvers": {
    "air": [
      "minecraft:cave",
      "minecraft:cave_extra_underground",
      "minecraft:canyon"
    ]
  },
  "downfall": 0.9,
  "effects": {
    "fog_color": 14149375,
    "foliage_color": 9109414,
    "grass_color": 9109414,
    "sky_color": 12638463,
    "water_color": 10409727,
    "water_fog_color": 10409727
  },
  "features": [
    [],
    [],
    [],
    [],
    [],
    [],
    [],
    [],
    [],
    [
      "nfb_dimensions:beyond_the_clouds/glow_lichen",
      "nfb_dimensions:beyond_the_clouds/frozen_islands/tree"
    ],
    [
      "minecraft:freeze_top_layer"
    ]
  ],
  "has_precipitation": true,
  "spawn_costs": {},
  "spawners": {
    "ambient": [
      {
        "type": "minecraft:bat",
        "maxCount": 8,
        "minCount": 8,
        "weight": 10
      }
    ],
    "axolotls": [],
    "creature": [
      {
        "type": "minecraft:pig",
        "maxCount": 2,
        "minCount": 1,
        "weight": 1
      },
      {
        "type": "minecraft:rabbit",
        "maxCount": 6,
        "minCount": 2,
        "weight": 2
      },
      {
        "type": "minecraft:sheep",
        "maxCount": 4,
        "minCount": 2,
        "weight": 2
      }
    ],
    "misc": [],
    "monster": [],
    "underground_water_creature": [
      {
        "type": "minecraft:glow_squid",
        "maxCount": 6,
        "minCount": 4,
        "weight": 10
      }
    ],
    "water_ambient": [],
    "water_creature": []
  },
  "temperature": -0.7
}