{
  "carvers": {
    "air": [
      "minecraft:cave",
      "minecraft:cave_extra_underground",
      "minecraft:canyon"
    ]
  },
  "downfall": 0.8,
  "effects": {
    "fog_color": 14149375,
    "foliage_color": 6928957,
    "grass_color": 10273896,
    "music": {
      "max_delay": 24000,
      "min_delay": 12000,
      "replace_current_music": false,
      "sound": "minecraft:music.overworld.lush_caves"
    },
    "sky_color": 12638463,
    "water_color": 8060909,
    "water_fog_color": 8060909
  },
  "features": [
    [],
    [],
    [
      "minecraft:amethyst_geode"
    ],
    [],
    [
      "nfb_dimensions:beyond_the_clouds/lush/water_deltas"
    ],
    [],
    [

    ],
    [],
    [
      "minecraft:spring_water"
    ],
    [
      "nfb_dimensions:beyond_the_clouds/glow_lichen",
      "nfb_dimensions:beyond_the_clouds/lush/moss_ceiling",
      "nfb_dimensions:beyond_the_clouds/lush/moss_floor",
      "nfb_dimensions:beyond_the_clouds/lush/trees",
      "nfb_dimensions:beyond_the_clouds/cherry/bamboo"
    ],
    []
  ],
  "has_precipitation": true,
  "spawn_costs": {},
  "spawners": {
    "ambient": [
      {
        "type": "minecraft:bat",
        "maxCount": 8,
        "minCount": 8,
        "weight": 10
      }
    ],
    "axolotls": [],
    "creature": [
      {
        "type": "minecraft:pig",
        "maxCount": 2,
        "minCount": 1,
        "weight": 1
      },
      {
        "type": "minecraft:rabbit",
        "maxCount": 6,
        "minCount": 2,
        "weight": 2
      },
      {
        "type": "minecraft:sheep",
        "maxCount": 4,
        "minCount": 2,
        "weight": 2
      }
    ],
    "misc": [],
    "monster": [],
    "underground_water_creature": [
      {
        "type": "minecraft:glow_squid",
        "maxCount": 6,
        "minCount": 4,
        "weight": 10
      }
    ],
    "water_ambient": [],
    "water_creature": []
  },
  "temperature": 1
}