{
  "carvers": {},
  "downfall": 0.8,
  "effects": {
    "fog_color": 12638463,
    "sky_color": 12638463,
    "water_color": 6141935,
    "water_fog_color": 6141935
  },
  "features": [
    [],
    [],
    [],
    [],
    [],
    [],
    [],
    [],
    [],
    [],
    []
  ],
  "has_precipitation": true,
  "spawn_costs": {},
  "spawners": {
    "ambient": [],
    "axolotls": [],
    "creature": [],
    "misc": [],
    "monster": [],
    "underground_water_creature": [],
    "water_ambient": [],
    "water_creature": []
  },
  "temperature": 0.6
}