{
  "display": {
    "title": {
      "translate": "Glacium"
    },
    "description": {
      "translate": "Bring winter clothes",
      "color": "green"
    },
    "icon": {
      "item": "minecraft:diamond_sword",
      "nbt": "{CustomModelData:888502,Enchantments:[{}]}"
    },
    "frame": "task",
    "show_toast": false,
    "announce_to_chat": false,
    "hidden": true,
    "background": "bracken:textures/gui/advancements/backgrounds/glacium.png"
  },
  "criteria": {
    "bracken:glacium/gla1": {
      "trigger": "minecraft:location",
      "conditions": {
        "player": {
          "location": {
            "dimension": "bracken:glacium"
          }
        }
      }
    }
  },
  "requirements": [
    [
      "bracken:glacium/gla1"
    ]
  ]
}
