{
  "parent": "bracken:glacium/enter_glacium",
  "display": {
    "title": {
      "translate": "Middle-Era Watchtower"
    },
    "description": {
      "translate": "Get mining fatigue from a frozen watchtower",
      "color": "green"
    },
    "icon": {
      "item": "minecraft:cracked_stone_bricks"
    },
    "frame": "task",
    "show_toast": true,
    "announce_to_chat": true,
    "hidden": false
  },
  "criteria": {
    "bracken:glacium/fatigue1": {
      "trigger": "minecraft:location",
      "conditions": {
        "player": [
          {
            "condition": "minecraft:entity_properties",
            "entity": "this",
            "predicate": {
              "type": "minecraft:player",
              "effects": {
                "minecraft:mining_fatigue": {}
              }
            }
          },
          {
            "condition": "minecraft:entity_properties",
            "entity": "this",
            "predicate": {
              "location": {
                "dimension": "bracken:glacium"
              }
            }
          }
        ]
      }
    }
  },
  "requirements": [
    [
      "bracken:glacium/fatigue1"
    ]
  ]
}
