{
  "parent": "bracken:glacium/wake",
  "display": {
    "title": {
      "translate": "Aim High"
    },
    "description": {
      "translate": "Slay the upper half of the Viceroy with a bow",
      "color": "green"
    },
    "icon": {
      "item": "minecraft:bow"
    },
    "frame": "challenge",
    "show_toast": true,
    "announce_to_chat": true,
    "hidden": false
  },
  "criteria": {
    "bracken:glacium/kill21": {
      "trigger": "minecraft:player_killed_entity",
      "conditions": {
        "entity": [
          {
            "condition": "minecraft:entity_properties",
            "entity": "this",
            "predicate": {
              "type": "minecraft:wither_skeleton",
              "nbt": "{Tags:[\"bp.bygone_viceroy.top\"]}"
            }
          }
        ],
        "killing_blow": {
          "source_entity": {
            "type": "minecraft:player",
            "equipment": {
              "mainhand": {
                "items": [
                  "minecraft:bow"
                ]
              }
            }
          }
        }
      }
    }
  },
  "requirements": [
    [
      "bracken:glacium/kill21"
    ]
  ]
}
