{
    "type": "random_selector",
    "config": {
        "features": [
            {
                "chance": 0.5,
                "feature": {
                    "feature": {
                        "type": "simple_block",
                        "config": {
                            "to_place": {
                                "type": "minecraft:simple_state_provider",
                                "state": {
                                    "Name": "minecraft:grass"
                                }
                            }
                        }
                    },
                    "placement": []
                }
            },
            {
                "chance": 0.25,
                "feature": {
                    "feature": {
                        "type": "minecraft:tree",
                        "config": {
                            "ignore_vines": true,
                            "force_dirt": false,
                            "minimum_size": {
                                "type": "minecraft:two_layers_feature_size",
                                "limit": 1,
                                "lower_size": 0,
                                "upper_size": 1
                            },
                            "dirt_provider": {
                                "type": "minecraft:simple_state_provider",
                                "state": {
                                    "Name": "minecraft:dirt"
                                }
                            },
                            "trunk_provider": {
                                "type": "minecraft:simple_state_provider",
                                "state": {
                                    "Name": "minecraft:oak_log",
                                    "Properties": {
                                        "axis": "y"
                                    }
                                }
                            },
                            "foliage_provider": {
                                "type": "minecraft:simple_state_provider",
                                "state": {
                                    "Name": "minecraft:oak_leaves",
                                    "Properties": {
                                        "distance": "7",
                                        "persistent": "false",
                                        "waterlogged": "false"
                                    }
                                }
                            },
                            "trunk_placer": {
                                "type": "minecraft:straight_trunk_placer",
                                "base_height": 4,
                                "height_rand_a": 2,
                                "height_rand_b": 0
                            },
                            "foliage_placer": {
                                "type": "minecraft:blob_foliage_placer",
                                "radius": 2,
                                "offset": 0,
                                "height": 3
                            },
                            "decorators": [
                                {
                                    "type": "minecraft:beehive",
                                    "probability": 0.5
                                }
                            ]
                        }
                    },                    
                    "placement": []
                }
            },
            {
                "chance": 0.125,
                "feature": {
                    "placement": [],
                    "feature": {
                        "type": "minecraft:tree",
                        "config": {
                            "ignore_vines": true,
                            "force_dirt": false,
                            "minimum_size": {
                                "type": "minecraft:two_layers_feature_size",
                                "min_clipped_height": 4,
                                "limit": 0,
                                "lower_size": 0,
                                "upper_size": 0
                            },
                            "dirt_provider": {
                                "type": "minecraft:simple_state_provider",
                                "state": {
                                    "Name": "minecraft:dirt"
                                }
                            },
                            "trunk_provider": {
                                "type": "minecraft:simple_state_provider",
                                "state": {
                                    "Name": "minecraft:oak_log",
                                    "Properties": {
                                        "axis": "y"
                                    }
                                }
                            },
                            "foliage_provider": {
                                "type": "minecraft:simple_state_provider",
                                "state": {
                                    "Name": "minecraft:oak_leaves",
                                    "Properties": {
                                        "distance": "7",
                                        "persistent": "false",
                                        "waterlogged": "false"
                                    }
                                }
                            },
                            "trunk_placer": {
                                "type": "minecraft:fancy_trunk_placer",
                                "base_height": 6,
                                "height_rand_a": 11,
                                "height_rand_b": 0
                            },
                            "foliage_placer": {
                                "type": "minecraft:fancy_foliage_placer",
                                "radius": 2,
                                "offset": 4,
                                "height": 4
                            },
                            "decorators": [
                                {
                                    "type": "minecraft:beehive",
                                    "probability": 0.6
                                }
                            ]
                        }
                    }                    
                }
            },
            {
                "chance": 0.125,
                "feature": {
                    "placement": [],
                    "feature": {
                        "type": "minecraft:tree",
                        "config": {
                            "ignore_vines": true,
                            "force_dirt": false,
                            "minimum_size": {
                                "type": "minecraft:two_layers_feature_size",
                                "limit": 1,
                                "lower_size": 0,
                                "upper_size": 2
                            },
                            "dirt_provider": {
                                "type": "minecraft:simple_state_provider",
                                "state": {
                                    "Name": "minecraft:dirt"
                                }
                            },
                            "trunk_provider": {
                                "type": "minecraft:simple_state_provider",
                                "state": {
                                    "Name": "minecraft:cherry_log",
                                    "Properties": {
                                        "axis": "y"
                                    }
                                }
                            },
                            "foliage_provider": {
                                "type": "minecraft:simple_state_provider",
                                "state": {
                                    "Name": "minecraft:cherry_leaves",
                                    "Properties": {
                                        "distance": "7",
                                        "persistent": "false",
                                        "waterlogged": "false"
                                    }
                                }
                            },
                            "trunk_placer": {
                                "type": "minecraft:cherry_trunk_placer",
                                "base_height": 8,
                                "height_rand_a": 0,
                                "height_rand_b": 4,
                                "branch_count": {
                                    "type": "minecraft:weighted_list",
                                    "distribution": [
                                        {
                                            "weight": 1,
                                            "data": 2
                                        },
                                        {
                                            "weight": 1,
                                            "data": 3
                                        }
                                    ]
                                },
                                "branch_horizontal_length": {
                                    "type": "minecraft:uniform",
                                    "value": {
                                        "min_inclusive": 2,
                                        "max_inclusive": 4
                                    }
                                },
                                "branch_start_offset_from_top": {
                                    "min_inclusive": -4,
                                    "max_inclusive": -2
                                },
                                "branch_end_offset_from_top": {
                                    "type": "minecraft:uniform",
                                    "value": {
                                        "min_inclusive": -2,
                                        "max_inclusive": 0
                                    }
                                }
                            },
                            "foliage_placer": {
                                "type": "minecraft:cherry_foliage_placer",
                                "radius": 4,
                                "offset": 0,
                                "height": 5,
                                "wide_bottom_layer_hole_chance": 0.25,
                                "corner_hole_chance": 0.25,
                                "hanging_leaves_chance": 0.16666667,
                                "hanging_leaves_extension_chance": 0.9
                            },
                            "decorators": [
                                {
                                    "type": "minecraft:beehive",
                                    "probability": 0.5
                                }
                            ]
                        }
                    }
                }
            }
        ],
        "default": {
            "placement": [],
            "feature": {
                "type": "minecraft:tree",
                "config": {
                    "ignore_vines": true,
                    "force_dirt": false,
                    "minimum_size": {
                        "type": "minecraft:two_layers_feature_size",
                        "limit": 1,
                        "lower_size": 0,
                        "upper_size": 1
                    },
                    "dirt_provider": {
                        "type": "minecraft:simple_state_provider",
                        "state": {
                            "Name": "minecraft:dirt"
                        }
                    },
                    "trunk_provider": {
                        "type": "minecraft:simple_state_provider",
                        "state": {
                            "Name": "minecraft:oak_log",
                            "Properties": {
                                "axis": "y"
                            }
                        }
                    },
                    "foliage_provider": {
                        "type": "minecraft:simple_state_provider",
                        "state": {
                            "Name": "minecraft:oak_leaves",
                            "Properties": {
                                "distance": "7",
                                "persistent": "false",
                                "waterlogged": "false"
                            }
                        }
                    },
                    "trunk_placer": {
                        "type": "minecraft:straight_trunk_placer",
                        "base_height": 4,
                        "height_rand_a": 2,
                        "height_rand_b": 0
                    },
                    "foliage_placer": {
                        "type": "minecraft:blob_foliage_placer",
                        "radius": 2,
                        "offset": 0,
                        "height": 3
                    },
                    "decorators": [
                        {
                            "type": "minecraft:beehive",
                            "probability": 0.5
                        }
                    ]
                }
            }
        }
    }
}