{
    "parent": "vheretic:goldenapple",
    "display": {
        "background": "minecraft:textures/block/deepslate.png",
        "icon": {
            "item": "minecraft:enchanted_golden_apple"
        },
        "title": "A Spark of Prosperity",
        "description": "§7§oThe magic of this enchanted apple seems immune to all forms of extraction. However, I believe I can glean some inspiration from its structure.§r\n§c♦ §nTrigger§r§c: Eat an Enchanted Golden Apple."
    },
    "criteria": {
        "a12": {
            "trigger": "minecraft:impossible"
        }
    }
}