{
    "parent": "vheretic:root",
    "display": {
        "background": "minecraft:textures/block/deepslate.png",
        "icon": {
            "item": "minecraft:golden_apple"
        },
        "title": "A Glimmer of Magic",
        "description": "§7§oIt seems like the mere act of coating an apple in gold provides it with magical healing properties. This should come in handy.§r\n§c♦ §nTrigger§r§c: Eat a Golden Apple."
    },
    "criteria": {
        "a13": {
            "trigger": "minecraft:impossible"
        }
    }
}