{
    "parent": "vheretic:root",
    "display": {
        "background": "minecraft:textures/block/deepslate.png",
        "icon": {
            "item": "minecraft:redstone_block"
        },
        "title": "A Curious Fusion",
        "description": "§7§oPerhaps I could combine the electrical nature of redstone with simple magic to yield more powerful spells.§r\n§c♦ §nTrigger§r§c: Obtain Redstone Dust."
    },
    "criteria": {
        "b12": {
            "trigger": "inventory_changed",
            "conditions": {
                "items": [
                    {
                        "items": [
                            "redstone"
                        ]
                    }
                ]
            }
        },
        "chose_heretic": {
            "trigger": "origins:chose_origin",
            "conditions": {
                "origin": "vheretic:heretic"
            }
        }
    }
}