{
    "parent": "vheretic:root",
    "display": {
        "icon": {
            "item": "minecraft:sculk_shrieker"
        },
        "title": "Cacophony of Souls",
        "description": "§7§oAs I enter the city, thousands of souls call out to me, pleading to save them... They're just a tool for me.§r\n§c♦ §nTrigger§r§c: Enter an Ancient City.\n§4♦ §nConsequence§r§4: Your Sanity falters."
    },
    "criteria": {
        "requirement11": {
            "trigger": "minecraft:tick",
            "conditions": {
                "player": [
                    {
                        "condition": "minecraft:location_check",
                        "predicate": {
                            "structure": "minecraft:ancient_city"
                        }
                    }
                ]
            }
        }
    }
}