{
    "parent": "vheretic:sculk1",
    "display": {
        "icon": {
            "item": "minecraft:netherite_hoe"
        },
        "title": "Voluntary Monster",
        "description": "§7§oAn innocent soul, untainted by corruption's pull... Studying its essence will let me create life, as if I was a god. Though, I'll need to leave the Overworld to gain the necessary catalysts.§r\n§c♦ §nTrigger§r§c: Harvest a villager's §3soul§r.\n§4♦ §nConsequence§r§4: Your Sanity falters further. Villagers won't trade with you."
    },
    "criteria": {
        "requirement22": {
            "trigger": "minecraft:impossible"
        }
    }
}