{
    "parent": "vheretic:sculk2",
    "display": {
        "icon": {
            "item": "minecraft:iron_block"
        },
        "title": "The Ultimate Soul",
        "description": "§7§oI've managed to recreate the strength of an extremely strong foe. With its power, I can finally ascend to new heights and become nigh-unstoppable.§r\n§c♦ §nTrigger§r§c: Harvest a §3soul§r with at least 150 §cHP.\n§4♦ §nConsequence§r§4: Your Sanity becomes the lowest it can be."
    },
    "criteria": {
        "requirement33": {
            "trigger": "minecraft:impossible"
        },
        "chose_heretic": {
            "trigger": "origins:chose_origin",
            "conditions": {
                "origin": "vheretic:heretic"
            }
        }
    }
}