{
    "parent": "vheretic:root",
    "display": {
      "icon": {
        "item": "minecraft:ender_eye"
      },
      "title": "Subspace Control",
      "description": "§7§oThe powers involved in traveling through dimensions are something beyond man's control. We can only replicate a lesser form of subspace travel.§r\n§c♦ §nTrigger§r§c: Enter the Nether for the first time."
    },
    "criteria": {
      "requirement44": {
        "trigger": "minecraft:location",
        "conditions": {
          "player": [
            {
              "condition": "minecraft:entity_properties",
              "entity": "this",
              "predicate": {
                "location": {
                  "dimension": "minecraft:the_nether"
                }
              }
            }
          ]
        }
      },
      "chose_heretic": {
          "trigger": "origins:chose_origin",
          "conditions": {
              "origin": "vheretic:heretic"
          }
      }
    }
  }
  