{
	"credit": "Made with Blockbench",
	"parent": "minecraft:block/cube_all",
	"texture_size": [32, 32],
	"textures": {
		"eye": "manic:block/blackstone_stalker/main",
		"all": "minecraft:block/polished_blackstone_bricks",
		"particle": "minecraft:block/polished_blackstone_bricks"
	},
	"elements": [
        {   "from": [ 0, 0, 0 ],
            "to": [ 16, 16, 16 ],
            "faces": {
                "down":  { "uv": [ 0, 0, 16, 16 ], "texture": "#all", "cullface": "down" },
                "up":    { "uv": [ 0, 0, 16, 16 ], "texture": "#all", "cullface": "up" },
                "north": { "uv": [ 0, 0, 5.333333333333333, 16 ], "texture": "#eye", "cullface": "north" },
                "south": { "uv": [ 0, 0, 16, 16 ], "texture": "#all", "cullface": "south" },
                "west":  { "uv": [ 0, 0, 16, 16 ], "texture": "#all", "cullface": "west" },
                "east":  { "uv": [ 0, 0, 16, 16 ], "texture": "#all", "cullface": "east" }
            }
        }
    ]
}
