{
    "parent": "bracken:the_underdark/enter_underdark",
    "display": {
        "title": {
            "translate": "What? Why?"
        },
        "description": {
            "translate": "Find a lost miner. Then punch them for some reason",
            "color": "green"
        },
        "icon": {
            "item": "minecraft:filled_map"
        },
        "frame": "task",
        "show_toast": true,
        "announce_to_chat": true,
        "hidden": true
    },
    "criteria": {
        "bracken:the_underdark/lost1": {
            "trigger": "minecraft:player_hurt_entity",
            "conditions": {
                "player": [
                    {
                        "condition": "minecraft:entity_properties",
                        "entity": "this",
                        "predicate": {
                            "location": {
                                "dimension": "bracken:the_underdark"
                            }
                        }
                    }
                ],
                "entity": [
                    {
                        "condition": "minecraft:entity_properties",
                        "entity": "this",
                        "predicate": {
                            "type": "minecraft:pillager"
                        }
                    }
                ]
            }
        }
    },
    "requirements": [
        [
            "bracken:the_underdark/lost1"
        ]
    ]
}
