{
	"type": "minecraft:tree",
	"config": {
	  "ignore_vines": true,
	  "force_dirt": false,
	  "minimum_size": {
		"type": "minecraft:two_layers_feature_size",
		"limit": 1,
		"lower_size": 0,
		"upper_size": 1
	  },
	  "dirt_provider": {
		"type": "minecraft:simple_state_provider",
		"state": {
		  "Name": "minecraft:white_concrete_powder"
		}
	  },
	  "trunk_provider": {
		"type": "minecraft:simple_state_provider",
		"state": {
		  "Name": "minecraft:quartz_pillar",
		  "Properties": {
			"axis": "y"
		  }
		}
	  },
	  "foliage_provider": {
		"type": "minecraft:simple_state_provider",
		"state": {
		  "Name": "minecraft:dark_oak_leaves",
		  "Properties": {
			"distance": "7",
			"persistent": "true",
			"waterlogged": "false"
		  }
		}
	  },
	  "trunk_placer": {
		"type": "minecraft:straight_trunk_placer",
		"base_height": 4,
		"height_rand_a": 4,
		"height_rand_b": 6
	  },
	  "foliage_placer": {
		"type": "minecraft:fancy_foliage_placer",
		"radius": 2,
		"offset": 0,
		"height": 4
	  },
	  "decorators": []
	}
  }
  