{
	"credit": "Made with Blockbench, by Dr. Zeal",
	"texture_size": [32, 32],
	"textures": {
		"0": "mythicmetals:block/model/carmot_staff",
		"particle": "mythicmetals:block/model/carmot_staff"
	},
	"elements": [
		{
			"name": "top",
			"from": [7.5, 19.85, 10.03],
			"to": [8.5, 20.35, 13.03],
			"rotation": {"angle": 0, "axis": "y", "origin": [8, 24, 7.5]},
			"faces": {
				"north": {"uv": [6, 1, 7, 1.5], "texture": "#0"},
				"east": {"uv": [5, 0.5, 8, 1], "texture": "#0"},
				"south": {"uv": [7, 1, 8, 1.5], "texture": "#0"},
				"west": {"uv": [5, 0, 8, 0.5], "texture": "#0"},
				"up": {"uv": [9, 3, 8, 0], "texture": "#0"},
				"down": {"uv": [10, 0, 9, 3], "texture": "#0"}
			}
		},
		{
			"name": "bottom",
			"from": [5.975, 15.225, 7.975],
			"to": [10.025, 16.025, 12.025],
			"rotation": {"angle": 0, "axis": "y", "origin": [8, 15.5, 10]},
			"faces": {
				"north": {"uv": [0, 4, 4, 5], "texture": "#0"},
				"east": {"uv": [0, 4, 4, 5], "texture": "#0"},
				"south": {"uv": [0, 4, 4, 5], "texture": "#0"},
				"west": {"uv": [0, 4, 4, 5], "texture": "#0"},
				"up": {"uv": [4, 4, 0, 0], "texture": "#0"},
				"down": {"uv": [4, 5, 0, 9], "texture": "#0"}
			}
		},
		{
			"name": "back",
			"from": [7.75, 16, 12.25],
			"to": [8.25, 20, 12.75],
			"faces": {
				"north": {"uv": [1, 12, 1.5, 16], "texture": "#0"},
				"east": {"uv": [0.5, 12, 1, 16], "texture": "#0"},
				"south": {"uv": [0, 12, 0.5, 16], "texture": "#0"},
				"west": {"uv": [1.5, 12, 2, 16], "texture": "#0"},
				"up": {"uv": [1, 12, 0, 11], "texture": "#0"},
				"down": {"uv": [1, 10, 0, 11], "texture": "#0"}
			}
		},
		{
			"name": "bottom_outcrop",
			"from": [7.6, 15.225, 11.9],
			"to": [8.6, 16.025, 12.9],
			"rotation": {"angle": 0, "axis": "y", "origin": [8, 15.5, 12.5]},
			"faces": {
				"north": {"uv": [2.5, 13, 3.5, 14], "texture": "#0"},
				"east": {"uv": [2.5, 14, 3.5, 15], "texture": "#0"},
				"south": {"uv": [2.5, 15, 3.5, 16], "texture": "#0"},
				"west": {"uv": [3.5, 13, 4.5, 14], "texture": "#0"},
				"up": {"uv": [4.5, 15, 3.5, 14], "texture": "#0"},
				"down": {"uv": [4.5, 15, 3.5, 16], "texture": "#0"}
			}
		},
		{
			"name": "corner",
			"from": [6.076, 16.001, 8.076],
			"to": [6.826, 16.501, 8.826],
			"faces": {
				"north": {"uv": [1, 11.5, 1.5, 12], "texture": "#0"},
				"east": {"uv": [1, 11, 1.5, 11.5], "texture": "#0"},
				"south": {"uv": [1, 10.5, 1.5, 11], "texture": "#0"},
				"west": {"uv": [1, 10, 1.5, 10.5], "texture": "#0"},
				"up": {"uv": [1.5, 10, 1, 9.5], "texture": "#0"},
				"down": {"uv": [1.5, 9, 1, 9.5], "texture": "#0"}
			}
		},
		{
			"name": "corner",
			"from": [9.126, 16.001, 8.076],
			"to": [9.876, 16.501, 8.826],
			"faces": {
				"north": {"uv": [1, 11.5, 1.5, 12], "texture": "#0"},
				"east": {"uv": [1, 11, 1.5, 11.5], "texture": "#0"},
				"south": {"uv": [1, 10.5, 1.5, 11], "texture": "#0"},
				"west": {"uv": [1, 10, 1.5, 10.5], "texture": "#0"},
				"up": {"uv": [1.5, 10, 1, 9.5], "texture": "#0"},
				"down": {"uv": [1.5, 9, 1, 9.5], "texture": "#0"}
			}
		},
		{
			"name": "corner",
			"from": [9.126, 16.001, 11.126],
			"to": [9.876, 16.501, 11.876],
			"faces": {
				"north": {"uv": [1, 11.5, 1.5, 12], "texture": "#0"},
				"east": {"uv": [1, 11, 1.5, 11.5], "texture": "#0"},
				"south": {"uv": [1, 10.5, 1.5, 11], "texture": "#0"},
				"west": {"uv": [1, 10, 1.5, 10.5], "texture": "#0"},
				"up": {"uv": [1.5, 10, 1, 9.5], "texture": "#0"},
				"down": {"uv": [1.5, 9, 1, 9.5], "texture": "#0"}
			}
		},
		{
			"name": "corner",
			"from": [6.076, 16.001, 11.126],
			"to": [6.826, 16.501, 11.876],
			"faces": {
				"north": {"uv": [1, 11.5, 1.5, 12], "texture": "#0"},
				"east": {"uv": [1, 11, 1.5, 11.5], "texture": "#0"},
				"south": {"uv": [1, 10.5, 1.5, 11], "texture": "#0"},
				"west": {"uv": [1, 10, 1.5, 10.5], "texture": "#0"},
				"up": {"uv": [1.5, 10, 1, 9.5], "texture": "#0"},
				"down": {"uv": [1.5, 9, 1, 9.5], "texture": "#0"}
			}
		},
		{
			"name": "shaft",
			"from": [7.5, 0, 9.5],
			"to": [8.5, 16, 10.5],
			"rotation": {"angle": 0, "axis": "y", "origin": [8, 8, 10]},
			"faces": {
				"north": {"uv": [12, 0, 13, 16], "texture": "#0"},
				"east": {"uv": [13, 0, 14, 16], "texture": "#0"},
				"south": {"uv": [14, 0, 15, 16], "texture": "#0"},
				"west": {"uv": [15, 0, 16, 16], "texture": "#0"},
				"up": {"uv": [11.5, 16, 10.5, 15.5], "texture": "#0"},
				"down": {"uv": [11.5, 15.5, 10.5, 16], "texture": "#0"}
			}
		}
	],
	"display": {
		"thirdperson_righthand": {
			"translation": [0, 4, -1],
			"scale": [1.5, 1.5, 1.5]
		},
		"thirdperson_lefthand": {
			"translation": [0, 2, 0],
			"scale": [1.25, 1.25, 1.25]
		},
		"ground": {
			"translation": [0, 8, 0],
			"scale": [1.2, 1.2, 1.2]
		},
		"gui": {
			"rotation": [40, 135, 0],
			"translation": [-1.5, -3, 0]
		},
		"head": {
			"rotation": [0, 0, 180],
			"translation": [0, 38, -7.5],
			"scale": [3.75, 3.75, 3.75]
		},
		"fixed": {
			"rotation": [-8, 0, 0],
			"translation": [0, -2.25, -5],
			"scale": [1.1, 1.1, 1.1]
		}
	},
	"groups": [
		{
			"name": "carmot_staff",
			"origin": [8, 8, 8],
			"color": 0,
			"children": [
				{
					"name": "head",
					"origin": [8, 8, 8],
					"color": 0,
					"children": [
						0,
						1,
						2,
						3,
						{
							"name": "corner",
							"origin": [0, 0, 0],
							"color": 0,
							"children": [4, 5, 6, 7]
						}
					]
				},
				8
			]
		}
	]
}