{
  "parent": "item/handheld",
  "textures": {
    "layer0": "mythicmetals:item/tools/legendary_banglum_pickaxe_recharge"
  },
  "display": {
    "thirdperson_righthand": {
      "rotation": [0, -90, 55],
      "translation": [0, 3.75, 1.25],
      "scale": [0.85, 0.85, 0.85]
    },
    "thirdperson_lefthand": {
      "rotation": [0, 90, -55],
      "translation": [0, 3.75, 1.25],
      "scale": [0.85, 0.85, 0.85]
    }
  },
  "overrides": [
    {
      "predicate": {
        "is_primed": 1
      },
      "model": "mythicmetals:item/legendary_banglum_pickaxe_primed"
    }
  ]
}