{
	"parent": "item/handheld",
	"textures": {
		"layer0": "mythicmetals:item/weapons/midas_gold_sword"
	},
	"overrides": [
		{ "predicate": { "midas_gold_count": 0.0 }, "model": "mythicmetals:item/midas/midas_sword_0"},
		{ "predicate": { "midas_gold_count": 0.1 }, "model": "mythicmetals:item/midas/midas_sword_1"},
		{ "predicate": { "midas_gold_count": 0.2 }, "model": "mythicmetals:item/midas/midas_sword_2"},
		{ "predicate": { "midas_gold_count": 0.3 }, "model": "mythicmetals:item/midas/midas_sword_3"}
	]
}