{
  "parent": "item/handheld",
  "textures": {
    "layer0": "mythicmetals:item/tools/mythril_drill"
  },
  "display": {
    "thirdperson_righthand": {
      "rotation": [0, -120, 5],
      "translation": [2, -4, -3.25]
    },
    "thirdperson_lefthand": {
      "rotation": [0, 60, -5],
      "translation": [2, -4, -3.25]
    }
  },
  "overrides": [
    {
      "predicate": {
        "is_active": 1
      },
      "model": "mythicmetals:item/mythril_drill_activated"
    }
  ]
}