{
  "replace": false,
  "values": [
    "minecraft:wooden_axe",
    "minecraft:stone_axe",
    "minecraft:iron_axe",
    "minecraft:golden_axe",
    "minecraft:diamond_axe",
    "minecraft:netherite_axe",
    "minecraft:wooden_sword",
    "minecraft:stone_sword",
    "minecraft:iron_sword",
    "minecraft:golden_sword",
    "minecraft:diamond_sword",
    "minecraft:netherite_sword",
    "minecraft:trident",
    {
      "id": "c:sword",
      "required": false
    },
    {
      "id": "c:axes",
      "required": false
    },
    {
      "id": "farmersdelight:flint_knife",
      "required": false
    },
    {
      "id": "farmersdelight:golden_knife",
      "required": false
    },
    {
      "id": "farmersdelight:iron_knife",
      "required": false
    },
    {
      "id": "farmersdelight:diamond_knife",
      "required": false
    },
    {
      "id": "farmersdelight:netherite_knife",
      "required": false
    }
  ]
}