{
    "type": "origins:multiple",
    "consume_bloodsucker": {
        "type": "origins:action_on_item_use",
        "entity_action": {
            "type": "apoli:if_else",
            "condition": {
                "type": "origins:power",
                "power": "bloodsucker:vampirism"
            },
            "if_action": {
                "type": "origins:feed",
                "food": 6,
                "saturation": 0.5
            }
        },
        "item_condition": {
            "type": "origins:nbt",
            "nbt": "{BloodsuckerBloodBottle: 1b}"
        }
    },
    "consume_human": {
        "type": "origins:action_on_item_use",
        "entity_action": {
            "type": "apoli:if_else",
            "condition": {
                "type": "origins:power",
                "power": "bloodsucker:vampirism"
            },
            "if_action": {
                "type": "origins:feed",
                "food": 5,
                "saturation": 0.25
            }
        },
        "item_condition": {
            "type": "origins:nbt",
            "nbt": "{HumanBloodBottle: 1b}"
        }
    },
    "consume_animal": {
        "type": "origins:action_on_item_use",
        "entity_action": {
            "type": "apoli:if_else",
            "condition": {
                "type": "origins:power",
                "power": "bloodsucker:vampirism"
            },
            "if_action": {
                "type": "origins:feed",
                "food": 3,
                "saturation": 0.25
            }
        },
        "item_condition": {
            "type": "origins:nbt",
            "nbt": "{AnimalBloodBottle: 1b}"
        }
    },
    "consume_undead": {
        "type": "origins:action_on_item_use",
        "entity_action": {
            "type": "apoli:if_else",
            "condition": {
                "type": "origins:power",
                "power": "bloodsucker:vampirism"
            },
            "if_action": {
                "type": "origins:feed",
                "food": 1,
                "saturation": 0
            }
        },
        "item_condition": {
            "type": "origins:nbt",
            "nbt": "{UndeadBloodBottle: 1b}"
        }
    },
    "consume_hotblooded": {
        "type": "origins:action_on_item_use",
        "entity_action": {
            "type": "origins:and",
            "actions": [
                {
                    "type": "apoli:if_else",
                    "condition": {
                        "type": "origins:power",
                        "power": "bloodsucker:vampirism"
                    },
                    "if_action": {
                        "type": "origins:feed",
                        "food": 5,
                        "saturation": 0.25
                    }
                },
                {
                    "type": "origins:spawn_particles",
                    "particle": {
                        "type": "minecraft:flame"
                    },
                    "count": 16,
                    "speed": 0.0,
                    "force": false,
                    "spread": {
                        "x": 0.5,
                        "y": 0.25,
                        "z": 0.5
                    }
                },
                {
                    "type": "origins:damage",
                    "amount": 3,
                    "source": {
                        "unblockable": true,
                        "name": "onFire"
                    }
                }
            ]
        },
        "item_condition": {
            "type": "origins:nbt",
            "nbt": "{HotBloodBottle: 1b}"
        }
    },
    "consume_unstable": {
        "type": "origins:action_on_item_use",
        "entity_action": {
            "type": "origins:and",
            "actions": [
                {
                    "type": "apoli:if_else",
                    "condition": {
                        "type": "origins:power",
                        "power": "bloodsucker:vampirism"
                    },
                    "if_action": {
                        "type": "origins:feed",
                        "food": 2,
                        "saturation": 0.25
                    }
                },
                {
                    "type": "origins:and",
                    "actions": [
                        {
                            "type": "origins:spawn_particles",
                            "particle": {
                                "type": "minecraft:portal"
                            },
                            "count": 64,
                            "speed": 0.1,
                            "force": false,
                            "spread": {
                                "x": 0.5,
                                "y": 0.5,
                                "z": 0.5
                            }
                        },
                        {
                            "type": "origins:execute_command",
                            "command": "spreadplayers ~ ~ 0 20 under 127 false @s"
                        },
                        {
                            "type": "origins:spawn_particles",
                            "particle": {
                                "type": "minecraft:reverse_portal"
                            },
                            "count": 64,
                            "speed": 0.1,
                            "force": false,
                            "spread": {
                                "x": 0.5,
                                "y": 0.5,
                                "z": 0.5
                            }
                        },
                        {
                            "type": "origins:play_sound",
                            "sound": "minecraft:entity.enderman.teleport"
                        }
                    ]
                }
            ]
        },
        "item_condition": {
            "type": "origins:nbt",
            "nbt": "{UnstableBloodBottle: 1b}"
        }
    },
    "consume_frozen": {
        "type": "origins:action_on_item_use",
        "entity_action": {
            "type": "origins:and",
            "actions": [
                {
                    "type": "apoli:if_else",
                    "condition": {
                        "type": "origins:power",
                        "power": "bloodsucker:vampirism"
                    },
                    "if_action": {
                        "type": "origins:feed",
                        "food": 5,
                        "saturation": 0.25
                    }
                },
                {
                    "type": "origins:change_resource",
                    "resource": "*:*_freeze_timer",
                    "change": 400
                }
            ]
        },
        "item_condition": {
            "type": "origins:nbt",
            "nbt": "{FrozenBloodBottle: 1b}"
        }
    },
    "consume_poisonous": {
        "type": "origins:action_on_item_use",
        "entity_action": {
            "type": "origins:and",
            "actions": [
                {
                    "type": "apoli:if_else",
                    "condition": {
                        "type": "origins:power",
                        "power": "bloodsucker:vampirism"
                    },
                    "if_action": {
                        "type": "origins:feed",
                        "food": 5,
                        "saturation": 0.25
                    }
                },
                {
                    "type": "origins:apply_effect",
                    "effect": {
                        "effect": "minecraft:poison",
                        "amplifier": 0,
                        "duration": 600
                    }
                }
            ]
        },
        "item_condition": {
            "type": "origins:nbt",
            "nbt": "{PoisonousBloodBottle: 1b}"
        }
    },
    "prevent_consume": {
        "type": "origins:prevent_item_use",
        "item_condition": {
            "type": "origins:nbt",
            "nbt": "{BloodBottle: 1b}"
        },
        "condition": {
            "type": "origins:or",
            "conditions": [
                {
                    "type": "origins:equipped_item",
                    "equipment_slot": "offhand",
                    "item_condition": {
                        "type": "origins:and",
                        "conditions": [
                            {
                                "type": "origins:nbt",
                                "nbt": "{SacrificialDagger:1b}"
                            },
                            {
                                "type": "origins:ingredient",
                                "ingredient": {
                                    "item": "minecraft:iron_sword"
                                }
                            }
                        ]
                    }
                },
                {
                    "type": "origins:equipped_item",
                    "equipment_slot": "mainhand",
                    "item_condition": {
                        "type": "origins:and",
                        "conditions": [
                            {
                                "type": "origins:nbt",
                                "nbt": "{SacrificialDagger:1b}"
                            },
                            {
                                "type": "origins:ingredient",
                                "ingredient": {
                                    "item": "minecraft:iron_sword"
                                }
                            }
                        ]
                    }
                }
            ]
        }
    },
    "bloodsucker_tooltip": {
        "type": "origins:tooltip",
        "item_condition": {
            "type": "origins:and",
            "conditions": [
                {
                    "type": "origins:ingredient",
                    "ingredient": {
                        "item": "minecraft:potion"
                    }
                },
                {
                    "type": "origins:nbt",
                    "nbt": "{BloodsuckerBloodBottle:1b}"
                }
            ]
        },
        "condition": {
            "type": "origins:power",
            "power": "bloodsucker:vampirism"
        },
        "text": {
            "color": "dark_red",
            "text": "Vampire Blood - Very Effective"
        }
    },
    "human_tooltip": {
        "type": "origins:tooltip",
        "item_condition": {
            "type": "origins:and",
            "conditions": [
                {
                    "type": "origins:ingredient",
                    "ingredient": {
                        "item": "minecraft:potion"
                    }
                },
                {
                    "type": "origins:nbt",
                    "nbt": "{HumanBloodBottle:1b}"
                }
            ]
        },
        "condition": {
            "type": "origins:power",
            "power": "bloodsucker:vampirism"
        },
        "text": {
            "color": "dark_red",
            "text": "Human Blood - Very Effective"
        }
    },
    "animal_tooltip": {
        "type": "origins:tooltip",
        "item_condition": {
            "type": "origins:and",
            "conditions": [
                {
                    "type": "origins:ingredient",
                    "ingredient": {
                        "item": "minecraft:potion"
                    }
                },
                {
                    "type": "origins:nbt",
                    "nbt": "{AnimalBloodBottle:1b}"
                }
            ]
        },
        "condition": {
            "type": "origins:power",
            "power": "bloodsucker:vampirism"
        },
        "text": {
            "color": "red",
            "text": "Animal Blood - Somewhat Effective"
        }
    },
    "undead_tooltip": {
        "type": "origins:tooltip",
        "item_condition": {
            "type": "origins:and",
            "conditions": [
                {
                    "type": "origins:ingredient",
                    "ingredient": {
                        "item": "minecraft:potion"
                    }
                },
                {
                    "type": "origins:nbt",
                    "nbt": "{UndeadBloodBottle:1b}"
                }
            ]
        },
        "condition": {
            "type": "origins:power",
            "power": "bloodsucker:vampirism"
        },
        "text": {
            "color": "red",
            "text": "Rotten Blood - Worthless"
        }
    },
    "hotblood_tooltip": {
        "type": "origins:tooltip",
        "item_condition": {
            "type": "origins:and",
            "conditions": [
                {
                    "type": "origins:ingredient",
                    "ingredient": {
                        "item": "minecraft:potion"
                    }
                },
                {
                    "type": "origins:nbt",
                    "nbt": "{HotBloodBottle:1b}"
                }
            ]
        },
        "text": {
            "color": "gold",
            "text": "Hot Blood - Too Hot!"
        }
    },
    "unstable_tooltip": {
        "type": "origins:tooltip",
        "item_condition": {
            "type": "origins:and",
            "conditions": [
                {
                    "type": "origins:ingredient",
                    "ingredient": {
                        "item": "minecraft:potion"
                    }
                },
                {
                    "type": "origins:nbt",
                    "nbt": "{UnstableBloodBottle:1b}"
                }
            ]
        },
        "text": {
            "color": "light_purple",
            "text": "Unstable Blood - Unreliable?"
        }
    },
    "frozen_tooltip": {
        "type": "origins:tooltip",
        "item_condition": {
            "type": "origins:and",
            "conditions": [
                {
                    "type": "origins:ingredient",
                    "ingredient": {
                        "item": "minecraft:potion"
                    }
                },
                {
                    "type": "origins:nbt",
                    "nbt": "{FrozenBloodBottle:1b}"
                }
            ]
        },
        "text": {
            "color": "aqua",
            "text": "Slushy Blood - Too Cold!"
        }
    },
    "poisonous_tooltip": {
        "type": "origins:tooltip",
        "item_condition": {
            "type": "origins:and",
            "conditions": [
                {
                    "type": "origins:ingredient",
                    "ingredient": {
                        "item": "minecraft:potion"
                    }
                },
                {
                    "type": "origins:nbt",
                    "nbt": "{PoisonousBloodBottle:1b}"
                }
            ]
        },
        "text": {
            "color": "dark_green",
            "text": "Toxic Blood - Barely Lethal"
        }
    },
    "golden_tooltip": {
        "type": "origins:tooltip",
        "item_condition": {
            "type": "origins:and",
            "conditions": [
                {
                    "type": "origins:ingredient",
                    "ingredient": {
                        "item": "minecraft:potion"
                    }
                },
                {
                    "type": "origins:nbt",
                    "nbt": "{GoldenBloodBottle:1b}"
                }
            ]
        },
        "text": {
            "color": "gold",
            "text": "Golden Blood - Magical!"
        }
    },
    "consume_golden": {
        "type": "origins:action_on_item_use",
        "entity_action": {
            "type": "origins:and",
            "actions": [
                {
                    "type": "origins:feed",
                    "food": 4,
                    "saturation": 0
                },
                {
                    "type": "apoli:apply_effect",
                    "effects": [
                        {
                            "effect": "minecraft:absorption",
                            "amplifier": 2,
                            "duration": 2400
                        },
                        {
                            "effect": "minecraft:resistance",
                            "duration": 140
                        },
                        {
                            "effect": "minecraft:fire_resistance",
                            "duration": 1200
                        },
                        {
                            "effect": "minecraft:regeneration",
                            "amplifier": 1,
                            "duration": 100
                        }
                    ]
                }
            ]
        },
        "item_condition": {
            "type": "origins:and",
            "conditions": [
                {
                    "type": "origins:nbt",
                    "nbt": "{GoldenBloodBottle: 1b}"
                }
            ]
        }
    },
    "consume_bloodsucker_concentrated": {
        "type": "origins:action_on_item_use",
        "entity_action": {
            "type": "apoli:if_else",
            "condition": {
                "type": "origins:power",
                "power": "bloodsucker:vampirism"
            },
            "if_action": {
                "type": "origins:feed",
                "food": 3,
                "saturation": 0.25
            }
        },
        "item_condition": {
            "type": "origins:and",
            "conditions": [
                {
                    "type": "origins:nbt",
                    "nbt": "{BloodsuckerBloodBottle: 1b}"
                },
                {
                    "type": "origins:nbt",
                    "nbt": "{ConcentratedBlood: 1b}"
                }
            ]
        }
    },
    "consume_human_concentrated": {
        "type": "origins:action_on_item_use",
        "entity_action": {
            "type": "apoli:if_else",
            "condition": {
                "type": "origins:power",
                "power": "bloodsucker:vampirism"
            },
            "if_action": {
                "type": "origins:feed",
                "food": 2,
                "saturation": 0.25
            }
        },
        "item_condition": {
            "type": "origins:and",
            "conditions": [
                {
                    "type": "origins:nbt",
                    "nbt": "{HumanBloodBottle: 1b}"
                },
                {
                    "type": "origins:nbt",
                    "nbt": "{ConcentratedBlood: 1b}"
                }
            ]
        }
    },
    "consume_animal_concentrated": {
        "type": "origins:action_on_item_use",
        "entity_action": {
            "type": "apoli:if_else",
            "condition": {
                "type": "origins:power",
                "power": "bloodsucker:vampirism"
            },
            "if_action": {
                "type": "origins:feed",
                "food": 1,
                "saturation": 0.25
            }
        },
        "item_condition": {
            "type": "origins:and",
            "conditions": [
                {
                    "type": "origins:nbt",
                    "nbt": "{AnimalBloodBottle: 1b}"
                },
                {
                    "type": "origins:nbt",
                    "nbt": "{ConcentratedBlood: 1b}"
                }
            ]
        }
    },
    "consume_undead_concentrated": {
        "type": "origins:action_on_item_use",
        "entity_action": {
            "type": "apoli:if_else",
            "condition": {
                "type": "origins:power",
                "power": "bloodsucker:vampirism"
            },
            "if_action": {
                "type": "origins:feed",
                "food": 1,
                "saturation": 0.5
            }
        },
        "item_condition": {
            "type": "origins:and",
            "conditions": [
                {
                    "type": "origins:nbt",
                    "nbt": "{UndeadBloodBottle: 1b}"
                },
                {
                    "type": "origins:nbt",
                    "nbt": "{ConcentratedBlood: 1b}"
                }
            ]
        }
    },
    "consume_hotblooded_concentrated": {
        "type": "origins:action_on_item_use",
        "entity_action": {
            "type": "origins:and",
            "actions": [
                {
                    "type": "apoli:if_else",
                    "condition": {
                        "type": "origins:power",
                        "power": "bloodsucker:vampirism"
                    },
                    "if_action": {
                        "type": "origins:feed",
                        "food": 3,
                        "saturation": 1
                    }
                },
                {
                    "type": "origins:spawn_particles",
                    "particle": {
                        "type": "minecraft:flame"
                    },
                    "count": 16,
                    "speed": 0.0,
                    "force": false,
                    "spread": {
                        "x": 0.5,
                        "y": 0.25,
                        "z": 0.5
                    }
                },
                {
                    "type": "origins:damage",
                    "amount": 5,
                    "source": {
                        "unblockable": true,
                        "name": "onFire"
                    }
                },
                {
                    "type": "origins:apply_effect",
                    "effect": {
                        "effect": "minecraft:fire_resistance",
                        "duration": 600
                    }
                }
            ]
        },
        "item_condition": {
            "type": "origins:and",
            "conditions": [
                {
                    "type": "origins:nbt",
                    "nbt": "{HotBloodBottle: 1b}"
                },
                {
                    "type": "origins:nbt",
                    "nbt": "{ConcentratedBlood: 1b}"
                }
            ]
        }
    },
    "consume_unstable_concentrated": {
        "type": "origins:action_on_item_use",
        "entity_action": {
            "type": "origins:and",
            "actions": [
                {
                    "type": "apoli:if_else",
                    "condition": {
                        "type": "origins:power",
                        "power": "bloodsucker:vampirism"
                    },
                    "if_action": {
                        "type": "origins:feed",
                        "food": 2,
                        "saturation": 1
                    }
                },
                {
                    "type": "origins:execute_command",
                    "command": "spreadplayers ~ ~ 0 30 under 127 false @s"
                }
            ]
        },
        "item_condition": {
            "type": "origins:and",
            "conditions": [
                {
                    "type": "origins:nbt",
                    "nbt": "{UnstableBloodBottle: 1b}"
                },
                {
                    "type": "origins:nbt",
                    "nbt": "{ConcentratedBlood: 1b}"
                }
            ]
        }
    },
    "consume_frozen_concentrated": {
        "type": "origins:action_on_item_use",
        "entity_action": {
            "type": "origins:and",
            "actions": [
                {
                    "type": "apoli:if_else",
                    "condition": {
                        "type": "origins:power",
                        "power": "bloodsucker:vampirism"
                    },
                    "if_action": {
                        "type": "origins:feed",
                        "food": 3,
                        "saturation": 1
                    }
                },
                {
                    "type": "origins:apply_effect",
                    "effects": [
                        {
                            "amplifier": 1,
                            "effect": "minecraft:weakness",
                            "duration": 200
                        },
                        {
                            "amplifier": 1,
                            "effect": "minecraft:slowness",
                            "duration": 200
                        },
                        {
                            "amplifier": 1,
                            "effect": "minecraft:mining_fatigue",
                            "duration": 200
                        }
                    ]
                },
                {
                    "type": "origins:change_resource",
                    "resource": "*:*_freeze_timer",
                    "change": 200
                }
            ]
        },
        "item_condition": {
            "type": "origins:and",
            "conditions": [
                {
                    "type": "origins:nbt",
                    "nbt": "{FrozenBloodBottle: 1b}"
                },
                {
                    "type": "origins:nbt",
                    "nbt": "{ConcentratedBlood: 1b}"
                }
            ]
        }
    },
    "freeze_timer_aot": {
        "type": "origins:action_over_time",
        "interval": 1,
        "entity_action": {
            "type": "origins:change_resource",
            "resource": "*:*_freeze_timer",
            "change": -1
        }
    },
    "freeze_timer": {
        "type": "origins:resource",
        "min": 0,
        "max": 1200,
        "hud_render": {
            "should_render": false
        }
    },
    "freeze": {
        "type": "origins:freeze",
        "condition": {
            "type": "origins:resource",
            "compare_to": 0,
            "comparison": ">",
            "resource": "*:*_freeze_timer"
        }
    },
    "consume_poisonous_concentrated": {
        "type": "origins:action_on_item_use",
        "entity_action": {
            "type": "origins:and",
            "actions": [
                {
                    "type": "apoli:if_else",
                    "condition": {
                        "type": "origins:power",
                        "power": "bloodsucker:vampirism"
                    },
                    "if_action": {
                        "type": "origins:feed",
                        "food": 3,
                        "saturation": 1
                    }
                },
                {
                    "type": "origins:apply_effect",
                    "effects": [
                        {
                            "effect": "minecraft:wither",
                            "amplifier": 1,
                            "duration": 220
                        },
                        {
                            "effect": "minecraft:nausea",
                            "amplifier": 1,
                            "duration": 220
                        }
                    ]
                }
            ]
        },
        "item_condition": {
            "type": "origins:and",
            "conditions": [
                {
                    "type": "origins:nbt",
                    "nbt": "{PoisonousBloodBottle: 1b}"
                },
                {
                    "type": "origins:nbt",
                    "nbt": "{ConcentratedBlood: 1b}"
                }
            ]
        }
    }
}