{
	"parent": "minecraft:recipes/root",
	"criteria": {
		"has_item": {
			"trigger": "minecraft:inventory_changed",
			"conditions": {
				"items": [
					{
						"items": [
							"minecraft:chorus_flower"
						]
					}
				]
			}
		},
		"has_the_recipe": {
			"trigger": "minecraft:recipe_unlocked",
			"conditions": {
				"recipe": "stellarity:bone_meal_from_chorus_flower"
			}
		}
	},
	"requirements": [
		[
			"has_item",
			"has_the_recipe"
		]
	],
	"rewards": {
		"recipes": [
			"stellarity:bone_meal_from_chorus_flower"
		]
	}
}
