{
	"parent": "minecraft:recipes/root",
	"criteria": {
		"has_item1": {
			"trigger": "minecraft:inventory_changed",
			"conditions": {
				"items": [
					{
						"items": [
							"minecraft:obsidian"
						]
					}
				]
			}
		},
		"has_item2": {
			"trigger": "minecraft:inventory_changed",
			"conditions": {
				"items": [
					{
						"items": [
							"minecraft:popped_chorus_fruit"
						]
					}
				]
			}
		},
		"has_the_recipe": {
			"trigger": "minecraft:recipe_unlocked",
			"conditions": {
				"recipe": "stellarity:crying_obsidian_with_popped_chorus"
			}
		}
	},
	"requirements": [
		[
			"has_item1",
			"has_item2",
			"has_the_recipe"
		]
	],
	"rewards": {
		"recipes": [
			"stellarity:crying_obsidian_with_popped_chorus"
		]
	}
}
