{
    "__comment": "Made with TheDestruc7i0n's advancements generator: https://advancements.thedestruc7i0n.ca",
    "display": {
        "title": {
            "text": "Rift-Velocity",
            "color": "light_purple"
        },
        "description": {
            "text": "Use rift energy to gain velocity while flying."
        },
        "icon": {
            "item": "minecraft:elytra"
        },
        "frame": "task",
        "show_toast": true,
        "announce_to_chat": true,
        "hidden": false
    },
    "criteria": {
        "no": {
            "trigger": "minecraft:impossible"
        }
    },
    "rewards": {
        "experience": 0
    },
    "parent": "orchid:double"
}