{
    "__comment": "Made with TheDestruc7i0n's advancements generator: https://advancements.thedestruc7i0n.ca",
    "display": {
        "title": {
            "text": "Pure Entropee",
            "color": "light_purple"
        },
        "description": {
            "text": "Drink a bottle of Starlight while in Shock."
        },
        "icon": {
            "item": "minecraft:soul_campfire"
        },
        "frame": "task",
        "show_toast": true,
        "announce_to_chat": true,
        "hidden": false
    },
    "criteria": {
        "no": {
            "trigger": "minecraft:impossible"
        }
    },
    "rewards": {
        "experience": 0
    },
    "parent": "orchid:alchemy"
}