{
    "__comment": "Made with TheDestruc7i0n's advancements generator: https://advancements.thedestruc7i0n.ca",
    "display": {
        "title": {
            "text": "Leap of Faith",
            "color": "green"
        },
        "description": {
            "text": "Fall 20 blocks and survive, for fall damage is cringe."
        },
        "icon": {
            "item": "minecraft:feather"
        },
        "frame": "task",
        "show_toast": true,
        "announce_to_chat": true,
        "hidden": false
    },
    "criteria": {
        "no": {
            "trigger": "minecraft:impossible"
        }
    },
    "rewards": {
        "experience": 0
    },
    "parent": "orchid:thestars"
}