{
    "__comment": "Made with TheDestruc7i0n's advancements generator: https://advancements.thedestruc7i0n.ca",
    "display": {
        "title": {
            "text": "Sense of Self",
            "color": "green"
        },
        "description": {
            "text": "Taste your own medicine, by getting Void Sepsis."
        },
        "icon": {
            "item": "minecraft:black_candle"
        },
        "frame": "task",
        "show_toast": true,
        "announce_to_chat": true,
        "hidden": false
    },
    "criteria": {
        "no": {
            "trigger": "minecraft:impossible"
        }
    },
    "rewards": {
        "experience": 0
    },
    "parent": "orchid:sharp"
}