{
    "__comment": "Made with TheDestruc7i0n's advancements generator: https://advancements.thedestruc7i0n.ca",
    "display": {
        "title": {
            "text": "Distracted",
            "color": "green"
        },
        "description": {
            "text": "Cancel Entropic Blink by taking damage mid-stais."
        },
        "icon": {
            "item": "minecraft:iron_bars"
        },
        "frame": "task",
        "show_toast": true,
        "announce_to_chat": true,
        "hidden": false
    },
    "criteria": {
        "no": {
            "trigger": "minecraft:impossible"
        }
    },
    "rewards": {
        "experience": 0
    },
    "parent": "orchid:double"
}