{
    "__comment": "Made with TheDestruc7i0n's advancements generator: https://advancements.thedestruc7i0n.ca",
    "display": {
        "title": {
            "text": "Rift-Powered Punch",
            "color": "green"
        },
        "description": {
            "text": "Punch something with the wrath of infinity."
        },
        "icon": {
            "item": "minecraft:shulker_shell"
        },
        "frame": "task",
        "show_toast": true,
        "announce_to_chat": true,
        "hidden": false
    },
    "criteria": {
        "no": {
            "trigger": "minecraft:impossible"
        }
    },
    "rewards": {
        "experience": 0
    },
    "parent": "orchid:puncture"
}