{
    "__comment": "Made with TheDestruc7i0n's advancements generator: https://advancements.thedestruc7i0n.ca",
    "display": {
        "title": {
            "text": "Infinite Paper Cut",
            "color": "green"
        },
        "description": {
            "text": "Slash an enemy with the force of the cosmos itself."
        },
        "icon": {
            "item": "minecraft:iron_sword"
        },
        "frame": "goal",
        "show_toast": true,
        "announce_to_chat": true,
        "hidden": false
    },
    "criteria": {
        "no": {
            "trigger": "minecraft:impossible"
        }
    },
    "rewards": {
        "experience": 0
    },
    "parent": "orchid:punch"
}