{
    "__comment": "Made with TheDestruc7i0n's advancements generator: https://advancements.thedestruc7i0n.ca",
    "display": {
        "title": {
            "text": "Unwilting",
            "color": "green"
        },
        "description": {
            "text": "Spend 10 seconds in Shock, a truly resiliant hunter."
        },
        "icon": {
            "item": "minecraft:amethyst_cluster"
        },
        "frame": "task",
        "hidden": false,
        "show_toast": true,
        "announce_to_chat": true
    },
    "criteria": {
        "no": {
            "trigger": "minecraft:impossible"
        }
    },
    "rewards": {
        "experience": 0
    },
    "parent": "orchid:shocked"
}