{
    "__comment": "Made with TheDestruc7i0n's advancements generator: https://advancements.thedestruc7i0n.ca",
    "display": {
        "title": {
            "text": "Sparkling Stars",
            "color": "dark_purple"
        },
        "description": {
            "text": "Gain full Starlight, healing yourself to full."
        },
        "icon": {
            "item": "minecraft:nether_star"
        },
        "frame": "challenge",
        "show_toast": true,
        "announce_to_chat": true,
        "hidden": false
    },
    "criteria": {
        "no": {
            "trigger": "minecraft:impossible"
        }
    },
    "rewards": {
        "experience": 0
    },
    "parent": "orchid:root"
}