{
  "pools": [
    {
      "rolls": 1,
      "entries": [
        {
          "type": "minecraft:item",
          "name": "minecraft:map",
          "functions": [
            {
              "function": "minecraft:exploration_map",
              "destination": "bracken:omnidrome_living_palace6",
              "decoration": "red_x",
              "search_radius": 100,
              "zoom": 3,
              "skip_existing_chunks": false
            },
            {
              "function": "minecraft:set_name",
              "name": {
                "translate": "Omnidrome Palace Map",
                "color": "green"
              }
            }
          ]
        }
      ]
    }
  ]
}
