{
    "type": "origins:multiple",
    "name": "§d§nSpatial Blink",
    "description": "You can blink to your airborne §eSupernova Arrow§r while §dcloaked§r, refreshing the remaining duration of §dStardust Cloak§r.",
    "badges": [
        {
            "type": "origins:tooltip",
            "sprite": "origins:textures/gui/badge/active.png",
            "text": [
                {
                    "text": "Tap "
                },
                {
                    "text": "[",
                    "color": "dark_gray"
                },
                {
                    "keybind": "key.origins.secondary_active",
                    "color": "light_purple"
                },
                {
                    "text": "] ",
                    "color": "dark_gray"
                },
                {
                    "text": "to use this ability."
                }
            ]
        }
    ],
    "active": {
        "type": "origins:active_self",
        "key": {
            "key": "key.origins.secondary_active"
        },
        "entity_action": {
            "type": "origins:if_else",
            "condition": {
                "type": "origins:and",
                "conditions": [
                    {
                        "type": "origins:command",
                        "command": "execute if entity @e[type=arrow,tag=vstellarhunter.supernova_arrow,distance=..64]",
                        "compare_to": 1,
                        "comparison": ">="
                    },
                    {
                        "type": "origins:resource",
                        "resource": "*:cloak_cloaked",
                        "compare_to": 0,
                        "comparison": ">"
                    }
                ]
            },
            "if_action": {
                "type": "origins:and",
                "actions": [
                    {
                        "type": "origins:if_else",
                        "condition": {
                            "type": "origins:resource",
                            "resource": "*:*_counter",
                            "compare_to": 1,
                            "comparison": "=="
                        },
                        "if_action": {
                            "type": "origins:damage",
                            "amount": 1,
                            "damage_type": "wither"
                        }
                    },
                    {
                        "type": "origins:change_resource",
                        "resource": "*:*_counter",
                        "change": 1
                    },
                    {
                        "type": "origins:execute_command",
                        "command": "particle dust 1 0 1 1 ~ ~1 ~ 0.4 0.4 0.4 0 25"
                    },
                    {
                        "type": "origins:execute_command",
                        "command": "function vstellarhunter:tp_to_arrow"
                    },
                    {
                        "type": "origins:execute_command",
                        "command": "particle dust 1 0 1 1 ~ ~1 ~ 0.4 0.4 0.4 0 25"
                    },
                    {
                        "type": "origins:execute_command",
                        "command": "playsound entity.enderman.teleport master @s ~ ~ ~"
                    },
                    {
                        "type": "origins:change_resource",
                        "resource": "*:nova_delay",
                        "change": 0,
                        "operation": "set"
                    }
                ]
            }
        }
    },
    "counter": {
        "type": "origins:resource",
        "min": 0,
        "max": 1,
        "hud_render": {
            "should_render": false
        }
    },
    "reset": {
        "type": "origins:action_over_time",
        "interval": 1,
        "falling_action": {
            "type": "origins:change_resource",
            "resource": "*:*_counter",
            "change": -1
        },
        "condition": {
            "type": "origins:resource",
            "resource": "*:cloak_cloaked",
            "compare_to": 0,
            "comparison": "=="
        }
    }
}