{
    "name": "§d⭐ §nStardust Cloak",
    "description": "Your stardust cloak lets you fall slower and increases air velocity until you land.",
    "type": "origins:multiple",
    "cloaked": {
        "type": "origins:resource",
        "min": 0,
        "max": 1,
        "hud_render": {
            "should_render": false
        }
    },
    "particles": {
        "type": "origins:action_over_time",
        "interval": 1,
        "entity_action": {
            "type": "origins:and",
            "actions": [
                {
                    "type": "origins:execute_command",
                    "command": "particle minecraft:end_rod ~ ~1 ~ 0.3 0.4 0.3 0.02 1"
                },
                {
                    "type": "origins:execute_command",
                    "command": "particle minecraft:dust 1 0 1 1 ~ ~1 ~ 0.3 0.4 0.3 0.02 1"
                }
            ]
        },
        "condition": {
            "type": "origins:resource",
            "resource": "*:*_cloaked",
            "compare_to": 1,
            "comparison": "=="
        }
    },
    "land": {
        "type": "origins:action_over_time",
        "interval": 1,
        "condition": {
            "type": "origins:and",
            "conditions": [
                {
                    "type": "origins:or",
                    "conditions": [
                        {
                            "type": "origins:on_block",
                            "block_condition": {
                                "type": "origins:movement_blocking"
                            }
                        },
                        {
                            "type": "origins:in_block",
                            "block_condition": {
                                "type": "origins:fluid",
                                "fluid_condition": {
                                    "type": "origins:empty",
                                    "inverted": true
                                }
                            }
                        },
                        {
                            "type": "origins:climbing"
                        }
                    ]
                },
                {
                    "type": "origins:resource",
                    "resource": "*:cloak_cloaked",
                    "compare_to": 1,
                    "comparison": "=="
                },
                {
                    "type": "origins:resource",
                    "resource": "*:gather_nodissipate",
                    "compare_to": 0,
                    "comparison": "=="
                }
            ]
        },
        "rising_action": {
            "type": "origins:and",
            "actions": [
                {
                    "type": "origins:execute_command",
                    "command": "playsound minecraft:block.amethyst_block.fall master @s ~ ~ ~ 1 1"
                },
                {
                    "type": "origins:execute_command",
                    "command": "particle minecraft:end_rod ~ ~1 ~ 0.2 0.2 0.2 0.13 10"
                },
                {
                    "type": "origins:change_resource",
                    "resource": "*:cloak_cloaked",
                    "change": -1
                }
            ]
        }
    },
    "fall": {
        "type": "origins:modify_falling",
        "velocity": 0.0035,
        "take_fall_damage": false,
        "condition": {
            "type": "origins:resource",
            "resource": "*:*_cloaked",
            "compare_to": 1,
            "comparison": "=="
        }
    },
    "velocity": {
        "type": "origins:modify_velocity",
        "axes": [
            "x",
            "z"
        ],
        "modifier": {
            "value": 0.45,
            "operation": "multiply_total"
        },
        "condition": {
            "type": "origins:resource",
            "resource": "*:*_cloaked",
            "compare_to": 1,
            "comparison": "=="
        }
    }
}