{
    "name": "§c§nCeremonial Clothes",
    "description": "Your civilization forbids hunters from wearing anything but a leather mantle adorned with diamonds, which you start with.",
    "badges": [
        {
            "type": "origins:tooltip",
            "sprite": "origins:textures/gui/badge/info.png",
            "text": "The mantle has 8 Armor. It is unbreakable and doesn't drop on death."
        },
        {
            "type": "origins:tooltip",
            "sprite": "origins:textures/gui/badge/star.png",
            "text": "Any enchantments on the mantle will be erased if you put it on."
        }
    ],
    "type": "origins:multiple",
    "start": {
        "type": "origins:starting_equipment",
        "stack": {
            "item": "leather_chestplate",
            "tag": "{vstellarhunter:1,HideFlags:255,display:{Name:'{\"text\":\"Crescent-Marked Robes\",\"color\":\"#00EEFF\",\"bold\":false,\"italic\":false}',Lore:['{\"text\":\"Reminds you of the moon\\'s tides...\",\"color\":\"#4FF3FF\",\"bold\":false,\"italic\":true}'],color:28671},RepairCost:255,Unbreakable:1b,Enchantments:[{}],Trim:{material:\"minecraft:diamond\",pattern:\"minecraft:tide\"},AttributeModifiers:[{AttributeName:\"generic.armor\",Name:\"generic.armor\",Amount:8,Operation:0,UUID:[I;898866027,-1483586261,-1287562208,-317732955],Slot:\"chest\"}]}}"
        }
    },
    "keep": {
        "type": "origins:keep_inventory",
        "item_condition": {
            "type": "origins:and",
            "conditions": [
                {
                    "type": "apoli:ingredient",
                    "ingredient": {
                        "item": "leather_chestplate"
                    }
                },
                {
                    "type": "origins:nbt",
                    "nbt": "{vstellarhunter:1}"
                }
            ]
        }
    },
    "erase": {
        "type": "origins:action_over_time",
        "interval": 1,
        "entity_action": {
            "type": "origins:modify_inventory",
            "inventory_type": "inventory",
            "slot": "armor.chest",
            "item_action": {
                "type": "origins:merge_nbt",
                "nbt": "{Enchantments:[{}]}"
            }
        }
    },
    "restrict": {
        "type": "origins:restrict_armor",
        "head": {
            "type": "origins:armor_value",
            "compare_to": 0,
            "comparison": ">"
        },
        "chest": {
            "type": "origins:and",
            "inverted": true,
            "conditions": [
                {
                    "type": "apoli:ingredient",
                    "ingredient": {
                        "item": "leather_chestplate"
                    }
                },
                {
                    "type": "origins:nbt",
                    "nbt": "{vstellarhunter:1}"
                }
            ]
        },
        "legs": {
            "type": "origins:armor_value",
            "compare_to": 0,
            "comparison": ">"
        },
        "feet": {
            "type": "origins:armor_value",
            "compare_to": 0,
            "comparison": ">"
        }
    }
}