{
    "name": "§d§nGathering Nebula",
    "description": "While grounded, you can gather stardust around yourself to launch yourself up in the air, surrounding yourself with a §dStardust Cloak§r.",
    "badges": [
        {
            "type": "origins:tooltip",
            "sprite": "origins:textures/gui/badge/active.png",
            "text": [
                {
                    "text": "Hold "
                },
                {
                    "text": "[",
                    "color": "dark_gray"
                },
                {
                    "keybind": "key.origins.primary_active",
                    "color": "light_purple"
                },
                {
                    "text": "] ",
                    "color": "dark_gray"
                },
                {
                    "text": "and release with a full stardust bar to leap into the air."
                }
            ]
        }
    ],
    "type": "origins:multiple",
    "charge": {
        "type": "origins:resource",
        "min": 0,
        "max": 25,
        "hud_render": {
            "should_render": true,
            "bar_index": 0,
            "sprite_location": "origins:textures/gui/community/huang/resource_bar_01.png",
            "condition": {
                "type": "origins:resource",
                "resource": "*:*_charge",
                "compare_to": 0,
                "comparison": ">"
            }
        }
    },
    "holding": {
        "type": "origins:cooldown",
        "cooldown": 4,
        "hud_render": {
            "should_render": false
        }
    },
    "nodissipate": {
        "type": "origins:cooldown",
        "cooldown": 5,
        "hud_render": {
            "should_render": false
        }
    },
    "slow": {
        "type": "origins:modify_attribute",
        "attribute": "minecraft:generic.movement_speed",
        "modifier": {
            "value": -0.4,
            "operation": "multiply_base"
        },
        "condition": {
            "type": "origins:resource",
            "resource": "*:*_holding",
            "compare_to": 0,
            "comparison": ">"
        }
    },
    "release": {
        "type": "origins:action_over_time",
        "interval": 1,
        "condition": {
            "type": "origins:resource",
            "resource": "*:*_holding",
            "compare_to": 0,
            "comparison": "=="
        },
        "rising_action": {
            "type": "origins:if_else",
            "condition": {
                "type": "origins:resource",
                "resource": "*:*_charge",
                "compare_to": 25,
                "comparison": "=="
            },
            "else_action": {
                "type": "origins:change_resource",
                "resource": "*:*_charge",
                "change": 0,
                "operation": "set"
            },
            "if_action": {
                "type": "origins:and",
                "actions": [
                    {
                        "type": "origins:add_velocity",
                        "y": 1.1,
                        "set": true
                    },
                    {
                        "type": "origins:execute_command",
                        "command": "particle end_rod ~ ~1 ~ 0.1 0.1 0.1 0.3 25"
                    },
                    {
                        "type": "origins:execute_command",
                        "command": "playsound minecraft:block.respawn_anchor.deplete master @s"
                    },
                    {
                        "type": "origins:trigger_cooldown",
                        "power": "*:*_nodissipate"
                    },
                    {
                        "type": "origins:change_resource",
                        "resource": "*:cloak_cloaked",
                        "change": 1
                    },
                    {
                        "type": "origins:change_resource",
                        "resource": "*:*_charge",
                        "change": 0,
                        "operation": "set"
                    }
                ]
            }
        }
    },
    "hold": {
        "type": "origins:active_self",
        "key": {
            "key": "key.origins.primary_active",
            "continuous": true
        },
        "condition": {
            "type": "origins:on_block"
        },
        "cooldown": 1,
        "entity_action": {
            "type": "origins:and",
            "actions": [
                {
                    "type": "origins:trigger_cooldown",
                    "power": "*:*_holding"
                },
                {
                    "type": "origins:change_resource",
                    "resource": "*:*_charge",
                    "change": 1
                },
                {
                    "type": "origins:execute_command",
                    "command": "particle minecraft:end_rod ~ ~1 ~ 0.3 0.4 0.3 0.02 3"
                },
                {
                    "type": "origins:execute_command",
                    "command": "particle minecraft:dust 1 0 1 1 ~ ~1 ~ 0.3 0.4 0.3 0.02 3"
                }
            ]
        }
    }
}