{
    "name": "§d§nSupernova Arrow",
    "description": "Charging a bow with §dStardust Cloak§r suspends you in the air. Beginning to charge a bow makes the §dStardust Cloak§r dissipate in 3 seconds. Arrows shot while §dcloaked§r have doubled velocity.",
    "badges": [
        {
            "type": "origins:tooltip",
            "sprite": "minecraft:textures/item/arrow.png",
            "text": "You cannot deal more than 60 damage with §dSupernova Arrows§r."
        }
    ],
    "type": "origins:multiple",
    "max": {
        "type": "origins:modify_projectile_damage",
        "modifier": {
            "value": 60,
            "operation": "max_total"
        },
        "damage_condition": {
            "type": "origins:projectile",
            "projectile": "arrow",
            "projectile_condition": {
                "type": "origins:nbt",
                "nbt": "{Tags:['vstellarhunter.supernova_arrow']}"
            }
        }
    },
    "delay": {
        "type": "origins:cooldown",
        "cooldown": 60,
        "hud_render": {
            "should_render": true,
            "bar_index": 0,
            "sprite_location": "origins:textures/gui/community/huang/resource_bar_01.png"
        }
    },
    "dissipate": {
        "type": "origins:action_over_time",
        "interval": 1,
        "falling_action": {
            "type": "origins:nothing"
        },
        "rising_action": {
            "type": "origins:change_resource",
            "resource": "*:cloak_cloaked",
            "change": -1
        },
        "condition": {
            "type": "origins:resource",
            "resource": "*:*_delay",
            "compare_to": 0,
            "comparison": "=="
        }
    },
    "frozen": {
        "type": "origins:modify_velocity",
        "axes": [
            "x",
            "y",
            "z"
        ],
        "modifier": {
            "value": 0,
            "operation": "set_total"
        },
        "condition": {
            "type": "origins:and",
            "conditions": [
                {
                    "type": "origins:using_item",
                    "item_condition": {
                        "type": "origins:ingredient",
                        "ingredient": {
                            "item": "bow"
                        }
                    }
                },
                {
                    "type": "origins:resource",
                    "resource": "*:cloak_cloaked",
                    "compare_to": 1,
                    "comparison": "=="
                }
            ]
        }
    },
    "bow": {
        "type": "origins:action_over_time",
        "interval": 1,
        "falling_action": {
            "type": "origins:nothing"
        },
        "rising_action": {
            "type": "origins:and",
            "actions": [
                {
                    "type": "origins:trigger_cooldown",
                    "power": "*:*_delay"
                }
            ]
        },
        "condition": {
            "type": "origins:and",
            "conditions": [
                {
                    "type": "origins:using_item",
                    "item_condition": {
                        "type": "origins:ingredient",
                        "ingredient": {
                            "item": "bow"
                        }
                    }
                },
                {
                    "type": "origins:resource",
                    "resource": "*:cloak_cloaked",
                    "compare_to": 1,
                    "comparison": "=="
                },
                {
                    "type": "origins:resource",
                    "resource": "*:*_delay",
                    "compare_to": 0,
                    "comparison": "=="
                }
            ]
        }
    },
    "letgo": {
        "type": "origins:action_over_time",
        "interval": 1,
        "rising_action": {
            "type": "origins:nothing"
        },
        "falling_action": {
            "type": "origins:and",
            "actions": [
                {
                    "type": "origins:execute_command",
                    "command": "function vstellarhunter:kill_own_arrows"
                },
                {
                    "type": "origins:execute_command",
                    "command": "function vstellarhunter:double_own_arrows"
                },
                {
                    "type": "origins:execute_command",
                    "command": "stopsound @s * entity.arrow.shoot"
                }
            ]
        },
        "condition": {
            "type": "origins:and",
            "conditions": [
                {
                    "type": "origins:using_item",
                    "item_condition": {
                        "type": "origins:ingredient",
                        "ingredient": {
                            "item": "bow"
                        }
                    }
                },
                {
                    "type": "origins:resource",
                    "resource": "*:cloak_cloaked",
                    "compare_to": 1,
                    "comparison": "=="
                }
            ]
        }
    }
}