{
    "name": "§d§nStellar Cycle",
    "description": "§eSupernova Arrows§r leave stardust residue on enemies. Landing a melee hit on them grants you §dStar Power§r.",
    "badges": [
        {
            "type": "origins:tooltip",
            "sprite": "origins:textures/gui/badge/info.png",
            "text": "§eStar Power§r grants §a+40% Movement Speed§r and heals §c5❤§r over 4 seconds."
        }
    ],
    "type": "origins:multiple",
    "timer": {
        "type": "origins:cooldown",
        "cooldown": 80,
        "hud_render": {
            "should_render": true,
            "bar_index": 20,
            "sprite_location": "origins:textures/gui/community/huang/resource_bar_01.png"
        }
    },
    "heal": {
        "type": "origins:action_over_time",
        "interval": 1,
        "entity_action": {
            "type": "origins:heal",
            "amount": 0.125
        },
        "condition": {
            "type": "origins:resource",
            "resource": "*:*_timer",
            "compare_to": 0,
            "comparison": ">"
        }
    },
    "spd": {
        "type": "origins:modify_attribute",
        "attribute": "minecraft:generic.movement_speed",
        "modifier": {
            "value": 0.4,
            "operation": "multiply_base"
        },
        "condition": {
            "type": "origins:resource",
            "resource": "*:*_timer",
            "compare_to": 0,
            "comparison": ">"
        }
    },
    "hit": {
        "type": "origins:action_on_hit",
        "damage_condition": {
            "type": "origins:projectile",
            "projectile": "arrow",
            "projectile_condition": {
                "type": "origins:nbt",
                "nbt": "{Tags:['vstellarhunter.supernova_arrow']}"
            }
        },
        "bientity_action": {
            "type": "origins:and",
            "actions": [
                {
                    "type": "origins:target_action",
                    "action": {
                        "type": "origins:grant_power",
                        "power": "vstellarhunter:effects/stardust",
                        "source": "vstellarhunter:nova"
                    }
                },
                {
                    "type": "origins:actor_action",
                    "action": {
                        "type": "origins:execute_command",
                        "command": "playsound block.amethyst_block.resonate master @s"
                    }
                }
            ]
        }
    }
}