{
    "type": "origins:action_when_hit",
    "bientity_action": {
        "type": "origins:target_action",
        "action": {
            "type": "origins:and",
            "actions": [
                {
                    "type": "origins:change_resource",
                    "resource": "*:gather_charge",
                    "change": 0,
                    "operation": "set"
                },
                {
                    "type": "origins:change_resource",
                    "resource": "*:cloak_cloaked",
                    "change": 0,
                    "operation": "set"
                },
                {
                    "type": "origins:execute_command",
                    "command": "playsound minecraft:block.amethyst_cluster.break master @s ~ ~ ~"
                },
                {
                    "type": "origins:execute_command",
                    "command": "particle end_rod ~ ~1 ~ 0.1 0.1 0.1 0.12 5"
                }
            ]
        }
    },
    "bientity_condition": {
        "type": "origins:target_condition",
        "condition": {
            "type": "origins:or",
            "conditions": [
                {
                    "type": "origins:resource",
                    "resource": "*:gather_charge",
                    "compare_to": 0,
                    "comparison": ">"   
                },
                {
                    "type": "origins:resource",
                    "resource": "*:cloak_cloaked",
                    "compare_to": 0,
                    "comparison": ">"   
                }
            ]
        }
    },
    "name": "§c§nScattered Dust",
    "description": "§dGathering Nebula§r's charging will be reset when hit. You will lose your §dStardust Cloak§r when hit."
}