{
    "name": "§e§nBuildup",
    "description": "As long as you are §eJittery§r, your attacks will deal more damage as you hit, maxing out at twice the damage.",
    "badges": [
        {
            "sprite": "minecraft:textures/item/knowledge_book.png",
            "text": "After you have not attacked an opponent for 2 seconds, the §6🗲§r cooldown will trigger."
        },
        {
            "sprite": "minecraft:textures/item/enchanted_book.png",
            "text": "This ability is very impactful if used alongside §bPolar Pause§r's wavelengths."
        }
    ],
    "type": "origins:multiple",
    "resource": {
        "type": "origins:resource",
        "min": 0,
        "max": 2,
        "hud_render": {
            "should_render": false
        }
    },
    "cooldown": {
        "type": "origins:cooldown",
        "cooldown": 40,
        "hud_render": {
            "should_render": false
        }
    },
    "long_cooldown": {
        "type": "origins:cooldown",
        "cooldown": 150,
        "hud_render": {
            "should_render": true,
            "bar_index": 2
        }
    },
    "reset": {
        "type": "origins:action_over_time",
        "entity_action": {
            "type": "origins:and",
            "actions": [
                {
                    "type": "origins:change_resource",
                    "resource": "*:*_resource",
                    "change": 0,
                    "operation": "set"
                },
                {
                    "type": "origins:trigger_cooldown",
                    "power": "*:*_long_cooldown"
                }
            ]
        },
        "interval": 1,
        "condition": {
            "type": "origins:and",
            "conditions": [
                {
                    "type": "origins:resource",
                    "resource": "*:*_cooldown",
                    "comparison": "==",
                    "compare_to": 0
                },
                {
                    "type": "origins:resource",
                    "resource": "*:*_resource",
                    "comparison": ">",
                    "compare_to": 0
                }
            ]
        }
    },
    "start": {
        "type": "origins:action_on_hit",
        "bientity_action": {
            "type": "origins:and",
            "actions": [
                {
                    "type": "origins:actor_action",
                    "action": {
                        "type": "origins:and",
                        "actions": [
                            {
                                "type": "origins:change_resource",
                                "resource": "*:*_resource",
                                "change": 1,
                                "operation": "set"
                            },
                            {
                                "type": "origins:trigger_cooldown",
                                "power": "*:*_cooldown"
                            }
                        ]
                    }
                },
                {
                    "type": "origins:target_action",
                    "action": {
                        "type": "origins:and",
                        "actions": [
                            {

                                "type": "origins:execute_command",
                                "command": "particle dust 0.969 1.000 0.467 1 ~ ~.8 ~ 0.3 -0.6 0.3 1 20"
                            },
                            {
                                "type": "origins:play_sound",
                                "sound": "entity.lightning_bolt.thunder",
                                "pitch": 2
                            }
                        ]
                    }
                }
            ]
        },
        "condition": {
            "type": "origins:and",
            "conditions": [
                {
                    "type": "origins:resource",
                    "resource": "*:*_long_cooldown",
                    "comparison": "==",
                    "compare_to": 0
                },
                {
                    "type": "origins:power",
                    "power": "surge:still",
                    "source": "surge:surge",
                    "inverted": true
                }
            ]
        },
        "cooldown": 1
    },
    "more": {
        "type": "origins:self_action_on_hit",
        "entity_action": {
            "type": "origins:and",
            "actions": [
                {
                    "type": "origins:change_resource",
                    "resource": "*:*_resource",
                    "change": 1,
                    "operation": "add"
                },
                {
                    "type": "origins:trigger_cooldown",
                    "power": "*:*_cooldown"
                }
            ]
        },
        "condition": {
            "type": "origins:and",
            "conditions": [
                {
                    "type": "origins:resource",
                    "resource": "*:*_long_cooldown",
                    "comparison": "==",
                    "compare_to": 0
                },
                {
                    "type": "origins:resource",
                    "resource": "*:*_resource",
                    "comparison": ">=",
                    "compare_to": 1
                },
                {
                    "type": "origins:power",
                    "power": "surge:still",
                    "source": "surge:surge",
                    "inverted": true
                }
            ]
        },
        "cooldown": 1
    },
    "modify1": {
        "type": "origins:modify_attribute",
        "attribute": "minecraft:generic.attack_damage",
        "modifier": {
            "operation": "multiply_base",
            "value": 0.5
        },
        "condition": {
            "type": "origins:resource",
            "resource": "*:*_resource",
            "comparison": "==",
            "compare_to": 1
        }
    },
    "modify2": {
        "type": "origins:modify_attribute",
        "attribute": "minecraft:generic.attack_damage",
        "modifier": {
            "operation": "multiply_base",
            "value": 1
        },
        "condition": {
            "type": "origins:resource",
            "resource": "*:*_resource",
            "comparison": "==",
            "compare_to": 2
        }
    }
}