{
    "type": "origins:multiple",
    "fall": {
        "type": "origins:invulnerability",
        "damage_condition": {
            "type": "origins:name",
            "name": "fall"
        }
    },
    "land": {
        "type": "origins:action_on_land",
        "entity_action": {
            "type": "origins:and",
            "actions": [
                {
                    "type": "origins:delay",
                    "action": {
                        "type": "origins:revoke_power",
                        "power": "surge:fall_immunity",
                        "source": "surge:surge"
                    },
                    "ticks": 1
                },
                {
                    "type": "origins:execute_command",
					"command": "particle minecraft:dust 0.969 1.000 0.467 1 ~ ~ ~ 0.6 -0.4 0.6 1 20"
				},
				{
					"type": "origins:execute_command",
					"command": "particle minecraft:electric_spark ~ ~ ~ 0.6 -0.4 0.6 0 10"
                }
            ]
        }
    }
}