{
    "name": "§e§nPure Expression",
    "description": "Your form is artificial, and you are unable to heal based on food. Your natural regeneration is disabled, and you can only heal by becoming §bStill§r, but you don't exhaust.",
    "type": "origins:multiple",
    "exhaustion": {
        "type": "origins:modify_exhaustion",
        "modifier": {
            "operation": "set_total",
            "value": 0
        }
    },
    "funny": {
        "type": "origins:modify_food",
        "always_edible": true
    },
    "just_in_case": {
        "type": "origins:invulnerability",
        "damage_condition": {
            "type": "origins:name",
            "name": "starve"
        }
    },
    "regen":{
        "type": "origins:disable_regen"
    }
}