{
    "name": "§e§nJittery",
    "description": "You constantly shake, an indication of your flow of power. You sprint faster, jump higher and swing faster while §eJittery§r.",
    "type": "origins:multiple",
    "milkshakebringboys": {
        "type": "origins:shaking",
        "condition": {
            "type": "origins:power",
            "power": "surge:still",
            "source": "surge:surge",
            "inverted": true
        }
    },
    "jump": {
        "type": "origins:modify_jump",
        "modifier": {
            "operation": "multiply_base",
            "value": 0.50
        }
    },
    "speed": {
        "type": "origins:modify_attribute",
        "attribute": "minecraft:generic.movement_speed",
        "modifier": {
            "operation": "multiply_base",
            "value": 0.50
        },
        "condition": {
            "type": "origins:sprinting"
        }
    },
    "attackspeed": {
        "type": "origins:modify_attribute",
        "attribute": "minecraft:generic.attack_speed",
        "modifier": {
            "operation": "multiply_base",
            "value": 0.25
        },
        "condition": {
            "type": "origins:power",
            "power": "surge:still",
            "source": "surge:surge",
            "inverted": true
        }
    },
    "armor": {
        "type": "origins:modify_attribute",
        "attribute": "minecraft:generic.armor",
        "modifier": {
            "operation": "set_total",
            "value": 0
        },
        "condition": {
            "type": "origins:power",
            "power": "surge:still",
            "source": "surge:surge",
            "inverted": true
        }
    },
    "tuff": {
        "type": "origins:modify_attribute",
        "attribute": "minecraft:generic.armor_toughness",
        "modifier": {
            "operation": "set_total",
            "value": 0
        },
        "condition": {
            "type": "origins:power",
            "power": "surge:still",
            "source": "surge:surge",
            "inverted": true
        }
    },
    "particles_passive": {
        "type": "origins:particle",
        "particle": {
            "type": "minecraft:dust",
            "params": "0.969 1.000 0.467 1"
        },
        "frequency": 3,
        "condition": {
            "type": "origins:and",
            "conditions": [
                {
                    "type": "origins:invisible",
                    "inverted": true
                },
                {
                    "type": "origins:sprinting",
                    "inverted": true
                },
                {
                    "type": "origins:fall_flying",
                    "inverted": true
                }
            ]
        }
    },
    "sprinting_particles_passive": {
        "type": "origins:particle",
        "particle": {
            "type": "minecraft:dust",
            "params": "0.969 1.000 0.467 1"
        },
        "frequency": 1,
        "condition": {
            "type": "origins:and",
            "conditions": [
                {
                    "type": "origins:invisible",
                    "inverted": true
                },
                {
                    "type": "origins:or",
                    "conditions": [
                        {
                            "type": "origins:sprinting"
                        },
                        {
                            "type": "origins:fall_flying"
                        }
                    ]
                }
            ]
        }
    },
    "spark_passive": {
        "type": "origins:particle",
        "particle": {
            "type": "minecraft:electric_spark"
        },
        "frequency": 3,
        "condition": {
            "type": "origins:and",
            "conditions": [
                {
                    "type": "origins:invisible",
                    "inverted": true
                },
                {
                    "type": "origins:sprinting",
                    "inverted": true
                },
                {
                    "type": "origins:fall_flying",
                    "inverted": true
                }
            ]
        }
    },
    "sprinting_spark_passive": {
        "type": "origins:particle",
        "particle": {
            "type": "minecraft:electric_spark"
        },
        "frequency": 1,
        "condition": {
            "type": "origins:and",
            "conditions": [
                {
                    "type": "origins:invisible",
                    "inverted": true
                },
                {
                    "type": "origins:or",
                    "conditions": [
                        {
                            "type": "origins:sprinting"
                        },
                        {
                            "type": "origins:fall_flying"
                        }
                    ]
                }
            ]
        }
    },
    "fall":{
        "type": "origins:invulnerability",
        "damage_condition": {
            "type": "origins:name",
            "name": "fall"
        },
        "condition": {
            "type": "origins:fall_distance",
            "compare_to": 6,
            "comparison": "<="
        }
    }
}