{
    "type": "origins:multiple",
    "no": {
        "type": "origins:modify_attribute",
        "attribute": "minecraft:generic.movement_speed",
        "modifier": {
            "operation": "multiply_total",
            "value": -0.55
        }
    },
    "revoke": {
        "type": "origins:action_over_time",
        "interval": 60,
        "entity_action": {
            "type": "origins:revoke_power",
            "power": "surge:no_sprint",
            "source": "surge:surge"
        }
    },
    "zzzz":{
        "type": "origins:particle",
        "particle": {
            "type": "minecraft:electric_spark"
        },
        "frequency": 1,
        "condition": {
            "type": "origins:and",
            "conditions": [
                {
                    "type": "origins:invisible",
                    "inverted": true
                }
            ]
        }
    }
}