{
    "name": "§e§nPolar Pause",
    "description": "Activating §3[Primary]§r will block your energy paths, §bStilling§r you. During this state, you can't move and can only use precise wavelengths to traverse, but your body is a lot more suitable for taking hits.",
    "badges": [
        {
            "sprite": "minecraft:textures/item/knowledge_book.png",
            "text": "You can regain your §eJitters§r by being attacked, activating §3[Primary]§r again, or teleporting."
        },
        {
            "sprite": "minecraft:textures/item/enchanted_book.png",
            "text": "You can effectively use this ability to escape combat and heal, or tank a bit of damage."
        }
    ],
    "type": "origins:multiple",
    "activate": {
        "type": "origins:active_self",
        "entity_action": {
            "type": "origins:and",
            "actions": [
                {
                    "type": "origins:grant_power",
                    "power": "surge:still",
                    "source": "surge:surge"
                },
                {
                    "type": "origins:execute_command",
                    "command": "particle dust 0.969 1.000 0.467 1 ~ ~.8 ~ 0.3 -0.6 0.3 1 20"
                },
                {
                    "type": "origins:play_sound",
                    "sound": "block.ender_chest.close",
                    "pitch": 2
                },
                {
                    "type": "origins:play_sound",
                    "sound": "block.respawn_anchor.deplete",
                    "pitch": 1.76
                },
                {
                    "type": "origins:trigger_cooldown",
                    "power": "surge:pulse_2"
                }
            ]
        },
        "condition": {
            "type": "origins:and",
            "conditions": [
                {
                    "type": "origins:power",
                    "power": "surge:still",
                    "source": "surge:surge",
                    "inverted": true
                },
                {
                    "type": "origins:resource",
                    "resource": "*:pulse_2",
                    "compare_to": 0,
                    "comparison": "=="
                },
                {
                    "type": "origins:power",
                    "power": "surge:no_sprint",
                    "source": "surge:surge",
                    "inverted": true
                }
            ]
        }
    },
    "cooldown": {
        "type": "origins:cooldown",
        "cooldown": 100,
        "hud_render": {
            "sprite_location": "origins:textures/gui/community/spiderkolo/resource_bar_01.png",
            "bar_index": 2
        }
    },
    "2": {
        "type": "origins:cooldown",
        "cooldown": 20,
        "hud_render": {
            "sprite_location": "origins:textures/gui/community/spiderkolo/resource_bar_01.png",
            "bar_index": 2,
            "should_render": false
        }
    }
}