{
    "type": "origins:multiple",
    "overlay": {
        "type": "origins:overlay",
        "texture": "minecraft:textures/misc/nausea.png",
        "strength": 0.4,
        "red": 0.5725490196,
        "green": 0.87450980392,
        "blue": 0.96470588235,
        "draw_mode": "nausea",
        "draw_phase": "above_hud",
        "hide_with_hud": false,
        "visible_in_third_person": false
    },
    "color": {
        "type": "origins:model_color",
        "red": 0.5725490196,
        "green": 0.87450980392,
        "blue": 0.96470588235
    },
    "frozen": {
        "type": "origins:modify_velocity",
        "axes": [
            "x",
            "y",
            "z"
        ],
        "modifier": {
            "operation": "set_total",
            "value": 0
        }
    },
    "glow": {
        "type": "origins:self_glow",
        "bientity_condition": {
            "type": "origins:can_see"
        },
        "use_teams": false,
        "red": 0.5725490196,
        "green": 0.87450980392,
        "blue": 0.96470588235
    },
    "zzz": {
        "type": "origins:particle",
        "particle": {
            "type": "minecraft:electric_spark"
        },
        "frequency": 1,
        "condition": {
            "type": "origins:and",
            "conditions": [
                {
                    "type": "origins:invisible",
                    "inverted": true
                }
            ]
        }
    },
    "tp": {
        "type": "origins:active_self",
        "entity_action": {
            "type": "origins:and",
            "actions": [
                {
                    "type": "origins:raycast",
                    "distance": 30,
                    "block": true,
                    "entity": true,
                    "shape_type": "visual",
                    "fluid_handling": "none",
                    "miss_action": {
                        "type": "origins:and",
                        "actions": [
                            {
                                "type": "origins:execute_command",
                                "command": "execute anchored eyes run tp @s ^ ^ ^30"
                            },
                            {
                                "type": "origins:extinguish"
                            },
                            {
                                "type": "origins:execute_command",
                                "command": "particle dust 0.725 0.984 0.945 1 ~ ~.8 ~ 0.3 -0.6 0.3 1 20"
                            },
                            {
                                "type": "origins:execute_command",
                                "command": "particle flash ~ ~.8 ~ 0.3 -0.6 0.3 1 1"
                            },
                            {
                                "type": "origins:set_fall_distance",
                                "fall_distance": 0
                            },
                            {
                                "type": "origins:revoke_power",
                                "power": "surge:still",
                                "source": "surge:surge"
                            },
                            {
                                "type": "origins:grant_power",
                                "power": "surge:fall_immunity",
                                "source": "surge:surge"
                            },
                            {
                                "type": "origins:play_sound",
                                "sound": "entity.lightning_bolt.thunder",
                                "pitch": 1.45
                            },
                            {
                                "type": "origins:add_velocity",
                                "set": true
                            },
                            {
                                "type": "origins:if_else",
                                "condition": {
                                    "type": "origins:fall_flying"
                                },
                                "if_action": {
                                    "type": "origins:and",
                                    "actions": [
                                        {
                                            "type": "origins:add_velocity",
                                            "z": 0.889999,
                                            "space": "local"
                                        }
                                    ]
                                }
                            },
                            {
                                "type": "origins:trigger_cooldown",
                                "power": "surge:pulse_cooldown"
                            },
                            {
                                "type": "origins:area_of_effect",
                                "radius": 6,
                                "bientity_action": {
                                    "type": "origins:and",
                                    "actions": [
                                        {
                                            "type": "origins:target_action",
                                            "action": {
                                                "type": "origins:and",
                                                "actions": [
                                                    {
                                                        "type": "origins:add_velocity",
                                                        "z": 0.7,
                                                        "y": 0.2,
                                                        "space": "velocity"
                                                    },
                                                    {
                                                        "type": "origins:execute_command",
                                                        "command": "particle dust 0.969 1.000 0.467 1 ~ ~.8 ~ 0.3 -0.6 0.3 1 20"
                                                    },
                                                    {
                                                        "type": "origins:execute_command",
                                                        "command": "particle electric_spark ~ ~.8 ~ 0.3 -0.6 0.3 1 20"
                                                    }
                                                ]
                                            
                                            }
                                        },
                                        {
                                            "type": "origins:damage",
                                            "amount": 5,
                                            "source": {
                                                "name": "lightningBolt",
                                                "bypasses_armor": false,
                                                "unblockable": false
                                            }
                                        }
                                    ]
                                },
                                "bientity_condition": {
                                    "type": "origins:target_condition",
                                    "condition": {
                                        "type": "origins:living"
                                    }
                                }
                            }
                        ]
                    },
                    "hit_action": {
                        "type": "origins:and",
                        "actions": [
                            {
                                "type": "origins:extinguish"
                            },
                            {
                                "type": "origins:set_fall_distance",
                                "fall_distance": 0
                            },
                            {
                                "type": "origins:execute_command",
                                "command": "particle dust 0.725 0.984 0.945 1 ~ ~.8 ~ 0.3 -0.6 0.3 1 20"
                            },
                            {
                                "type": "origins:execute_command",
                                "command": "particle flash ~ ~.8 ~ 0.3 -0.6 0.3 1 1"
                            },
                            {
                                "type": "origins:revoke_power",
                                "power": "surge:still",
                                "source": "surge:surge"
                            },
                            {
                                "type": "origins:grant_power",
                                "power": "surge:fall_immunity",
                                "source": "surge:surge"
                            },
                            {
                                "type": "origins:play_sound",
                                "sound": "entity.lightning_bolt.thunder",
                                "pitch": 1.45
                            },
                            {
                                "type": "origins:add_velocity",
                                "set": true
                            },
                            {
                                "type": "origins:trigger_cooldown",
                                "power": "surge:pulse_cooldown"
                            },
                            {
                                "type": "origins:if_else",
                                "condition": {
                                    "type": "origins:fall_flying"
                                },
                                "if_action": {
                                    "type": "origins:and",
                                    "actions": [
                                        {
                                            "type": "origins:add_velocity",
                                            "z": 0.889999,
                                            "space": "local"
                                        }
                                    ]
                                }
                            },
                            {
                                "type": "origins:area_of_effect",
                                "radius": 6,
                                "bientity_action": {
                                    "type": "origins:and",
                                    "actions": [
                                        {
                                            "type": "origins:target_action",
                                            "action": {
                                                "type": "origins:and",
                                                "actions": [
                                                    {
                                                        "type": "origins:add_velocity",
                                                        "z": 0.7,
                                                        "y": 0.2,
                                                        "space": "velocity"
                                                    },
                                                    {
                                                        "type": "origins:execute_command",
                                                        "command": "particle dust 0.969 1.000 0.467 1 ~ ~.8 ~ 0.3 -0.6 0.3 1 20"
                                                    },
                                                    {
                                                        "type": "origins:execute_command",
                                                        "command": "particle electric_spark ~ ~.8 ~ 0.3 -0.6 0.3 1 20"
                                                    }
                                                ]
                                            }
                                        },
                                        {
                                            "type": "origins:damage",
                                            "amount": 5,
                                            "source": {
                                                "name": "lightningBolt",
                                                "bypasses_armor": false,
                                                "unblockable": false
                                            }
                                        }
                                    ]
                                },
                                "bientity_condition": {
                                    "type": "origins:target_condition",
                                    "condition": {
                                        "type": "origins:living"
                                    }
                                }
                            }
                        ]
                    },
                    "command_step": 0.1,
                    "command_at_hit": "tp @s ~ ~ ~",
                    "command_along_ray": "particle dust 0.969 1.000 0.467 1 ~ ~ ~ 0 0 0 1 0 force"
                }
            ]
        },
        "key": {
            "key": "key.jump"
        },
        "condition": {
            "type": "origins:and",
            "conditions": [
                {
                    "type": "origins:resource",
                    "resource": "*:pulse_cooldown",
                    "compare_to": 0,
                    "comparison": "=="
                }
            ]
        }
    },
    "regen": {
        "type": "origins:action_over_time",
        "interval": 20,
        "entity_action": {
            "type": "origins:and",
            "actions": [
                {
                    "type": "origins:heal",
                    "amount": 2
                },
                {
                    "type": "origins:execute_command",
                    "command": "particle dust 0.969 1.000 0.467 1 ~ ~.8 ~ 0.3 -0.6 0.3 1 20"
                },
                {
                    "type": "origins:execute_command",
                    "command": "particle electric_spark ~ ~.8 ~ 0.3 -0.6 0.3 1 20"
                }
            ]
        },
        "condition": {
            "type": "origins:relative_health",
            "compare_to": 1,
            "comparison": "!="
        }
    },
    "exit": {
        "type": "origins:active_self",
        "entity_action": {
            "type": "origins:and",
            "actions": [
                {
                    "type": "origins:execute_command",
                    "command": "particle dust 0.725 0.984 0.945 1 ~ ~.8 ~ 0.3 -0.6 0.3 1 20"
                },
                {
                    "type": "origins:execute_command",
                    "command": "particle flash ~ ~.8 ~ 0.3 -0.6 0.3 1 1"
                },
                {
                    "type": "origins:revoke_power",
                    "power": "surge:still",
                    "source": "surge:surge"
                },
                {
                    "type": "origins:grant_power",
                    "power": "surge:fall_immunity",
                    "source": "surge:surge"
                },
                {
                    "type": "origins:play_sound",
                    "sound": "entity.lightning_bolt.thunder",
                    "pitch": 1.45
                },
                {
                    "type": "origins:play_sound",
                    "sound": "item.trident.thunder",
                    "pitch": 2
                },
                {
                    "type": "origins:add_velocity",
                    "set": true
                },
                {
                    "type": "origins:trigger_cooldown",
                    "power": "surge:pulse_2"
                }
            ]
        },
        "key": {
            "key": "key.origins.primary_active"
        },
        "condition": {
            "type": "origins:resource",
            "resource": "*:pulse_2",
            "compare_to": 0,
            "comparison": "=="
        }
    }
}