{
    "name": "§e§nZapped Out",
    "description": "Being attacked will reset your §6Buildup§r, and temporarily slow your movement speed. If you are §bStill§r, it will rejuvenate you and prevent you from becoming §bStill§r temporarily.",
    "type": "origins:multiple",
    "hit": {
        "type": "origins:action_when_hit",
        "bientity_action": {
            "type": "origins:target_action",
            "action": {
                "type": "origins:and",
                "actions": [
                    {
                        "type": "origins:if_else",
                        "condition": {
                            "type": "origins:power",
                            "power": "surge:still",
                            "source": "surge:surge"
                        },
                        "if_action": {
                            "type": "origins:revoke_power",
                            "power": "surge:still",
                            "source": "surge:surge"
                        },
                        "else_action": {
                            "type": "origins:if_else",
                            "condition": {
                                "type": "origins:resource",
                                "resource": "*:buildup_resource",
                                "comparison": ">",
                                "compare_to": 0
                            },
                            "if_action": {
                                "type": "origins:and",
                                "actions": [
                                    {
                                        "type": "origins:change_resource",
                                        "resource": "*:buildup_resource",
                                        "change": 0,
                                        "operation": "set"
                                    },
                                    {
                                        "type": "origins:trigger_cooldown",
                                        "power": "*:buildup_long_cooldown"
                                    }
                                ]
                            }
                        }
                    },
                    {
                        "type": "origins:trigger_cooldown",
                        "power": "*:*_cooldown"
                    },
                    {
                        "type": "origins:grant_power",
                        "power": "surge:no_sprint",
                        "source": "surge:surge"
                    }
                ]
            }
        }
    },
    "cooldown": {
        "type": "origins:cooldown",
        "cooldown": 60,
        "hud_render": {
            "should_render": true,
            "inverted": true,
            "bar_index": 8,
            "sprite_location": "origins:textures/gui/community/spiderkolo/resource_bar_02.png"
        }
    }
}