{
    "name": "Blinding Strike",
	"description": "You inflict blindness and slowness I on hit for 3 seconds.",
	"type": "origins:target_action_on_hit",
    "entity_action": {
        "type": "origins:apply_effect",
        "effect": {
            "effect": "minecraft:blindness",
            "amplifier": 0,
            "duration": 60
        }
    },
    "cooldown": 160,
    "hud_render": {
        "should_render": true,
        "sprite_location": "origins:textures/gui/community/spiderkolo/resource_bar_01.png",
			"bar_index": 17
    }
}