{
  "type": "origins:action_over_time",
  "entity_action": {
    "type": "origins:and",
    "actions": [
    {
    "type": "origins:apply_effect",
    "effect": {
      "effect": "minecraft:speed",
      "duration": 20,
      "show_particles": false,
	  "show_icon": false,
      "amplifier": 0
    }
    }
    ]
        
  },
  "interval": 10,
  "condition": {
        "type": "origins:in_block",
        "block_condition": {
            "type": "origins:light_level",
            "comparison": "<",
            "compare_to": 9
        }
    },
  "hidden": true
  
}