{    
    "name": "Nightfall",
	"description": "Blanket the area in darkness and vanish into the shadows. Afflicts nearby entities with blindness and slowness III for 3 seconds.",
	   "type": "origins:active_self",
    "entity_action": {
        "type": "origins:and",
        "actions": [
            {
                "type": "origins:execute_command",
                "command": "effect give @e[distance=..10] minecraft:darkness 5 0 false",
                "permission_level": 4
            },
			{
                "type": "origins:execute_command",
                "command": "effect give @e[distance=..10] minecraft:blindness 3 0 true",
                "permission_level": 4
            },
			{
                "type": "origins:execute_command",
                "command": "effect give @e[distance=..10] minecraft:slowness 3 2 true",
                "permission_level": 4
            },
			{ 
			    "type": "origins:execute_command",
                "command":"effect clear @s minecraft:slowness",
				"permission_level": 4
			},
			{ 
			    "type": "origins:execute_command",
                "command":"effect clear @s minecraft:blindness",
				"permission_level": 4
			},
			{
				"type": "origins:execute_command",
                "command":"playsound minecraft:entity.warden.sonic_boom ambient @a ~ ~ ~",
				"permission_level": 4
			}
			]
	},
	"cooldown": 400,
	"key": {
		"key": "key.origins.primary_active",
		"continuous": false
	},
	"hud_render": {
		"sprite_location": "origins:textures/gui/community/spiderkolo/resource_bar_02.png",
		"should_render": true,
		"bar_index": 23
	}
}