{
    "name": "Photosensitive",
    "description": "You are blind in light levels of 14+ unless you have a pumpkin equipped, and you can only sleep in light levels of 4 or below.",
    "type": "origins:multiple",
    "blindness": {
        "condition": {
            "type": "origins:and",
            "conditions": [
                {
                    "inverted": true,
                    "type": "origins:equipped_item",
                    "equipment_slot": "head",
                    "item_condition": {
						"type": "origins:ingredient",
						"ingredient": {
							"item": "minecraft:carved_pumpkin"
							}
						}
					},
                {
			"type": "origins:in_block",
        "block_condition": {
            "type": "origins:light_level",
            "comparison": ">=",
            "compare_to": 14
			}
			}
            ]
        },
        "type": "origins:stacking_status_effect",
        "min_stacks": 0,
        "max_stacks": 1,
        "duration_per_stack": 40,
        "tick_rate": 5,
        "effect": {
            "effect": "blindness",
            "duration": 40,
            "amplifier": 0,
            "show_particles": false,
            "show_icon": true
        }
    },
    "removeblindness": {
        "condition": {
            "type": "origins:and",
            "conditions": [
                {
                    "type": "origins:equipped_item",
                    "equipment_slot": "head",
                    "item_condition": {
						"type": "origins:ingredient",
						"ingredient": {
							"item": "minecraft:carved_pumpkin"
							}
						}
                }
            ]
        },
        "type": "origins:action_over_time",
        "interval": 4,
        "entity_action": {
            "type": "origins:clear_effect",
            "effect": "blindness"
        }
    }
}