{
	"name": "Shadow Lurker",
	"description": "You can become invisible while in light levels of 7 or below. You will be invisible as long as the meter is half full, but tread lightly; Moving will gradually use up the meter, light will rapidly drain it and taking even small hits will kick you out of invisibility entirely.",
	"type": "origins:multiple",
	"trans": {
		"type": "origins:invisibility",
		"render_armor": false,
		"condition": {
			"type": "origins:resource",
			"resource": "*:*_move",
			"comparison": ">=",
			"compare_to": 200
		}
	},
	"move": {
		"type": "origins:resource",
		"min": 0,
		"max": 400,
		"start_value": 0,
		"hud_render": {
			"should_render": true,
			"sprite_location": "origins:textures/gui/community/huang/resource_bar_02.png",
			"bar_index": 1
		}
	},
	"add": {
		"type": "origins:action_over_time",
		"entity_action": {
			"type": "origins:change_resource",
			"resource": "*:*_move",
			"change": 2
		},
		"interval": 1,
		"condition": {
			"type": "origins:moving",
			"inverted": true
		}
	},
	"damage": {
		"type": "origins:self_action_when_hit",
		"entity_action": {
			"type": "origins:change_resource",
			"resource": "*:*_move",
			"change": -400
		},
		"interval": 1,
		"damage_condition": {
			"type": "origins:amount",
			"comparison": ">=",
			"compare_to": 4
		}
	},
	"light": {
		"type": "origins:action_over_time",
		"entity_action": {
			"type": "origins:change_resource",
			"resource": "*:*_move",
			"change": -25
		},
		"interval": 1,
		"condition": {
			"type": "origins:in_block",
        "block_condition": {
            "type": "origins:light_level",
            "comparison": ">",
            "compare_to": 7
			}
		}
	},
	"movement": {
		"type": "origins:action_over_time",
		"entity_action": {
			"type": "origins:change_resource",
			"resource": "*:*_move",
			"change": -2
		},
		"interval": 1,
		"condition": {
			"type": "origins:moving"
		}
	},
	"sneaking": {
		"type": "origins:action_over_time",
		"entity_action": {
			"type": "origins:change_resource",
			"resource": "*:*_move",
			"change": 5
		},
		"interval": 4,
		"condition": {
			"type": "origins:sneaking"
		}
	},
	"sprinting": {
		"type": "origins:action_over_time",
		"entity_action": {
			"type": "origins:change_resource",
			"resource": "*:*_move",
			"change": -2
		},
		"interval": 2,
		"condition": {
			"type": "origins:sprinting"
		}
	}
}