{
    "powers": [
        "umbra:vein",
        "umbra:warp",
        "umbra:punch",
        "umbra:mystique",
        "umbra:shroud",
        "umbra:fury",
        "umbra:immersion",
        "umbra:footsteps",
        "umbra:rapid_life",
        "umbra:instability",
        "umbra:credits",
        "umbra:pfx"
    ],
    "icon": {
        "item": "minecraft:purple_stained_glass"
    },
    "order": 3,
    "impact": 3,
    "name": "Umbra",
    "description": "Shrouded in mystery, these strange wanderers slip through space to catch their enemy off guard."
}