{
    "values": [
        {
			"id": "minecraft:bat",
			"required": false
		},
		{
			"id": "minecraft:chicken",
			"required": false
		},
		{
			"id": "minecraft:cod",
			"required": false
		},
		{
			"id": "minecraft:cow",
			"required": false
		},
		{
			"id": "minecraft:donkey",
			"required": false
		},
		{
			"id": "minecraft:fox",
			"required": false
		},
		{
			"id": "minecraft:horse",
			"required": false
		},
		{
			"id": "minecraft:mooshroom",
			"required": false
		},
		{
			"id": "minecraft:mule",
			"required": false
		},
		{
			"id": "minecraft:ocelot",
			"required": false
		},
		{
			"id": "minecraft:panda",
			"required": false
		},
		{
			"id": "minecraft:parrot",
			"required": false
		},
		{
			"id": "minecraft:pig",
			"required": false
		},
		{
			"id": "minecraft:rabbit",
			"required": false
		},
		{
			"id": "minecraft:sheep",
			"required": false
		},
		{
			"id": "minecraft:salmon",
			"required": false
		},
		{
			"id": "minecraft:squid",
			"required": false
		},
		{
			"id": "minecraft:strider",
			"required": false
		},
		{
			"id": "minecraft:turtle",
			"required": false
		},
		{
			"id": "minecraft:tropical_fish",
			"required": false
		}
    ]
}