{
    "hidden": true,
    "type": "origins:multiple",
    "change_1_5": {
        "type": "origins:active_self",
        "entity_action": {
            "type": "origins:and",
            "actions": [
                {
                    "type": "origins:execute_command",
                    "command": "particle minecraft:dust 1 1 0 1 ~ ~1 ~ 1 1 1 1 100",
                    "permission_level": 4
                },
                {
                    "type": "origins:execute_command",
                    "command": "playsound minecraft:ui.button.click player @a[distance=..20] ~ ~ ~ 100 1",
                    "permission_level": 4
                },
                {
                    "type": "origins:swing_hand",
                    "hand": "MAIN_HAND"
                },
                {
                    "type": "origins:change_resource",
                    "resource": "adapt:resources_attributes",
                    "change": 1
                }
            ]
        },
        "hud_render": {
            "should_render": false,
            "sprite_location": "origins:textures/gui/community/huang/resource_bar_01.png",
            "bar_index": 8
        },
        "cooldown": 1,
        "key": {
            "key": "key.origins.primary_active"
        },
        "condition": {
            "type": "origins:resource",
            "resource": "adapt:resources_attributes",
            "comparison": "<=",
            "compare_to": 7
        }
    },
    "change_7": {
        "type": "origins:active_self",
        "entity_action": {
            "type": "origins:and",
            "actions": [
                {
                    "type": "origins:execute_command",
                    "command": "particle minecraft:dust 1 1 0 1 ~ ~1 ~ 1 1 1 1 100",
                    "permission_level": 4
                },
                {
                    "type": "origins:execute_command",
                    "command": "playsound minecraft:ui.button.click player @a[distance=..20] ~ ~ ~ 100 1",
                    "permission_level": 4
                },
                {
                    "type": "origins:swing_hand",
                    "hand": "MAIN_HAND"
                },
                {
                    "type": "origins:change_resource",
                    "resource": "adapt:resources_attributes",
                    "change": 1,
                    "operation": "set"
                }
            ]
        },
        "hud_render": {
            "should_render": false,
            "sprite_location": "origins:textures/gui/community/huang/resource_bar_01.png",
            "bar_index": 8
        },
        "cooldown": 1,
        "key": {
            "key": "key.origins.primary_active"
        },
        "condition": {
            "type": "origins:resource",
            "resource": "adapt:resources_attributes",
            "comparison": "==",
            "compare_to": 7
        }
    },
    "title_1_2": {
        "type": "origins:action_over_time",
        "interval": 1,
        "rising_action": {
            "type": "origins:execute_command",
            "command": "title @s actionbar [\"\",{\"text\":\"+Strength \",\"color\":\"dark_green\"},{\"text\":\"-Resistance\",\"color\":\"red\"}]"
        },
        "condition": {
            "type": "origins:resource",
            "resource": "adapt:resources_attributes",
            "comparison": "==",
            "compare_to": 1
        }
    },
    "title_1_3": {
        "type": "origins:action_over_time",
        "interval": 1,
        "rising_action": {
            "type": "origins:execute_command",
            "command": "title @s actionbar [\"\",{\"text\":\"+Strength \",\"color\":\"dark_green\"},{\"text\":\"-Agility\",\"color\":\"red\"}]"
        },
        "condition": {
            "type": "origins:resource",
            "resource": "adapt:resources_attributes",
            "comparison": "==",
            "compare_to": 2
        }
    },
    "title_2_1": {
        "type": "origins:action_over_time",
        "interval": 1,
        "rising_action": {
            "type": "origins:execute_command",
            "command": "title @s actionbar [\"\",{\"text\":\"+Resistance \",\"color\":\"dark_green\"},{\"text\":\"-Strength\",\"color\":\"red\"}]"
        },
        "condition": {
            "type": "origins:resource",
            "resource": "adapt:resources_attributes",
            "comparison": "==",
            "compare_to": 3
        }
    },
    "title_2_3": {
        "type": "origins:action_over_time",
        "interval": 1,
        "rising_action": {
            "type": "origins:execute_command",
            "command": "title @s actionbar [\"\",{\"text\":\"+Resistance \",\"color\":\"dark_green\"},{\"text\":\"-Agility\",\"color\":\"red\"}]"
        },
        "condition": {
            "type": "origins:resource",
            "resource": "adapt:resources_attributes",
            "comparison": "==",
            "compare_to": 4
        }
    },
    "title_3_1": {
        "type": "origins:action_over_time",
        "interval": 1,
        "rising_action": {
            "type": "origins:execute_command",
            "command": "title @s actionbar [\"\",{\"text\":\"+Agility \",\"color\":\"dark_green\"},{\"text\":\"-Strength\",\"color\":\"red\"}]"
        },
        "condition": {
            "type": "origins:resource",
            "resource": "adapt:resources_attributes",
            "comparison": "==",
            "compare_to": 5
        }
    },
    "title_3_2": {
        "type": "origins:action_over_time",
        "interval": 1,
        "rising_action": {
            "type": "origins:execute_command",
            "command": "title @s actionbar [\"\",{\"text\":\"+Agility \",\"color\":\"dark_green\"},{\"text\":\"-Resistance\",\"color\":\"red\"}]"
        },
        "condition": {
            "type": "origins:resource",
            "resource": "adapt:resources_attributes",
            "comparison": "==",
            "compare_to": 6
        }
    }
}