{
    "hidden": true,
    "type": "origins:multiple",
    "attributes": {
        "type": "origins:resource",
        "min": 0,
        "max": 7,
        "start_value": 1,
        "hud_render": {
            "should_render": false,
            "sprite_location": "origins:textures/gui/community/huang/resource_bar_01.png",
            "bar_index": 21
        }
    },
    "cooldown": {
        "type": "origins:resource",
        "min": 0,
        "max": 1,
        "start_value": 1,
        "hud_render": {
            "should_render": false,
            "sprite_location": "origins:textures/gui/community/huang/resource_bar_01.png",
            "bar_index": 21
        }
    },
    "cooldown_timer": {
        "type": "origins:action_over_time",
        "interval": 3600,
        "entity_action": {
            "type": "origins:and",
            "actions": [
                {
                    "type": "origins:change_resource",
                    "resource": "adapt:resources_cooldown",
                    "change": 1
                },
                {
                    "type": "origins:execute_command",
                    "command": "particle minecraft:dust 0 1 0 1 ~ ~1 ~ 1 1 1 1 100",
                    "permission_level": 4
                },
                {
                    "type": "origins:execute_command",
                    "command": "particle minecraft:entity_effect ~ ~ ~ 0.6 0.9 0.6 1 100",
                    "permission_level": 4
                },
                {
                    "type": "origins:execute_command",
                    "command": "title @s actionbar [\"\",{\"text\":\"You can adapt again.\",\"color\":\"dark_green\"}]"
                }
            ]
        },
        "condition": {
            "type": "origins:resource",
            "resource": "adapt:resources_cooldown",
            "comparison": "==",
            "compare_to": 0
        }
    },
    "projectiles_duration_timer": {
        "type": "origins:action_over_time",
        "interval": 1200,
        "entity_action": {
            "type": "origins:and",
            "actions": [
                {
                    "type": "origins:execute_command",
                    "command": "particle minecraft:dust 1 0 0 1 ~ ~1 ~ 1 1 1 1 100",
                    "permission_level": 4
                },
                {
                    "type": "origins:execute_command",
                    "command": "particle minecraft:entity_effect ~ ~ ~ 0.6 0.9 0.6 1 100",
                    "permission_level": 4
                },
                {
                    "type": "origins:change_resource",
                    "resource": "adapt:resources_projectiles",
                    "change": -1
                },
                {
                    "type": "origins:execute_command",
                    "command": "title @s actionbar [\"\",{\"text\":\"You're no longer adapted.\",\"color\":\"dark_red\"}]"
                }
            ]
        },
        "condition": {
            "type": "origins:resource",
            "resource": "adapt:resources_projectiles",
            "comparison": "==",
            "compare_to": 1
        }
    },
    "projectiles": {
        "type": "origins:resource",
        "min": 0,
        "max": 1,
        "start_value": 0,
        "hud_render": {
            "should_render": false,
            "sprite_location": "origins:textures/gui/community/huang/resource_bar_01.png",
            "bar_index": 21
        }
    },
    "explosions_duration_timer": {
        "type": "origins:action_over_time",
        "interval": 1200,
        "entity_action": {
            "type": "origins:and",
            "actions": [
                {
                    "type": "origins:execute_command",
                    "command": "particle minecraft:dust 1 0 0 1 ~ ~1 ~ 1 1 1 1 100",
                    "permission_level": 4
                },
                {
                    "type": "origins:execute_command",
                    "command": "particle minecraft:entity_effect ~ ~ ~ 0.6 0.9 0.6 1 100",
                    "permission_level": 4
                },
                {
                    "type": "origins:change_resource",
                    "resource": "adapt:resources_explosions",
                    "change": -1
                },
                {
                    "type": "origins:execute_command",
                    "command": "title @s actionbar [\"\",{\"text\":\"You're no longer adapted.\",\"color\":\"dark_red\"}]"
                }
            ]
        },
        "condition": {
            "type": "origins:resource",
            "resource": "adapt:resources_explosions",
            "comparison": "==",
            "compare_to": 1
        }
    },
    "explosions": {
        "type": "origins:resource",
        "min": 0,
        "max": 1,
        "start_value": 0,
        "hud_render": {
            "should_render": false,
            "sprite_location": "origins:textures/gui/community/huang/resource_bar_01.png",
            "bar_index": 21
        }
    },
    "fire_duration_timer": {
        "type": "origins:action_over_time",
        "interval": 1200,
        "entity_action": {
            "type": "origins:and",
            "actions": [
                {
                    "type": "origins:execute_command",
                    "command": "particle minecraft:dust 1 0 0 1 ~ ~1 ~ 1 1 1 1 100",
                    "permission_level": 4
                },
                {
                    "type": "origins:execute_command",
                    "command": "particle minecraft:entity_effect ~ ~ ~ 0.6 0.9 0.6 1 100",
                    "permission_level": 4
                },
                {
                    "type": "origins:change_resource",
                    "resource": "adapt:resources_fire",
                    "change": -1
                },
                {
                    "type": "origins:execute_command",
                    "command": "title @s actionbar [\"\",{\"text\":\"You're no longer adapted.\",\"color\":\"dark_red\"}]"
                }
            ]
        },
        "condition": {
            "type": "origins:resource",
            "resource": "adapt:resources_fire",
            "comparison": "==",
            "compare_to": 1
        }
    },
    "fire": {
        "type": "origins:resource",
        "min": 0,
        "max": 1,
        "start_value": 0,
        "hud_render": {
            "should_render": false,
            "sprite_location": "origins:textures/gui/community/huang/resource_bar_01.png",
            "bar_index": 21
        }
    },
    "fall_duration_timer": {
        "type": "origins:action_over_time",
        "interval": 1200,
        "entity_action": {
            "type": "origins:and",
            "actions": [
                {
                    "type": "origins:execute_command",
                    "command": "particle minecraft:dust 1 0 0 1 ~ ~1 ~ 1 1 1 1 100",
                    "permission_level": 4
                },
                {
                    "type": "origins:execute_command",
                    "command": "particle minecraft:entity_effect ~ ~ ~ 0.6 0.9 0.6 1 100",
                    "permission_level": 4
                },
                {
                    "type": "origins:change_resource",
                    "resource": "adapt:resources_fall",
                    "change": -1
                },
                {
                    "type": "origins:execute_command",
                    "command": "title @s actionbar [\"\",{\"text\":\"You're no longer adapted.\",\"color\":\"dark_red\"}]"
                }
            ]
        },
        "condition": {
            "type": "origins:resource",
            "resource": "adapt:resources_fall",
            "comparison": "==",
            "compare_to": 1
        }
    },
    "fall": {
        "type": "origins:resource",
        "min": 0,
        "max": 1,
        "start_value": 0,
        "hud_render": {
            "should_render": false,
            "sprite_location": "origins:textures/gui/community/huang/resource_bar_01.png",
            "bar_index": 21
        }
    },
    "magic_duration_timer": {
        "type": "origins:action_over_time",
        "interval": 1200,
        "entity_action": {
            "type": "origins:and",
            "actions": [
                {
                    "type": "origins:execute_command",
                    "command": "particle minecraft:dust 1 0 0 1 ~ ~1 ~ 1 1 1 1 100",
                    "permission_level": 4
                },
                {
                    "type": "origins:execute_command",
                    "command": "particle minecraft:entity_effect ~ ~ ~ 0.6 0.9 0.6 1 100",
                    "permission_level": 4
                },
                {
                    "type": "origins:change_resource",
                    "resource": "adapt:resources_magic",
                    "change": -1
                },
                {
                    "type": "origins:execute_command",
                    "command": "title @s actionbar [\"\",{\"text\":\"You're no longer adapted.\",\"color\":\"dark_red\"}]"
                }
            ]
        },
        "condition": {
            "type": "origins:resource",
            "resource": "adapt:resources_magic",
            "comparison": "==",
            "compare_to": 1
        }
    },
    "magic": {
        "type": "origins:resource",
        "min": 0,
        "max": 1,
        "start_value": 0,
        "hud_render": {
            "should_render": false,
            "sprite_location": "origins:textures/gui/community/huang/resource_bar_01.png",
            "bar_index": 21
        }
    },
    "freezing_duration_timer": {
        "type": "origins:action_over_time",
        "interval": 1200,
        "entity_action": {
            "type": "origins:and",
            "actions": [
                {
                    "type": "origins:execute_command",
                    "command": "particle minecraft:dust 1 0 0 1 ~ ~1 ~ 1 1 1 1 100",
                    "permission_level": 4
                },
                {
                    "type": "origins:execute_command",
                    "command": "particle minecraft:entity_effect ~ ~ ~ 0.6 0.9 0.6 1 100",
                    "permission_level": 4
                },
                {
                    "type": "origins:change_resource",
                    "resource": "adapt:resources_freezing",
                    "change": -1
                },
                {
                    "type": "origins:execute_command",
                    "command": "title @s actionbar [\"\",{\"text\":\"You're no longer adapted.\",\"color\":\"dark_red\"}]"
                }
            ]
        },
        "condition": {
            "type": "origins:resource",
            "resource": "adapt:resources_freezing",
            "comparison": "==",
            "compare_to": 1
        }
    },
    "freezing": {
        "type": "origins:resource",
        "min": 0,
        "max": 1,
        "start_value": 0,
        "hud_render": {
            "should_render": false,
            "sprite_location": "origins:textures/gui/community/huang/resource_bar_01.png",
            "bar_index": 21
        }
    },
    "lightning_duration_timer": {
        "type": "origins:action_over_time",
        "interval": 1200,
        "entity_action": {
            "type": "origins:and",
            "actions": [
                {
                    "type": "origins:execute_command",
                    "command": "particle minecraft:dust 1 0 0 1 ~ ~1 ~ 1 1 1 1 100",
                    "permission_level": 4
                },
                {
                    "type": "origins:execute_command",
                    "command": "particle minecraft:entity_effect ~ ~ ~ 0.6 0.9 0.6 1 100",
                    "permission_level": 4
                },
                {
                    "type": "origins:change_resource",
                    "resource": "adapt:resources_lightning",
                    "change": -1
                },
                {
                    "type": "origins:execute_command",
                    "command": "title @s actionbar [\"\",{\"text\":\"You're no longer adapted.\",\"color\":\"dark_red\"}]"
                }
            ]
        },
        "condition": {
            "type": "origins:resource",
            "resource": "adapt:resources_lightning",
            "comparison": "==",
            "compare_to": 1
        }
    },
    "lightning": {
        "type": "origins:resource",
        "min": 0,
        "max": 1,
        "start_value": 0,
        "hud_render": {
            "should_render": false,
            "sprite_location": "origins:textures/gui/community/huang/resource_bar_01.png",
            "bar_index": 21
        }
    },
    "living_duration_timer": {
        "type": "origins:action_over_time",
        "interval": 600,
        "entity_action": {
            "type": "origins:and",
            "actions": [
                {
                    "type": "origins:execute_command",
                    "command": "particle minecraft:dust 1 0 0 1 ~ ~1 ~ 1 1 1 1 100",
                    "permission_level": 4
                },
                {
                    "type": "origins:execute_command",
                    "command": "particle minecraft:entity_effect ~ ~ ~ 0.6 0.9 0.6 1 100",
                    "permission_level": 4
                },
                {
                    "type": "origins:change_resource",
                    "resource": "adapt:resources_living",
                    "change": -1
                },
                {
                    "type": "origins:execute_command",
                    "command": "title @s actionbar [\"\",{\"text\":\"You're no longer adapted.\",\"color\":\"dark_red\"}]"
                }
            ]
        },
        "condition": {
            "type": "origins:resource",
            "resource": "adapt:resources_living",
            "comparison": "==",
            "compare_to": 1
        }
    },
    "living": {
        "type": "origins:resource",
        "min": 0,
        "max": 1,
        "start_value": 0,
        "hud_render": {
            "should_render": false,
            "sprite_location": "origins:textures/gui/community/huang/resource_bar_01.png",
            "bar_index": 21
        }
    }
}