{
  "spawners": {
    "water_ambient": [],
    "ambient": [],
    "misc": [],
    "water_creature": [],
    "creature": [],
    "monster": []
  },
  "spawn_costs": {},
  "carvers": {
    "air": []
  },
  "features": [
    [],
    [
      "bracken:sanctum/rubble2",
      "bracken:sanctum/rubble"
    ],
    [
      "minecraft:basalt_pillar"
    ],
    [
      "bracken:sanctum/city_tree1"
    ],
    [
      "bracken:sanctum/city_tree2"
    ],
    [],
    [],
    [
      "bracken:sanctum/city_junk"
    ],
    [],
    [
      "minecraft:spring_water",
      "bracken:sanctum/gray_blobs",
      "bracken:sanctum/deepslate_blobs",
      "bracken:sanctum/blackstone_blobs"
    ],
    [
      "minecraft:freeze_top_layer"
    ]
  ],
  "temperature": 0.95,
  "downfall": 0.1,
  "effects": {
    "fog_color": 15227970,
    "water_color": 16146734,
    "water_fog_color": 11414808,
    "grass_color": 13882581,
    "sky_color": 7943472,
    "foliage_colour": 13882581,
    "particle": {
      "options": {
        "type": "minecraft:white_ash"
      },
      "probability": 0.218093334
    },
    "mood_sound": {
      "sound": "minecraft:block.bell.resonate",
      "tick_delay": 600,
      "block_search_extent": 8,
      "offset": 2
    },
    "additions_sound": {
      "sound": "minecraft:ambient.basalt_deltas.loop",
      "tick_chance": 0.01
    },
    "music": {
      "sound": "minecraft:music.nether.soul_sand_valley",
      "min_delay": 12000,
      "max_delay": 24000,
      "replace_current_music": false
    }
  },
  "has_precipitation": false
}
