{
    "type": "origins:stacking_status_effect",
    "name": "Crying Purple",
    "description": "Crying obsidian is a natural repellant to your magic. When near crying obsidian, you'll be debuffed.",
    "badges": [
         {
            "type": "origins:tooltip",
            "sprite": "minecraft:textures/item/soul_campfire.png",
            "text": "Exclusive to Soul Form"
        },
        {
            "type": "origins:tooltip",
            "sprite": "origins:textures/gui/badge/info.png",
            "text": "Debuffs include:\n- You quickly lose souls\n- You deal less damage\n- You mine slower\n- You move slower\n- You have an intrusive purple overlay"
        }
    ],
    "min_stacks": -5,
    "max_stacks": 30,
    "duration_per_stack": 10,
    "effects": [
        {
            "effect": "minecraft:mining_fatigue",
            "is_ambient": true,
            "show_particles": false,
            "show_icon": true
        },
        {
            "effect": "minecraft:weakness",
            "is_ambient": true,
            "show_particles": false,
            "show_icon": true
        },
        {
            "effect": "minecraft:blindness",
            "is_ambient": true,
            "show_particles": false,
            "show_icon": true
        }
    ],
    "condition": {
        "type": "origins:and",
        "conditions": [
            {
                "type": "origins:block_in_radius",
                "block_condition": {
                    "type": "origins:in_tag",
                    "tag": "hellchained:crying"
                },
                "radius": 7,
                "shape": "cube",
                "comparison": ">=",
                "compare_to": 1
            },
            {
                "type": "origins:resource",
                "resource": "*:manifestation_current_form",
                "comparison": "==",
                "compare_to": 2
            }
        ]
    }
}