{
    "type": "origins:prevent_death",
    "name": "Contingency Plan",
    "description": "You can sacrifice your absorbed souls to save your life while in your soul form.",
    "badges": [
         {
            "type": "origins:tooltip",
            "sprite": "minecraft:textures/item/soul_campfire.png",
            "text": "Exclusive to Soul Form"
        },
        {
            "type": "origins:tooltip",
            "sprite": "origins:textures/gui/badge/info.png",
            "text": "If you would die without enough souls, you go back to your body instead."
        }
    ],
    "entity_action": {
        "type": "origins:if_else",
        "condition": {
            "type": "origins:resource",
            "resource": "*:souls",
            "comparison": ">=",
            "compare_to": 10
        },
        "if_action": {
            "type": "origins:and",
            "actions": [
                {
                    "type": "origins:heal",
                    "amount": 6
                },
                {
                    "type": "origins:change_resource",
                    "resource": "*:souls",
                    "change": -10
                }
            ]
        },
        "else_action": {
            "type": "origins:and",
            "actions": [
                {
                    "type": "origins:change_resource",
                    "resource": "*:souls",
                    "operation": "set",
                    "change": 0
                },
                {
                    "type": "origins:change_resource",
                    "resource": "*:*_current_form",
                    "operation": "set",
                    "change": 1
                },
                {
                    "type": "origins:play_sound",
                    "sound": "minecraft:block.respawn_anchor.deplete",
                    "pitch": 0.2
                },
                {
                    "type": "origins:execute_command",
                    "command": "function hellchained:manifestation/demanifest"
                }
            ]
        }
    },
    "condition": {
        "type": "origins:resource",
        "resource": "*:manifestation_current_form",
        "comparison": "==",
        "compare_to": 2
    }
}