{
    "type": "origins:modify_damage_taken",
    "name": "Environmental Immunity",
    "description": "Due to your incorporeal form, you are immune to most types of environmental damage.",
    "badges": [
          {
            "type": "origins:tooltip",
            "sprite": "minecraft:textures/item/soul_campfire.png",
            "text": "Exclusive to Soul Form"
        }
    ],
    "damage_condition": {
        "type": "origins:or",
        "conditions": [
            {
                "type": "origins:name",
                "name": "anvil"
            },
            {
                "type": "origins:name",
                "name": "cactus"
            },
            {
                "type": "origins:name",
                "name": "cramming"
            },
            {
                "type": "origins:name",
                "name": "drown"
            },
            {
                "type": "origins:name",
                "name": "fall"
            },
            {
                "type": "origins:name",
                "name": "fallingBlock"
            },
            {
                "type": "origins:name",
                "name": "fallingStalactite"
            },
            {
                "type": "origins:name",
                "name": "stalagmite"
            },
            {
                "type": "origins:name",
                "name": "flyIntoWall"
            },
            {
                "type": "origins:name",
                "name": "freeze"
            },
            {
                "type": "origins:fire"
            },
            {
                "type": "origins:name",
                "name": "sweetberryBush"
            }
        ]
    },
    "modifier": {
        "operation": "multiply_total",
        "value": -1
    },
    "condition": {
        "type": "origins:resource",
        "resource": "*:manifestation_current_form",
        "comparison": "==",
        "compare_to": 2
    }
}