{
    "type": "origins:multiple",
    "name": "Floaty Form",
    "description": "You jump much higher, fall much slower, and get knocked back further.",
    "badges": [
        {
            "type": "origins:tooltip",
            "sprite": "minecraft:textures/item/soul_campfire.png",
            "text": "Exclusive to Soul Form"
        }
    ],
    "jump": {
        "type": "origins:modify_jump",
        "modifier": {
            "operation": "addition",
            "value": 0.532
        },
        "entity_action": {
            "type": "origins:execute_command",
            "command": "particle cloud ~ ~ ~ 0.3 0.3 0.3 0.01 16 normal @a"
        },
        "condition": {
            "type": "origins:resource",
            "resource": "*:manifestation_current_form",
            "comparison": "==",
            "compare_to": 2
        }
    },
    "slow_falling": {
        "type": "apoli:modify_falling",
        "velocity": 0.01,
        "take_fall_damage": false,
        "condition": {
            "type": "origins:and",
            "conditions": [
                {
                    "type": "origins:or",
                    "conditions": [
                        {
                            "type": "origins:and",
                            "conditions": [
                                {
                                    "type": "origins:sneaking"
                                },
                                {
                                    "type": "origins:fall_flying"
                                }
                            ]
                        },
                        {
                            "type": "origins:and",
                            "conditions": [
                                {
                                    "type": "origins:sneaking",
                                    "inverted": true
                                },
                                {
                                    "type": "origins:fall_flying",
                                    "inverted": true
                                }
                            ]
                        }
                    ]
                },
                {
                    "type": "origins:resource",
                    "resource": "*:manifestation_current_form",
                    "comparison": "==",
                    "compare_to": 2
                }
            ]
        }
    },
    "lightweight": {
        "type": "origins:action_when_hit",
        "damage_condition": {
            "type": "origins:attacker",
            "entity_condition": {
                "type": "origins:exists"
            }
        },
        "bientity_action": {
            "type": "origins:add_velocity",
            "z": 2
        },
        "condition": {
            "type": "origins:resource",
            "resource": "*:manifestation_current_form",
            "comparison": "==",
            "compare_to": 2
        }
    }
}