{
    "type": "origins:conditioned_attribute",
    "name": "Fragile Form",
    "description": "Your soul form is unstable and weak, and you have less health as a result.",
    "badges": [
        {
            "type": "origins:tooltip",
            "sprite": "minecraft:textures/item/soul_campfire.png",
            "text": "Exclusive to Soul Form"
        }
    ],
    "interval": 5,
    "modifier": {
        "attribute": "minecraft:generic.max_health",
        "value": -6,
        "operation": "addition"
    },
    "condition": {
        "type": "origins:resource",
        "resource": "*:manifestation_current_form",
        "comparison": "==",
        "compare_to": 2
    }
}