{
    "type": "origins:phasing",
    "name": "Permeable",
    "description": "You can walk through pressure plates, tripwires, doors, and other traps without affecting them.",
    "badges": [
        {
            "type": "origins:tooltip",
            "sprite": "minecraft:textures/item/soul_campfire.png",
            "text": "Exclusive to Soul Form"
        }
    ],
    "blacklist": false,
    "render_type": "none",
    "view_distance": 10,
    "block_condition": {
        "type": "origins:in_tag",
        "tag": "*:trap_blocks"
    },
    "condition": {
        "type": "origins:resource",
        "resource": "*:manifestation_current_form",
        "comparison": "==",
        "compare_to": 2
    }
}