{
    "type": "origins:multiple",
    "hidden": true,
    "overlay1": {
        "type": "origins:overlay",
        "texture": "minecraft:textures/misc/nausea.png",
        "strength": 0.25,
        "red": 0.53725490196,
        "green": 0.69803921568,
        "blue": 0.96078431372,
        "draw_mode": "nausea",
        "draw_phase": "below_hud",
        "hide_with_hud": false,
        "visible_in_third_person": false,
        "condition": {
            "type": "origins:and",
            "conditions": [
                {
                    "type": "origins:resource",
                    "resource": "*:manifestation_current_form",
                    "comparison": "==",
                    "compare_to": 2
                },
                {
                    "type": "origins:block_in_radius",
                    "block_condition": {
                        "type": "origins:in_tag",
                        "tag": "hellchained:crying"
                    },
                    "radius": 15,
                    "shape": "cube",
                    "comparison": "==",
                    "compare_to": 0
                }
            ]
        }
    },
    "crying": {
        "type": "origins:overlay",
        "texture": "minecraft:textures/misc/nausea.png",
        "strength": 1,
        "red": 0.5,
        "green": 0,
        "blue": 0.6,
        "draw_mode": "nausea",
        "draw_phase": "below_hud",
        "hide_with_hud": false,
        "visible_in_third_person": false,
        "condition": {
            "type": "origins:and",
            "conditions": [
                {
                    "type": "origins:resource",
                    "resource": "*:manifestation_current_form",
                    "comparison": "==",
                    "compare_to": 2
                },
                {
                    "type": "origins:block_in_radius",
                    "block_condition": {
                        "type": "origins:in_tag",
                        "tag": "hellchained:crying"
                    },
                    "radius": 15,
                    "shape": "cube",
                    "comparison": ">=",
                    "compare_to": 1
                }
            ]
        }
    }
}