{
	"type": "origins:multiple",
	"name": "Master of the Forge",
	"description": "You are able to craft blast furnaces using only stone and coal. You even know a secret netherite alloy, requiring half as much netherite scrap per ingot.",
	"furnace_crafting": {
		"type": "origins:recipe",
		"recipe": {
			"id": "dwarf:dwarven_smelting/furnace_crafting",
			"type": "minecraft:crafting_shaped",
			"pattern": [
				"###",
				"#C#",
				"###"
			],
			"key": {
				"#": {
					"tag": "minecraft:stone_tool_materials"
				},
				"C": {
					"tag": "minecraft:coals"
				}
			},
			"result": {
				"item": "minecraft:blast_furnace",
				"count": 1
			}
		}
	},
	"alloy_forging": {
		"type": "origins:recipe",
		"recipe": {
			"id": "dwarf:dwarven_smelting/alloy_forging",
			"type": "minecraft:crafting_shapeless",
			"ingredients": [
				{
					"item": "minecraft:netherite_scrap"
				},
				{
					"item": "minecraft:netherite_scrap"
				},
				{
					"item": "minecraft:iron_ingot"
				},
				{
					"item": "minecraft:iron_ingot"
				},
				{
					"item": "minecraft:gold_ingot"
				},
				{
					"item": "minecraft:gold_ingot"
				},
				{
					"item": "minecraft:copper_ingot"
				},
				{
					"item": "minecraft:copper_ingot"
				}
			],
			"result": {
				"item": "minecraft:netherite_ingot",
				"count": 1
			}
		}
	}
}
