{
	"type": "origins:multiple",
	"name": "Dwarven Engineering",
	"description": "You are able to upgrade iron golems, netherite will make them more compact and fire resistant, golden apples will cause them to automatically repair.",
	"regen": {
		"type": "origins:action_on_entity_use",
		"bientity_action": {
			"type": "origins:target_action",
			"action": {
				"type": "origins:and",
				"actions": [
					{
						"type": "origins:heal",
						"amount": 25
					},
					{
						"type": "origins:grant_power",
						"power": "dwarf:golem_regen",
						"source": "dwarf:dwarf"
					}
				]
			}
		},
		"bientity_condition": {
			"type": "origins:target_condition",
			"condition": {
				"type": "origins:entity_type",
				"entity_type": "minecraft:iron_golem"
			}
		},
		"held_item_action": {
			"type": "origins:consume",
			"amount": 1
		},
		"item_condition": {
			"type": "origins:ingredient",
			"ingredient": {
				"item": "minecraft:golden_apple"
			}
		}
	},
	"fire_resist": {
		"type": "origins:action_on_entity_use",
		"bientity_action": {
			"type": "origins:target_action",
			"action": {
				"type": "origins:and",
				"actions": [
					{
						"type": "origins:heal",
						"amount": 25
					},
					{
						"type": "origins:grant_power",
						"power": "origins:fire_immunity",
						"source": "origins:origins"
					},
					{
						"type": "origins:grant_power",
						"power": "dwarf:size_hitbox",
						"source": "dwarf:dwarf"
					}
				]
			}
		},
		"bientity_condition": {
			"type": "origins:target_condition",
			"condition": {
				"type": "origins:entity_type",
				"entity_type": "minecraft:iron_golem"
			}
		},
		"held_item_action": {
			"type": "origins:consume",
			"amount": 1
		},
		"item_condition": {
			"type": "origins:ingredient",
			"ingredient": {
				"item": "minecraft:netherite_ingot"
			}
		}
	}
}