{
	"credit": "Made with Blockbench",
	"textures": {
		"particle": "manic:entity/paracusia/additional/cackler",
		"layer0": "manic:entity/paracusia/additional/cackler"
	},
	"elements": [
		{
			"from": [-8, 0, 8],
			"to": [24, 32, 8],
			"faces": {
				"north": {"uv": [0, 0, 16, 16], "texture": "#layer0"},
				"east": {"uv": [0, 0, 0, 16], "texture": "#missing"},
				"south": {"uv": [0, 0, 16, 16], "texture": "#layer0"},
				"west": {"uv": [0, 0, 0, 16], "texture": "#missing"},
				"up": {"uv": [0, 0, 16, 0], "texture": "#missing"},
				"down": {"uv": [0, 0, 16, 0], "texture": "#missing"}
			}
		}
	]
}