{
	"credit": "Made with Blockbench",
	"texture_size": [64, 64],
	"textures": {
		"0": "manic:block/keeper_head",
		"particle": "manic:block/keeper_head"
	},
	"elements": [
		{
			"name": "Head",
			"from": [0, 6, 0],
			"to": [16, 30, 16],
			"rotation": {"angle": 0, "axis": "y", "origin": [8, 18, 8]},
			"faces": {
				"north": {"uv": [12, 4, 16, 10], "texture": "#0"},
				"east": {"uv": [8, 4, 4, 10], "texture": "#0"},
				"south": {"uv": [8, 4, 12, 10], "texture": "#0"},
				"west": {"uv": [4, 4, 8, 10], "texture": "#0"},
				"up": {"uv": [0, 0, 4, 4], "texture": "#0"},
				"down": {"uv": [4, 0, 8, 4], "texture": "#0"}
			}
		},
		{
			"name": "Beard",
			"from": [-1, -11, 3],
			"to": [17, 7, 3],
			"rotation": {"angle": 0, "axis": "y", "origin": [8, 5, 3]},
			"faces": {
				"north": {"uv": [0, 10, 4.5, 14.5], "texture": "#0"},
				"east": {"uv": [0, 0, 0, 0], "texture": "#0"},
				"south": {"uv": [4.5, 10, 0, 14.5], "texture": "#0"},
				"west": {"uv": [0, 0, 0, 0], "texture": "#0"},
				"up": {"uv": [0, 0, 0, 0], "texture": "#0"},
				"down": {"uv": [0, 0, 0, 0], "texture": "#0"}
			}
		}
	]
}