{
	"credit": "Made with Blockbench, Modeller: ElBones",
	"parent": "minecraft:block/cube",
	"texture_size": [64, 64],
	"textures": {
		"0": "manic:block/anirrum_altar/main",
		"particle": "manic:block/anirrum_altar/particles"
	},
	"elements": [
		{
			"name": "Bottom",
			"from": [2, 0, 2],
			"to": [14, 9, 14],
			"rotation": {"angle": 0, "axis": "y", "origin": [8, 4.5, 8]},
			"faces": {
				"north": {"uv": [13, 3, 16, 5.25], "texture": "#0"},
				"east": {"uv": [13, 3, 16, 5.25], "texture": "#0"},
				"south": {"uv": [13, 3, 16, 5.25], "texture": "#0"},
				"west": {"uv": [13, 3, 16, 5.25], "texture": "#0"},
				"down": {"uv": [13, 0, 16, 3], "texture": "#0"}
			}
		},
		{
			"name": "Top",
			"from": [0, 9, 0],
			"to": [16, 32, 16],
			"rotation": {"angle": 0, "axis": "y", "origin": [8, 20.5, 8]},
			"faces": {
				"north": {"uv": [0, 10.25, 4, 16], "texture": "#0"},
				"east": {"uv": [0, 10.25, 4, 16], "texture": "#0"},
				"south": {"uv": [0, 10.25, 4, 16], "texture": "#0"},
				"west": {"uv": [0, 10.25, 4, 16], "texture": "#0"},
				"up": {"uv": [0, 0, 4, 4], "texture": "#0"},
				"down": {"uv": [4, 0, 8, 4], "texture": "#0"}
			}
		}
	],
	"display": {
		"gui": {
			"rotation": [30, -135, 0],
			"translation": [0, -3.25, 0],
			"scale": [0.425, 0.425, 0.425]
		}
	}
}