{
    "type": "origins:action_on_callback",
    "entity_action_added": {
        "type": "origins:and",
        "actions": [
            {
                "type": "origins:if_else",
                "condition": {
                    "type": "origins:resource",
                    "resource": "*:style_advancement1",
                    "compare_to": 0,
                    "comparison": "=="
                },
                "if_action": {
                    "type": "origins:trigger_cooldown",
                    "power": "*:style_advancement1"
                }
            },
            {
                "type": "origins:revoke_power",
                "power": "*:*",
                "source": "apoli:command"
            }
        ]
    }
}