{
    "type": "origins:multiple",
    "name": "§e☯ §nScorched Soul",
    "description": "You can't wear armor better than iron. Natural regeneration is impossible for you.",
    "noregen": {
        "type": "origins:disable_regen"
    },
    "restrict": {
        "type": "origins:restrict_armor",
        "head": {
            "type": "origins:armor_value",
            "comparison": ">",
            "compare_to": 2
        },
        "chest": {
            "type": "origins:armor_value",
            "comparison": ">",
            "compare_to": 6
        },
        "legs": {
            "type": "origins:armor_value",
            "comparison": ">",
            "compare_to": 5
        },
        "feet": {
            "type": "origins:armor_value",
            "comparison": ">",
            "compare_to": 2
        }
    }
}