{
    "name": "§e❄ §nBullet Shower",
    "description": "§eEnabled at§f §cSSS§e rank§r\nYou can unleash your heat into a torrent of sparks, rapidly shooting them at everything nearby. This costs all your §eStyle§r.",
    "badges": [
        {
            "type": "origins:keybind",
            "text": "Press %s to activate when at §c§nSSS§r rank, replacing §eFlair§r.",
            "sprite": "origins:textures/gui/badge/active.png"
        }
    ],
    "type": "origins:multiple",
    "timer": {
        "type": "origins:cooldown",
        "cooldown": 100,
        "hud_render": {
            "should_render": false
        }
    },
    "glow": {
        "type": "origins:self_glow",
        "red": 1,
        "green": 0.49,
        "blue": 0,
        "use_teams": false,
        "condition": {
            "type": "origins:and",
            "conditions": [
                {
                    "type": "origins:resource",
                    "resource": "*:*_timer",
                    "comparison": ">",
                    "compare_to": 0
                }
            ]
        }
    },
    "fx": {
        "type": "origins:action_over_time",
        "interval": 1,
        "entity_action": {
            "type": "origins:execute_command",
            "command": "function vhotshot:fx/shower"
        },
        "condition": {
            "type": "origins:resource",
            "resource": "*:*_timer",
            "comparison": ">",
            "compare_to": 0
        }
    },
    "shoot": {
        "type": "origins:action_over_time",
        "interval": 4,
        "entity_action": {
            "type": "origins:area_of_effect",
            "radius": 4,
            "bientity_action": {
                "type": "origins:and",
                "actions": [
                    {
                        "type": "origins:target_action",
                        "action": {
                            "type": "origins:set_on_fire",
                            "duration": 2
                        }
                    },                    
                    {
                        "type": "origins:damage",
                        "amount": 4,
                        "damage_type": "on_fire"
                    },
                    {
                        "type": "origins:actor_action",
                        "action": {
                            "type": "origins:execute_command",
                            "command": "playsound entity.blaze.shoot master @a[distance=..5] ~ ~ ~"
                        }
                    }
                ]
            },
            "bientity_condition": {
                "type": "origins:target_condition",
                "condition": {
                    "type": "origins:living"
                }
            }
        },
        "condition": {
            "type": "origins:resource",
            "resource": "*:*_timer",
            "comparison": ">",
            "compare_to": 0
        }
    },
    "active": {
        "type": "origins:active_self",
        "cooldown": 1,
        "condition": {
            "type": "origins:resource",
            "resource": "*:style_meter",
            "compare_to": 7,
            "comparison": "=="
        },
        "entity_action": {
            "type": "origins:and",
            "actions": [
                {
                    "type": "origins:trigger_cooldown",
                    "power": "*:*_timer"
                },
                {
                    "type": "origins:change_resource",
                    "resource": "*:style_meter",
                    "change": 0,
                    "operation": "set"
                }
            ]
        }
    }
}