{
    "name": "§e☄ §nFlair",
    "description": "You can shoot a small fireball.",
    "badges": [
        {
            "type": "origins:keybind",
            "text": "Press %s to shoot.",
            "sprite": "origins:textures/gui/badge/active.png"
        },
        {
            "type": "origins:tooltip",
            "text": "§eStyle +1",
            "sprite": "origins:textures/gui/badge/info.png"
        },
        {
            "type": "origins:tooltip",
            "text": "§eS-Rank Style Bonus§r: On hit, if target has §6Haze§r, reduce armor by 30%, lasting until §6Haze§r expires.",
            "sprite": "origins:textures/gui/badge/star.png"
        }
    ],
    "type": "origins:multiple",
    "fire": {
        "type": "origins:fire_projectile",
        "entity_type": "snowball",
        "tag": "{Tags:['vhotshot.flair'],NoGravity:1b,Item:{id:'fire_charge',Count:1b}}",
        "cooldown": 20,
        "hud_render": {
            "should_render": true,
            "bar_index": 7,
            "sprite_location": "origins:textures/gui/community/huang/resource_bar_01.png"
        },
        "speed": 1.35,
        "divergence": 0,
        "count": 1,
        "sound": "entity.blaze.shoot",
        "condition": {
            "type": "origins:resource",
            "resource": "*:style_meter",
            "compare_to": 7,
            "comparison": "<"
        }
    },
    "dmg": {
        "type": "origins:modify_projectile_damage",
        "modifier": {
            "value": 0.1,
            "operation": "addition"
        },
        "damage_condition": {
            "type": "origins:projectile",
            "projectile": "snowball",
            "projectile_condition": {
                "type": "origins:nbt",
                "nbt": "{Tags:['vhotshot.flair'],NoGravity:1b}"
            }
        }
    },
    "style": {
        "type": "origins:action_on_hit",
        "damage_condition": {
            "type": "origins:projectile",
            "projectile": "snowball",
            "projectile_condition": {
                "type": "origins:nbt",
                "nbt": "{Tags:['vhotshot.flair'],NoGravity:1b}"
            }
        },
        "bientity_condition": {
            "type": "origins:target_condition",
            "condition": {
                "type": "origins:living"
            }
        },
        "bientity_action": {
            "type": "origins:and",
            "actions": [
                {
                    "type": "origins:actor_action",
                    "action": {
                        "type": "origins:and",
                        "actions": [
                            {
                                "type": "origins:if_else",
                                "condition": {
                                    "type": "origins:resource",
                                    "resource": "*:style_meter",
                                    "comparison": ">",
                                    "compare_to": 4
                                },
                                "if_action": {
                                    "type": "origins:change_resource",
                                    "resource": "*:*_fire",
                                    "change": 60,
                                    "operation": "set"
                                }
                            },
                            {
                                "type": "origins:if_else",
                                "condition": {
                                    "type": "origins:resource",
                                    "resource": "*:style_action",
                                    "compare_to": 1,
                                    "comparison": "!="
                                },
                                "if_action": {
                                    "type": "origins:change_resource",
                                    "resource": "*:style_meter",
                                    "change": 1
                                }
                            },
                            {
                                "type": "origins:change_resource",
                                "resource": "*:style_action",
                                "change": 1,
                                "operation": "set"
                            }
                        ]
                    }
                },
                {
                    "type": "origins:target_action",
                    "action": {
                        "type": "origins:set_on_fire",
                        "duration": 6
                    }
                },
                {
                    "type": "origins:target_action",
                    "action": {
                        "type": "origins:if_else",
                        "condition": {
                            "type": "origins:power",
                            "power": "*:haze"
                        },
                        "if_action": {
                            "type": "origins:change_resource",
                            "resource": "*:haze_armorred",
                            "change": 1
                        }
                    }
                },
                {
                    "type": "origins:damage",
                    "amount": 6,
                    "damage_type": "on_fire"
                }
            ]
        }
    }
}