{
    "name": "§e⌚ §nSuffocating Haze",
    "description": "§eEnabled at§f §cS§f §erank§r\n§rYour melee attacks inflict §6Haze§r, purging enemies' fire resistance and reducing healing in half.",
    "badges": [
        {
            "type": "origins:tooltip",
            "sprite": "origins:textures/gui/badge/info.png",
            "text": "This effect cannot purge innate fire immunity, only fire resistance derived from the potion effect."
        }
    ],
    "type": "origins:action_on_hit",
    "damage_condition": {
        "type": "origins:name",
        "name": "player"
    },
    "bientity_condition": {
        "type": "origins:and",
        "conditions": [
            {
                "type": "origins:actor_condition",
                "condition": {
                    "type": "origins:resource",
                    "resource": "*:style_meter",
                    "compare_to": 4,
                    "comparison": ">"
                }
            },
            {
                "type": "origins:target_condition",
                "condition": {
                    "type": "origins:living"
                }
            }
        ]
    },
    "bientity_action": {
        "type": "origins:target_action",
        "action": {
            "type": "origins:and",
            "actions": [
                {
                    "type": "origins:clear_effect",
                    "effect": "fire_resistance"
                },
                {
                    "type": "origins:if_else",
                    "condition": {
                        "type": "origins:power",
                        "power": "*:haze",
                        "source": "vhotshot:haze"
                    },
                    "if_action": {
                        "type": "origins:trigger_cooldown",
                        "power": "*:haze_cd"
                    },
                    "else_action": {
                        "type": "origins:grant_power",
                        "power": "*:haze",
                        "source": "vhotshot:haze"
                    }
                }
            ]
        }
    }
}