{
    "type": "origins:multiple",
    "cd": {
        "type": "origins:cooldown",
        "cooldown": 100,
        "hud_render": {
            "should_render": false
        }
    },
    "heal": {
        "type": "origins:modify_healing",
        "modifier": {
            "value": -0.5,
            "operation": "multiply_total"
        }
    },
    "armorred": {
        "type": "origins:resource",
        "min": 0,
        "max": 1,
        "hud_render": {
            "should_render": false
        },
        "start_value": 0
    },
    "armor": {
        "type": "origins:modify_attribute",
        "attribute": "minecraft:generic.armor",
        "modifier": {
            "value": -0.3,
            "operation": "multiply_total"
        },
        "condition": {
            "type": "origins:resource",
            "resource": "*:*_armorred",
            "compare_to": 0,
            "comparison": ">"
        }
    },
    "cb": {
        "type": "origins:action_on_callback",
        "entity_action_added": {
            "type": "origins:trigger_cooldown",
            "power": "*:*_cd"
        }
    },
    "rem": {
        "type": "origins:action_over_time",
        "interval": 2,
        "entity_action": {
            "type": "origins:revoke_power",
            "power": "*:*",
            "source": "vhotshot:haze"
        },
        "condition": {
            "type": "origins:resource",
            "resource": "*:*_cd",
            "compare_to": 0,
            "comparison": "=="
        }
    },
    "fx": {
        "type": "origins:particle",
        "particle": {
            "type": "large_smoke"
        },
        "frequency": 2
    },
    "fireres": {
        "type": "origins:effect_immunity",
        "effect": "fire_resistance"
    }
}