{
    "name": "§e♫ §nMajestic Swordplay",
    "description": "Your melee attacks deal no knockback.",
    "type": "origins:modify_damage_dealt",
    "bientity_action": {
        "type": "origins:target_action",
        "action": {
            "type": "origins:and",
            "actions": [
                {
                    "type": "origins:grant_power",
                    "power": "*:nokb",
                    "source": "vhotshot:impact"
                },
                {
                    "type": "origins:delay",
                    "ticks": 1,
                    "action": {
                        "type": "origins:revoke_power",
                        "power": "*:nokb",
                        "source": "vhotshot:impact"
                    }
                }
            ]
        }
    }
}