{
    "type": "origins:action_on_callback",
    "entity_action_added": {
        "type": "origins:and",
        "actions": [
            {
                "type": "origins:heal",
                "amount": 1
            },
            {
                "type": "origins:execute_command",
                "command": "scoreboard players remove @s vhotshot.dmg 1"
            },
            {
                "type": "origins:revoke_power",
                "power": "*:*",
                "source": "vhotshot:lifesteal"
            },
            {
                "type": "origins:if_else",
                "condition": {
                    "type": "origins:command",
                    "command": "execute if score @s vhotshot.dmg matches 1..",
                    "compare_to": 0,
                    "comparison": ">"
                },
                "if_action": {
                    "type": "origins:grant_power",
                    "power": "*:*",
                    "source": "vhotshot:lifesteal"
                }
            }
        ]
    }
}