{
    "type": "origins:multiple",
    "name": "§e🔥 §nOn Fire!",
    "description": "As §eStyle rank§r increases, your attack damage increases and you heal more health every hit on burning enemies.",
    "dealdamage": {
        "type": "origins:action_on_hit",
        "damage_condition": {
            "type": "origins:projectile",
            "inverted": true
        },
        "bientity_condition": {
            "type": "origins:target_condition",
            "condition": {
                "type": "origins:on_fire"
            }
        },
        "bientity_action": {
            "type": "origins:actor_action",
            "action": {
                "type": "origins:execute_command",
                "command": "function vhotshot:style_heal"
            }
        }
    },
    "bonusdmg1": {
        "type": "origins:modify_attribute",
        "attribute": "minecraft:generic.attack_damage",
        "modifier": {
            "value": 0.1,
            "operation": "multiply_total"
        },
        "condition": {
            "type": "origins:resource",
            "resource": "*:style_meter",
            "compare_to": 1,
            "comparison": "=="
        }
    },
    "bonusdmg2": {
        "type": "origins:modify_attribute",
        "attribute": "minecraft:generic.attack_damage",
        "modifier": {
            "value": 0.15,
            "operation": "multiply_total"
        },
        "condition": {
            "type": "origins:resource",
            "resource": "*:style_meter",
            "compare_to": 2,
            "comparison": "=="
        }
    },
    "bonusdmg3": {
        "type": "origins:modify_attribute",
        "attribute": "minecraft:generic.attack_damage",
        "modifier": {
            "value": 0.2,
            "operation": "multiply_total"
        },
        "condition": {
            "type": "origins:resource",
            "resource": "*:style_meter",
            "compare_to": 3,
            "comparison": "=="
        }
    },
    "bonusdmg4": {
        "type": "origins:modify_attribute",
        "attribute": "minecraft:generic.attack_damage",
        "modifier": {
            "value": 0.35,
            "operation": "multiply_total"
        },
        "condition": {
            "type": "origins:resource",
            "resource": "*:style_meter",
            "compare_to": 4,
            "comparison": "=="
        }
    },
    "bonusdmg5": {
        "type": "origins:modify_attribute",
        "attribute": "minecraft:generic.attack_damage",
        "modifier": {
            "value": 0.4,
            "operation": "multiply_total"
        },
        "condition": {
            "type": "origins:resource",
            "resource": "*:style_meter",
            "compare_to": 5,
            "comparison": "=="
        }
    },
    "bonusdmg6": {
        "type": "origins:modify_attribute",
        "attribute": "minecraft:generic.attack_damage",
        "modifier": {
            "value": 0.45,
            "operation": "multiply_total"
        },
        "condition": {
            "type": "origins:resource",
            "resource": "*:style_meter",
            "compare_to": 6,
            "comparison": "=="
        }
    },
    "bonusdmg7": {
        "type": "origins:modify_attribute",
        "attribute": "minecraft:generic.attack_damage",
        "modifier": {
            "value": 0.6,
            "operation": "multiply_total"
        },
        "condition": {
            "type": "origins:resource",
            "resource": "*:style_meter",
            "compare_to": 7,
            "comparison": "=="
        }
    }
}