{
    "type": "origins:multiple",
    "name": "§e☀ §nEnkindled Passion",
    "badges": [
        {
            "type": "origins:tooltip",
            "sprite": "origins:textures/gui/badge/info.png",
            "text": "§eStyle§r is reset if you haven't damaged anything within 10 seconds."
        }
    ],
    "advancement1": {
        "type": "origins:cooldown",
        "cooldown": 80,
        "hud_render": {
            "should_render": true
        }
    },
    "advancement1chk": {
        "type": "origins:action_over_time",
        "interval": 1,
        "rising_action": {
            "type": "origins:execute_command",
            "command": "advancement grant @s only vhotshot:rank1"
        },
        "condition": {
            "type": "origins:and",
            "conditions": [
                {
                    "type": "origins:resource",
                    "resource": "*:*_advancement1",
                    "compare_to": 0,
                    "comparison": ">"
                },
                {
                    "type": "origins:resource",
                    "resource": "*:*_meter",
                    "compare_to": 4,
                    "comparison": ">"
                }
            ]
        }
    },
    "timer": {
        "type": "origins:cooldown",
        "cooldown": 200,
        "hud_render": {
            "should_render": false
        }
    },
    "dmg": {
        "type": "origins:action_on_hit",
        "bientity_action": {
            "type": "origins:actor_action",
            "action": {
                "type": "origins:trigger_cooldown",
                "power": "*:*_timer"
            }
        }
    },
    "reset": {
        "type": "origins:action_over_time",
        "interval": 1,
        "falling_action": {
            "type": "origins:nothing"
        },
        "rising_action": {
            "type": "origins:change_resource",
            "resource": "*:*_meter",
            "change": 0,
            "operation": "set"
        },
        "condition": {
            "type": "origins:resource",
            "resource": "*:*_timer",
            "comparison": "==",
            "compare_to": 1
        }
    },
    "srank": {
        "type": "origins:particle",
        "particle": {
            "type": "small_flame"
        },
        "frequency": 2,
        "condition": {
            "type": "origins:resource",
            "resource": "*:*_meter",
            "comparison": ">",
            "compare_to": 4
        }
    },
    "description": "Landing arrow hits and your powers raises your §eStyle§r meter, if the hit/power was unique from the previous one. Your speed grows with each §eStyle§r rank.",
    "speed4": {
        "type": "origins:modify_attribute",
        "attribute": "minecraft:generic.movement_speed",
        "modifier": {
            "value": 0.025,
            "operation": "multiply_base"
        },
        "condition": {
            "type": "origins:resource",
            "resource": "*:*_meter",
            "compare_to": 1,
            "comparison": "=="
        }
    },
    "speed8": {
        "type": "origins:modify_attribute",
        "attribute": "minecraft:generic.movement_speed",
        "modifier": {
            "value": 0.05,
            "operation": "multiply_base"
        },
        "condition": {
            "type": "origins:resource",
            "resource": "*:*_meter",
            "compare_to": 2,
            "comparison": "=="
        }
    },    
    "speed12": {
        "type": "origins:modify_attribute",
        "attribute": "minecraft:generic.movement_speed",
        "modifier": {
            "value": 0.1,
            "operation": "multiply_base"
        },
        "condition": {
            "type": "origins:resource",
            "resource": "*:*_meter",
            "compare_to": 3,
            "comparison": "=="
        }
    },    
    "speed16": {
        "type": "origins:modify_attribute",
        "attribute": "minecraft:generic.movement_speed",
        "modifier": {
            "value": 0.15,
            "operation": "multiply_base"
        },
        "condition": {
            "type": "origins:resource",
            "resource": "*:*_meter",
            "compare_to": 4,
            "comparison": "=="
        }
    },    
    "speed20": {
        "type": "origins:modify_attribute",
        "attribute": "minecraft:generic.movement_speed",
        "modifier": {
            "value": 0.2,
            "operation": "multiply_base"
        },
        "condition": {
            "type": "origins:resource",
            "resource": "*:*_meter",
            "compare_to": 5,
            "comparison": "=="
        }
    },    
    "speed24": {
        "type": "origins:modify_attribute",
        "attribute": "minecraft:generic.movement_speed",
        "modifier": {
            "value": 0.25,
            "operation": "multiply_base"
        },
        "condition": {
            "type": "origins:resource",
            "resource": "*:*_meter",
            "compare_to": 6,
            "comparison": "=="
        }
    },    
    "speed28": {
        "type": "origins:modify_attribute",
        "attribute": "minecraft:generic.movement_speed",
        "modifier": {
            "value": 0.3,
            "operation": "multiply_base"
        },
        "condition": {
            "type": "origins:resource",
            "resource": "*:*_meter",
            "compare_to": 7,
            "comparison": "=="
        }
    },
    "meter": {
        "type": "origins:resource",
        "min": 0,
        "max": 7,
        "hud_render": {
            "should_render": false
        }
    },
    "show": {
        "type": "origins:action_over_time",
        "interval": 2,
        "entity_action": {
            "type": "origins:execute_command",
            "command": "function vhotshot:style_show"
        }
    },
    "action": {
        "type": "origins:resource",
        "min": 0,
        "max": 777,
        "hud_render": {
            "should_render": false
        },
        "start_value": 0
    },
    "arrow": {
        "type": "origins:action_on_hit",
        "damage_condition": {
            "type": "origins:projectile",
            "projectile": "arrow"
        },
        "bientity_action": {
            "type": "origins:actor_action",
            "action": {
                "type": "origins:and",
                "actions": [
                    {
                        "type": "origins:if_else",
                        "condition": {
                            "type": "origins:resource",
                            "resource": "*:style_action",
                            "compare_to": 2,
                            "comparison": "!="
                        },
                        "if_action": {
                            "type": "origins:change_resource",
                            "resource": "*:style_meter",
                            "change": 1
                        }
                    },
                    {
                        "type": "origins:change_resource",
                        "resource": "*:style_action",
                        "change": 2,
                        "operation": "set"
                    }
                ]
            }
        }
    }
}