{
    "type": "origins:multiple",
    "name": "§e⚡ §nArdor Blaze",
    "description": "You can feint your §eBlazing Whirl§r, dashing forward with sparks of flame that burn everyone in your path.",
    "badges": [
        {
            "type": "origins:keybind",
            "text": "Press %s within a quarter of a second of casting §eBlazing Whirl§r to use.",
            "sprite": "origins:textures/gui/badge/active.png"
        },
        {
            "type": "origins:tooltip",
            "text": "§eStyle +1 if you hit an entity with the dash",
            "sprite": "origins:textures/gui/badge/info.png"
        }
    ],
    "timer": {
        "type": "origins:cooldown",
        "cooldown": 15,
        "hud_render": {
            "should_render": false
        }
    },
    "fx": {
        "type": "origins:action_over_time",
        "interval": 1,
        "entity_action": {
            "type": "origins:execute_command",
            "command": "particle flame ~ ~1 ~ 0.2 0.3 0.2 0.03 3"
        },
        "falling_action": {
            "type": "origins:change_resource",
            "resource": "*:*_limit",
            "change": 0,
            "operation": "set"
        },
        "condition": {
            "type": "origins:resource",
            "resource": "*:*_timer",
            "compare_to": 0,
            "comparison": ">"
        }
    },
    "fx2": {
        "type": "origins:action_over_time",
        "interval": 1,
        "entity_action": {
            "type": "origins:execute_command",
            "command": "particle large_smoke ~ ~1 ~ 0.2 0.3 0.2 0.03 3"
        },
        "condition": {
            "type": "origins:resource",
            "resource": "*:*_timer",
            "compare_to": 0,
            "comparison": ">"
        }
    },
    "limit": {
        "type": "origins:resource",
        "min": 0,
        "max": 1,
        "start_value": 0,
        "hud_render": {
            "should_render": false
        }
    },
    "burn": {
        "type": "origins:action_over_time",
        "interval": 1,
        "entity_action": {
            "type": "origins:area_of_effect",
            "radius": 1.5,
            "bientity_action": {
                "type": "origins:and",
                "actions": [
                    {
                        "type": "origins:target_action",
                        "action": {
                            "type": "origins:set_on_fire",
                            "duration": 6
                        }
                    },
                    {
                        "type": "origins:actor_action",
                        "action": {
                            "type": "origins:and",
                            "actions": [
                                {
                                    "type": "origins:if_else",
                                    "condition": {
                                        "type": "origins:and",
                                        "conditions": [
                                            {
                                                "type": "origins:resource",
                                                "resource": "*:style_action",
                                                "compare_to": 15,
                                                "comparison": "!="
                                            },
                                            {
                                                "type": "origins:resource",
                                                "resource": "*:*_limit",
                                                "compare_to": 0,
                                                "comparison": "=="
                                            }
                                        ]
                                    },
                                    "if_action": {
                                        "type": "origins:change_resource",
                                        "resource": "*:style_meter",
                                        "change": 1
                                    }
                                },
                                {
                                    "type": "origins:change_resource",
                                    "resource": "*:style_action",
                                    "change": 15,
                                    "operation": "set"
                                },
                                {
                                    "type": "origins:change_resource",
                                    "resource": "*:*_limit",
                                    "change": 1,
                                    "operation": "set"
                                }
                            ]
                        }
                    }
                ]
            },
            "bientity_condition": {
                "type": "origins:target_condition",
                "condition": {
                    "type": "origins:living"
                }
            }
        },
        "condition": {
            "type": "origins:resource",
            "resource": "*:*_timer",
            "compare_to": 0,
            "comparison": ">"
        }
    },
    "active": {
        "key": {
            "key": "key.attack"
        },
        "type": "origins:active_self",
        "cooldown": 10,
        "entity_action": {
            "type": "origins:and",
            "actions": [
                {
                    "type": "origins:change_resource",
                    "resource": "*:whirl_active",
                    "change": 6,
                    "operation": "set"
                },
                {
                    "type": "origins:change_resource",
                    "resource": "*:*_limit",
                    "change": 0,
                    "operation": "set"
                },
                {
                    "type": "origins:add_velocity",
                    "y": 0,
                    "set": true
                },
                {
                    "type": "origins:add_velocity",
                    "z": 1.2,
                    "space": "local"
                },
                {
                    "type": "origins:execute_command",
                    "command": "playsound minecraft:entity.horse.jump master @a[distance=..10] ~ ~ ~ 1 0.8"
                },
                {
                    "type": "origins:trigger_cooldown",
                    "power": "*:*_timer"
                }
            ]
        },
        "condition": {
            "type": "origins:and",
            "conditions": [
                {
                    "type": "origins:resource",
                    "resource": "*:whirl_active",
                    "comparison": "<",
                    "compare_to": 200
                },
                {
                    "type": "origins:resource",
                    "resource": "*:whirl_active",
                    "comparison": ">",
                    "compare_to": 195
                }
            ]
        }
    }
}