{
    "type": "origins:multiple",
    "name": "§e🛡 §nBlazing Whirl",
    "description": "You can conjure a blazing wheel to parry incoming damage, burning the attacker. Parrying heavy damage knocks the attacker back.",
    "badges": [
        {
            "type": "origins:keybind",
            "text": "Press %s to use.",
            "sprite": "origins:textures/gui/badge/active.png"
        },
        {
            "type": "origins:tooltip",
            "text": "§eStyle +1 on parrying <6 damage§f;§e Style +3 on parrying ≥6 damage",
            "sprite": "origins:textures/gui/badge/info.png"
        },
        {
            "type": "origins:tooltip",
            "text": "§eS-Rank Style Bonus§r: Cooldown cut in half.",
            "sprite": "origins:textures/gui/badge/star.png"
        }
    ],
    "glow": {
        "type": "origins:self_glow",
        "red": 1,
        "green": 0.49,
        "blue": 0,
        "use_teams": false,
        "condition": {
            "type": "origins:and",
            "conditions": [
                {
                    "type": "origins:resource",
                    "resource": "*:*_active",
                    "comparison": "<",
                    "compare_to": 200
                },
                {
                    "type": "origins:resource",
                    "resource": "*:*_active",
                    "comparison": ">",
                    "compare_to": 195
                }
            ]
        }
    },
    "invul2": {
        "type": "origins:modify_damage_taken",
        "modifier": {
            "value": -1,
            "operation": "multiply_total"
        },
        "bientity_action": {
            "type": "origins:and",
            "actions": [
                {
                    "type": "origins:actor_action",
                    "action": {
                        "type": "origins:set_on_fire",
                        "duration": 4
                    }
                },
                {
                    "type": "origins:target_action",
                    "action": {
                        "type": "origins:and",
                        "actions": [
                            {
                                "type": "origins:if_else",
                                "condition": {
                                    "type": "origins:resource",
                                    "resource": "*:style_action",
                                    "compare_to": 7,
                                    "comparison": "!="
                                },
                                "if_action": {
                                    "type": "origins:and",
                                    "actions": [
                                        {
                                            "type": "origins:if_else",
                                            "condition": {
                                                "type": "origins:resource",
                                                "resource": "*:style_meter",
                                                "compare_to": 2,
                                                "comparison": "=="
                                            },
                                            "if_action": {
                                                "type": "origins:execute_command",
                                                "command": "advancement grant @s only vhotshot:rank2"
                                            }
                                        },
                                        {
                                            "type": "origins:change_resource",
                                            "resource": "*:style_meter",
                                            "change": 3
                                        }
                                    ]
                                }
                            },
                            {
                                "type": "origins:change_resource",
                                "resource": "*:style_action",
                                "change": 7,
                                "operation": "set"
                            },
                            {
                                "type": "origins:execute_command",
                                "command": "playsound minecraft:entity.blaze.hurt master @a[distance=..12] ~ ~ ~ 1 0.6"
                            }
                        ]
                    }
                },
                {
                    "type": "origins:invert",
                    "action": {
                        "type": "origins:damage",
                        "amount": 7,
                        "damage_type": "on_fire"
                    }
                },
                {
                    "type": "origins:invert",
                    "action": {
                        "type": "origins:add_velocity",
                        "z": 0.7,
                        "y": 0.1,
                        "space": "local"
                    }
                }
            ]
        },
        "damage_condition": {
            "type": "origins:and",
            "conditions": [
                {
                    "type": "origins:attacker"
                },
                {
                    "type": "origins:name",
                    "name": "generic_kill",
                    "inverted": true
                },
                {
                    "type": "origins:amount",
                    "compare_to": 6,
                    "comparison": ">="
                }
            ]
        },
        "condition": {
            "type": "origins:and",
            "conditions": [
                {
                    "type": "origins:resource",
                    "resource": "*:*_active",
                    "comparison": "<",
                    "compare_to": 200
                },
                {
                    "type": "origins:resource",
                    "resource": "*:*_active",
                    "comparison": ">",
                    "compare_to": 195
                }
            ]
        }
    },
    "adv": {
        "type": "origins:modify_damage_taken",
        "modifier": {
            "value": -1,
            "operation": "multiply_total"
        },
        "bientity_action": {
            "type": "origins:target_action",
            "action": {
                "type": "origins:execute_command",
                "command": "advancement grant @s only vhotshot:whirl1"
            }
        },
        "damage_condition": {
            "type": "origins:and",
            "conditions": [
                {
                    "type": "origins:attacker"
                },
                {
                    "type": "origins:name",
                    "name": "generic_kill",
                    "inverted": true
                },
                {
                    "type": "origins:amount",
                    "compare_to": 20,
                    "comparison": ">="
                }
            ]
        },
        "condition": {
            "type": "origins:and",
            "conditions": [
                {
                    "type": "origins:resource",
                    "resource": "*:*_active",
                    "comparison": "<",
                    "compare_to": 200
                },
                {
                    "type": "origins:resource",
                    "resource": "*:*_active",
                    "comparison": ">",
                    "compare_to": 195
                }
            ]
        }
    },
    "invul": {
        "type": "origins:modify_damage_taken",
        "modifier": {
            "value": -1,
            "operation": "multiply_total"
        },
        "bientity_action": {
            "type": "origins:and",
            "actions": [
                {
                    "type": "origins:actor_action",
                    "action": {
                        "type": "origins:set_on_fire",
                        "duration": 4
                    }
                },
                {
                    "type": "origins:target_action",
                    "action": {
                        "type": "origins:and",
                        "actions": [
                            {
                                "type": "origins:if_else",
                                "condition": {
                                    "type": "origins:resource",
                                    "resource": "*:style_action",
                                    "compare_to": 7,
                                    "comparison": "!="
                                },
                                "if_action": {
                                    "type": "origins:change_resource",
                                    "resource": "*:style_meter",
                                    "change": 1
                                }
                            },
                            {
                                "type": "origins:change_resource",
                                "resource": "*:style_action",
                                "change": 7,
                                "operation": "set"
                            },
                            {
                                "type": "origins:execute_command",
                                "command": "playsound minecraft:entity.blaze.hurt master @a[distance=..12] ~ ~ ~ 1 1"
                            }
                        ]
                    }
                },
                {
                    "type": "origins:invert",
                    "action": {
                        "type": "origins:damage",
                        "amount": 4,
                        "damage_type": "on_fire"
                    }
                }
            ]
        },
        "damage_condition": {
            "type": "origins:and",
            "conditions": [
                {
                    "type": "origins:attacker"
                },
                {
                    "type": "origins:name",
                    "name": "generic_kill",
                    "inverted": true
                },
                {
                    "type": "origins:amount",
                    "compare_to": 6,
                    "comparison": "<"
                }
            ]
        },
        "condition": {
            "type": "origins:and",
            "conditions": [
                {
                    "type": "origins:resource",
                    "resource": "*:*_active",
                    "comparison": "<",
                    "compare_to": 200
                },
                {
                    "type": "origins:resource",
                    "resource": "*:*_active",
                    "comparison": ">",
                    "compare_to": 195
                }
            ]
        }
    },
    "active": {
        "type": "origins:active_self",
        "key": {
            "key": "key.origins.secondary_active"
        },
        "cooldown": 200,
        "hud_render": {
            "should_render": true,
            "bar_index": 0,
            "sprite_location": "origins:textures/gui/community/spiderkolo/resource_bar_01.png"
        },
        "entity_action": {
            "type": "origins:and",
            "actions": [
                {
                    "type": "origins:execute_command",
                    "command": "particle large_smoke ~ ~1 ~ 0.2 0.4 0.2 0.1 7"
                },
                {
                    "type": "origins:execute_command",
                    "command": "particle flame ~ ~1 ~ 0.2 0.4 0.2 0.1 7"
                },
                {
                    "type": "origins:execute_command",
                    "command": "playsound minecraft:entity.blaze.shoot master @a[distance=..12] ~ ~ ~ 1 1.5"
                },
                {
                    "type": "origins:execute_command",
                    "command": "function vhotshot:fx/whirl"
                },
                {
                    "type": "origins:if_else",
                    "condition": {
                        "type": "origins:resource",
                        "resource": "*:style_meter",
                        "compare_to": 4,
                        "comparison": ">"
                    },
                    "if_action": {
                        "type": "origins:delay",
                        "ticks": 6,
                        "action": {
                            "type": "origins:change_resource",
                            "resource": "*:*_active",
                            "change": 100,
                            "operation": "set"
                        }
                    }
                }
            ]
        }
    }
}