{
	"powers": [
		"dwarf:liquid_courage",
		"dwarf:dwarven_smelting",
		"dwarf:dwarven_engineering",
		"dwarf:dwarven_toughness",
		"dwarf:poison_immunity",
		"dwarf:tunnel_vision",
		"dwarf:size_hitbox",
		"dwarf:short_legs",
		"dwarf:mining_speed",
		"dwarf:more_exhaustion",
		"dwarf:no_bows"
	],
	"icon": "minecraft:blast_furnace",
	"order": 10,
	"impact": 3,
	"name": "Dwarf",
	"description": "These stout little fellows are a proud and hardworking lot, with a love for mining and forging."
}