{
	"credit": "Made with Blockbench",
	"texture_size": [64, 64],
	"textures": {
		"0": "manic:entity/insomniac/insomniac"
	},
	"elements": [
		{
			"name": "Head",
			"from": [4, 21, 4],
			"to": [12, 31, 12],
			"rotation": {"angle": 0, "axis": "y", "origin": [0, -8, 8]},
			"faces": {
				"north": {"uv": [2, 2, 4, 4.5], "texture": "#0", "tintindex": 0},
				"east": {"uv": [0, 2, 2, 4.5], "texture": "#0", "tintindex": 0},
				"south": {"uv": [6, 2, 8, 4.5], "texture": "#0", "tintindex": 0},
				"west": {"uv": [4, 2, 6, 4.5], "texture": "#0", "tintindex": 0},
				"up": {"uv": [4, 2, 2, 0], "texture": "#0", "tintindex": 0},
				"down": {"uv": [6, 0, 4, 2], "texture": "#0", "tintindex": 0}
			}
		},
		{
			"name": "Bag Inverted",
			"from": [12.5, 31.5, 12.5],
			"to": [3.5, 19.5, 3.5],
			"rotation": {"angle": 0, "axis": "y", "origin": [0, -8, 8]},
			"faces": {
				"north": {"uv": [14, 4.75, 16, 2], "texture": "#0", "tintindex": 0},
				"east": {"uv": [12, 4.75, 14, 2], "texture": "#0", "tintindex": 0},
				"south": {"uv": [10, 4.75, 12, 2], "texture": "#0", "tintindex": 0},
				"west": {"uv": [8, 4.75, 10, 2], "texture": "#0", "tintindex": 0},
				"up": {"uv": [12, 0, 14, 2], "texture": "#0", "tintindex": 0},
				"down": {"uv": [10, 2, 12, 0], "texture": "#0", "tintindex": 0}
			}
		},
		{
			"name": "Bag",
			"from": [3.5, 19.5, 3.5],
			"to": [12.5, 31.5, 12.5],
			"rotation": {"angle": 0, "axis": "y", "origin": [0, -8, 8]},
			"faces": {
				"north": {"uv": [10, 2, 12, 4.75], "texture": "#0", "tintindex": 0},
				"east": {"uv": [8, 2, 10, 4.75], "texture": "#0", "tintindex": 0},
				"south": {"uv": [14, 2, 16, 4.75], "texture": "#0", "tintindex": 0},
				"west": {"uv": [12, 2, 14, 4.75], "texture": "#0", "tintindex": 0},
				"up": {"uv": [12, 2, 10, 0], "texture": "#0", "tintindex": 0},
				"down": {"uv": [14, 0, 12, 2], "texture": "#0", "tintindex": 0}
			}
		}
	],
	"display": {
		"head": {
			"translation": [0, -28, 0],
			"scale": [1.6, 1.6, 1.6]
		}
	},
	"groups": [
		0,
		{
			"name": "Bag",
			"origin": [0, -8, 8],
			"color": 0,
			"children": [1, 2]
		}
	]
}