{
	"credit": "Made with Blockbench",
	"texture_size": [128, 128],
	"textures": {
		"0": "item/crofter",
		"particle": "item/crofter"
	},
	"elements": [
		{
			"from": [-8.5, 9.2, -0.8],
			"to": [3.6, 12.5, 2.5],
			"rotation": {"angle": 22.5, "axis": "x", "origin": [-0.8, 2.2, -0.8]},
			"faces": {
				"north": {"uv": [5.875, 2.875, 7.375, 3.25], "texture": "#0"},
				"east": {"uv": [9.875, 1, 10.25, 1.375], "texture": "#0"},
				"south": {"uv": [0, 6, 1.5, 6.375], "texture": "#0"},
				"west": {"uv": [1.125, 9.875, 1.5, 10.25], "texture": "#0"},
				"up": {"uv": [1.5, 6.75, 0, 6.375], "texture": "#0"},
				"down": {"uv": [9.125, 1, 7.625, 1.375], "texture": "#0"}
			}
		},
		{
			"from": [12.4, 9.2, -0.8],
			"to": [24.5, 12.5, 2.5],
			"rotation": {"angle": 22.5, "axis": "x", "origin": [-0.8, 2.2, -0.8]},
			"faces": {
				"north": {"uv": [7.625, 1.375, 9.125, 1.75], "texture": "#0"},
				"east": {"uv": [9.875, 1.375, 10.25, 1.75], "texture": "#0"},
				"south": {"uv": [8.25, 7.375, 9.75, 7.75], "texture": "#0"},
				"west": {"uv": [2.75, 9.875, 3.125, 10.25], "texture": "#0"},
				"up": {"uv": [9.25, 8.625, 7.75, 8.25], "texture": "#0"},
				"down": {"uv": [9.75, 7.75, 8.25, 8.125], "texture": "#0"}
			}
		},
		{
			"from": [21.2, 12.5, -0.8],
			"to": [27.8, 14.7, 2.5],
			"rotation": {"angle": 22.5, "axis": "x", "origin": [-0.8, 2.2, -0.8]},
			"faces": {
				"north": {"uv": [1.75, 5.25, 2.625, 5.5], "texture": "#0"},
				"east": {"uv": [3.5, 5.25, 3.875, 5.5], "texture": "#0"},
				"south": {"uv": [2.625, 5.25, 3.5, 5.5], "texture": "#0"},
				"west": {"uv": [4.125, 8, 4.5, 8.25], "texture": "#0"},
				"up": {"uv": [9.375, 2.875, 8.5, 2.5], "texture": "#0"},
				"down": {"uv": [10, 4.75, 9.125, 5.125], "texture": "#0"}
			}
		},
		{
			"from": [-11.8, 12.5, -0.8],
			"to": [-5.2, 14.7, 2.5],
			"rotation": {"angle": 22.5, "axis": "x", "origin": [-0.8, 2.2, -0.8]},
			"faces": {
				"north": {"uv": [5.625, 5.25, 6.5, 5.5], "texture": "#0"},
				"east": {"uv": [9.5, 3.75, 9.875, 4], "texture": "#0"},
				"south": {"uv": [5.875, 3.25, 6.75, 3.5], "texture": "#0"},
				"west": {"uv": [3.875, 9.875, 4.25, 10.125], "texture": "#0"},
				"up": {"uv": [10.125, 9.25, 9.25, 8.875], "texture": "#0"},
				"down": {"uv": [10.125, 9.25, 9.25, 9.625], "texture": "#0"}
			}
		},
		{
			"from": [-11.8, 14.7, -0.8],
			"to": [-9.6, 19.1, 2.5],
			"rotation": {"angle": 22.5, "axis": "x", "origin": [-0.8, 2.2, -0.8]},
			"faces": {
				"north": {"uv": [9.875, 2.75, 10.125, 3.25], "texture": "#0"},
				"east": {"uv": [7.875, 6.25, 8.25, 6.75], "texture": "#0"},
				"south": {"uv": [3.125, 9.875, 3.375, 10.375], "texture": "#0"},
				"west": {"uv": [8.875, 9.375, 9.25, 9.875], "texture": "#0"},
				"up": {"uv": [4.5, 10.25, 4.25, 9.875], "texture": "#0"},
				"down": {"uv": [10.125, 4.25, 9.875, 4.625], "texture": "#0"}
			}
		},
		{
			"from": [25.6, 14.7, -0.8],
			"to": [27.8, 19.1, 2.5],
			"rotation": {"angle": 22.5, "axis": "x", "origin": [-0.8, 2.2, -0.8]},
			"faces": {
				"north": {"uv": [9.875, 3.25, 10.125, 3.75], "texture": "#0"},
				"east": {"uv": [9.5, 2.75, 9.875, 3.25], "texture": "#0"},
				"south": {"uv": [3.375, 9.875, 3.625, 10.375], "texture": "#0"},
				"west": {"uv": [9.5, 3.25, 9.875, 3.75], "texture": "#0"},
				"up": {"uv": [10.125, 7, 9.875, 6.625], "texture": "#0"},
				"down": {"uv": [7.25, 9.875, 7, 10.25], "texture": "#0"}
			}
		},
		{
			"from": [4.7, 2.6, -1.9],
			"to": [11.3, 4.8, 2.5],
			"rotation": {"angle": 22.5, "axis": "x", "origin": [-0.8, 2.2, -0.8]},
			"faces": {
				"north": {"uv": [7.375, 5, 8.25, 5.25], "texture": "#0"},
				"east": {"uv": [6.5, 5.25, 7, 5.5], "texture": "#0"},
				"south": {"uv": [9.375, 2.5, 10.25, 2.75], "texture": "#0"},
				"west": {"uv": [6.75, 3.25, 7.25, 3.5], "texture": "#0"},
				"up": {"uv": [7.875, 6.75, 7, 6.25], "texture": "#0"},
				"down": {"uv": [9.875, 6.75, 9, 7.25], "texture": "#0"}
			}
		},
		{
			"from": [2.5, 4.8, -0.8],
			"to": [6.9, 8.1, 3.6],
			"rotation": {"angle": 22.5, "axis": "x", "origin": [-0.8, 2.2, -0.8]},
			"faces": {
				"north": {"uv": [4.125, 9.5, 4.625, 9.875], "texture": "#0"},
				"east": {"uv": [9.5, 5.125, 10, 5.5], "texture": "#0"},
				"south": {"uv": [9.5, 5.5, 10, 5.875], "texture": "#0"},
				"west": {"uv": [9.25, 9.625, 9.75, 10], "texture": "#0"},
				"up": {"uv": [8.375, 9.875, 7.875, 9.375], "texture": "#0"},
				"down": {"uv": [8.875, 9.375, 8.375, 9.875], "texture": "#0"}
			}
		},
		{
			"from": [9.1, 4.8, -0.8],
			"to": [13.5, 8.1, 3.6],
			"rotation": {"angle": 22.5, "axis": "x", "origin": [-0.8, 2.2, -0.8]},
			"faces": {
				"north": {"uv": [9.75, 5.875, 10.25, 6.25], "texture": "#0"},
				"east": {"uv": [9.75, 6.25, 10.25, 6.625], "texture": "#0"},
				"south": {"uv": [9.75, 7.25, 10.25, 7.625], "texture": "#0"},
				"west": {"uv": [9.75, 7.625, 10.25, 8], "texture": "#0"},
				"up": {"uv": [2.25, 10, 1.75, 9.5], "texture": "#0"},
				"down": {"uv": [2.75, 9.5, 2.25, 10], "texture": "#0"}
			}
		},
		{
			"from": [6.9, 4.8, -1.9],
			"to": [9.1, 13.6, 3.6],
			"rotation": {"angle": 22.5, "axis": "x", "origin": [-0.8, 2.2, -0.8]},
			"faces": {
				"north": {"uv": [1.5, 9.375, 1.75, 10.5], "texture": "#0"},
				"east": {"uv": [8.25, 6.25, 9, 7.375], "texture": "#0"},
				"south": {"uv": [7.625, 9.375, 7.875, 10.5], "texture": "#0"},
				"west": {"uv": [7, 8.25, 7.75, 9.375], "texture": "#0"},
				"up": {"uv": [1.75, 6.75, 1.5, 6], "texture": "#0"},
				"down": {"uv": [4.875, 9.5, 4.625, 10.25], "texture": "#0"}
			}
		},
		{
			"from": [9.1, 8.1, -1.9],
			"to": [14.6, 13.6, 3.6],
			"rotation": {"angle": 22.5, "axis": "x", "origin": [-0.8, 2.2, -0.8]},
			"faces": {
				"north": {"uv": [8.5, 1.75, 9.25, 2.5], "texture": "#0"},
				"east": {"uv": [7.75, 8.625, 8.5, 9.375], "texture": "#0"},
				"south": {"uv": [8.5, 8.625, 9.25, 9.375], "texture": "#0"},
				"west": {"uv": [8.75, 5.25, 9.5, 6], "texture": "#0"},
				"up": {"uv": [9.75, 6.75, 9, 6], "texture": "#0"},
				"down": {"uv": [9.875, 1, 9.125, 1.75], "texture": "#0"}
			}
		},
		{
			"from": [1.4, 8.1, -1.9],
			"to": [6.9, 13.6, 3.6],
			"rotation": {"angle": 22.5, "axis": "x", "origin": [-0.8, 2.2, -0.8]},
			"faces": {
				"north": {"uv": [2.875, 9.125, 3.625, 9.875], "texture": "#0"},
				"east": {"uv": [9.125, 4, 9.875, 4.75], "texture": "#0"},
				"south": {"uv": [9.25, 1.75, 10, 2.5], "texture": "#0"},
				"west": {"uv": [5, 9.25, 5.75, 10], "texture": "#0"},
				"up": {"uv": [6.5, 10, 5.75, 9.25], "texture": "#0"},
				"down": {"uv": [10, 8.125, 9.25, 8.875], "texture": "#0"}
			}
		},
		{
			"from": [11.1, 9.3, 3.8],
			"to": [16.4, 13.5, 4.9],
			"rotation": {"angle": -22.5, "axis": "z", "origin": [-0.8, 2.2, -0.8]},
			"faces": {
				"north": {"uv": [9.375, 0, 10, 0.5], "texture": "#0"},
				"east": {"uv": [4.875, 9.5, 5, 10], "texture": "#0"},
				"south": {"uv": [9.375, 0.5, 10, 1], "texture": "#0"},
				"west": {"uv": [4.5, 9.875, 4.625, 10.375], "texture": "#0"},
				"up": {"uv": [2.5, 8, 1.875, 7.875], "texture": "#0"},
				"down": {"uv": [8.875, 8.125, 8.25, 8.25], "texture": "#0"}
			}
		},
		{
			"from": [-1.5, 2.7, 3.8],
			"to": [3.8, 6.9, 4.9],
			"rotation": {"angle": 22.5, "axis": "z", "origin": [-0.8, 2.2, -0.8]},
			"faces": {
				"north": {"uv": [0.875, 9.375, 1.5, 9.875], "texture": "#0"},
				"east": {"uv": [7.25, 9.875, 7.375, 10.375], "texture": "#0"},
				"south": {"uv": [7, 9.375, 7.625, 9.875], "texture": "#0"},
				"west": {"uv": [7.375, 9.875, 7.5, 10.375], "texture": "#0"},
				"up": {"uv": [9.625, 7.375, 9, 7.25], "texture": "#0"},
				"down": {"uv": [10.375, 8, 9.75, 8.125], "texture": "#0"}
			}
		},
		{
			"from": [4.7, 4.3, 1],
			"to": [11.3, 14.1, 17.5],
			"rotation": {"angle": 0, "axis": "y", "origin": [-0.8, 2.2, -0.8]},
			"faces": {
				"north": {"uv": [8.25, 4, 9.125, 5.25], "texture": "#0"},
				"east": {"uv": [1.75, 4, 3.875, 5.25], "texture": "#0"},
				"south": {"uv": [4.125, 8.25, 5, 9.5], "texture": "#0"},
				"west": {"uv": [2.625, 6.75, 4.75, 8], "texture": "#0"},
				"up": {"uv": [8.25, 5, 7.375, 2.875], "texture": "#0"},
				"down": {"uv": [0.875, 7.875, 0, 10], "texture": "#0"}
			}
		},
		{
			"from": [6.9, 5.5, 3.6],
			"to": [9.1, 11, 8],
			"rotation": {"angle": 0, "axis": "y", "origin": [-0.8, 2.2, -0.8]},
			"faces": {
				"north": {"uv": [9.75, 9.625, 10, 10.375], "texture": "#0"},
				"east": {"uv": [3.625, 9.125, 4.125, 9.875], "texture": "#0"},
				"south": {"uv": [0.875, 9.875, 1.125, 10.625], "texture": "#0"},
				"west": {"uv": [6.5, 9.25, 7, 10], "texture": "#0"},
				"up": {"uv": [3.875, 10.375, 3.625, 9.875], "texture": "#0"},
				"down": {"uv": [10.125, 3.75, 9.875, 4.25], "texture": "#0"}
			}
		},
		{
			"name": "sholder",
			"from": [-7.4, -3.3, 9.1],
			"to": [23.4, 4.4, 16.8],
			"rotation": {"angle": 0, "axis": "y", "origin": [-0.8, 2.2, -0.8]},
			"faces": {
				"north": {"uv": [0, 0, 3.875, 1], "texture": "#0"},
				"east": {"uv": [5, 8.25, 6, 9.25], "texture": "#0"},
				"south": {"uv": [0, 1, 3.875, 2], "texture": "#0"},
				"west": {"uv": [6, 8.25, 7, 9.25], "texture": "#0"},
				"up": {"uv": [3.875, 3, 0, 2], "texture": "#0"},
				"down": {"uv": [3.875, 3, 0, 4], "texture": "#0"}
			}
		},
		{
			"name": "torso",
			"from": [-3, -6.7, 8],
			"to": [17.9, 2.2, 17.9],
			"rotation": {"angle": 0, "axis": "y", "origin": [-0.8, 2.2, -0.8]},
			"faces": {
				"north": {"uv": [5.875, 1.75, 8.5, 2.875], "texture": "#0"},
				"east": {"uv": [2.875, 8, 4.125, 9.125], "texture": "#0"},
				"south": {"uv": [0, 6.75, 2.625, 7.875], "texture": "#0"},
				"west": {"uv": [8.25, 2.875, 9.5, 4], "texture": "#0"},
				"up": {"uv": [4.375, 6.75, 1.75, 5.5], "texture": "#0"},
				"down": {"uv": [7, 5.5, 4.375, 6.75], "texture": "#0"}
			}
		},
		{
			"name": "abs",
			"from": [0.3, -15.4, 8.1],
			"to": [14.6, -3.3, 15.7],
			"rotation": {"angle": 0, "axis": "y", "origin": [-0.8, 2.2, -0.8]},
			"faces": {
				"north": {"uv": [4.75, 6.75, 6.5, 8.25], "texture": "#0"},
				"east": {"uv": [0.875, 7.875, 1.875, 9.375], "texture": "#0"},
				"south": {"uv": [6.5, 6.75, 8.25, 8.25], "texture": "#0"},
				"west": {"uv": [1.875, 8, 2.875, 9.5], "texture": "#0"},
				"up": {"uv": [8.75, 6.25, 7, 5.25], "texture": "#0"},
				"down": {"uv": [9.375, 0, 7.625, 1], "texture": "#0"}
			}
		},
		{
			"name": "headcover",
			"from": [1, -3, 5],
			"to": [15, 11, 21],
			"faces": {
				"north": {"uv": [5.625, 3.5, 7.375, 5.25], "texture": "#0"},
				"east": {"uv": [3.875, 0, 5.875, 1.75], "texture": "#0"},
				"south": {"uv": [5.875, 0, 7.625, 1.75], "texture": "#0"},
				"west": {"uv": [3.875, 1.75, 5.875, 3.5], "texture": "#0"},
				"up": {"uv": [5.625, 5.5, 3.875, 3.5], "texture": "#0"},
				"down": {"uv": [1.75, 4, 0, 6], "texture": "#0"}
			}
		}
	],
	"display": {
		"head": {
			"translation": [0, 4, -4.25]
		}
	},
	"groups": [
		{
			"name": "crofter",
			"origin": [8, 8, 8],
			"color": 0,
			"children": [0, 1, 2, 3, 4, 5, 6, 7, 8, 9, 10, 11, 12, 13, 14, 15, 16, 17, 18, 19]
		}
	]
}