{
    "type": "origins:simple",
    "name": "§2Ancient Arsenal§r",
    "description": "Your kind was responsible for the creation of tridents and turtle shell helmets, and as such you can use them much more effectively.",
    "badges": [
        {
            "type": "origins:tooltip",
            "sprite": "origins:textures/gui/badge/star.png",
            "text": "You deal 1.5x more damage with tridents. Turtle shell helmets give you thirty seconds of Conduit Power, which works on land."
        }
    ]
}