{
    "type": "origins:action_over_time",
    "hidden": true,
    "interval": 1,
    "entity_action": {
        "type": "origins:apply_effect",
        "effect": {
            "effect": "minecraft:conduit_power",
            "duration": 600,
            "amplifier": 0,
            "is_ambient": true,
            "show_icon": true,
            "show_particles": true
        }
    },
    "condition": {
        "type": "origins:and",
        "conditions": [
            {
                "type": "origins:submerged_in",
                "fluid": "minecraft:water"
            },
            {
                "type": "origins:equipped_item",
                "equipment_slot": "head",
                "item_condition": {
                    "type": "origins:ingredient",
                    "ingredient": {
                        "item": "minecraft:turtle_helmet"
                    }
                }
            }
        ]
    }
}