{
  "parent": "bracken:the_underdark/enter_underdark",
  "display": {
    "title": {
      "translate": "Swept Away"
    },
    "description": {
      "translate": "Enter the eroded basin biome",
      "color": "green"
    },
    "icon": {
      "item": "minecraft:magma_block"
    },
    "frame": "task",
    "show_toast": true,
    "announce_to_chat": true,
    "hidden": false
  },
  "criteria": {
    "bracken:the_underdark/eroded1": {
      "trigger": "minecraft:location",
      "conditions": {
        "player": [
          {
            "condition": "minecraft:entity_properties",
            "entity": "this",
            "predicate": {
              "location": {
                "biome": "bracken:the_underdark/eroded_basin"
              }
            }
          }
        ]
      }
    }
  },
  "requirements": [
    [
      "bracken:the_underdark/eroded1"
    ]
  ]
}
