{
  "parent": "bracken:the_underdark/eroded",
  "display": {
    "title": {
      "translate": "Heavier Than Air"
    },
    "description": {
      "translate": "Walk into a toxic gas cloud",
      "color": "green"
    },
    "icon": {
      "item": "minecraft:skeleton_skull"
    },
    "frame": "task",
    "show_toast": true,
    "announce_to_chat": true,
    "hidden": false
  },
  "criteria": {
    "bracken:the_underdark/gas1": {
      "trigger": "minecraft:location",
      "conditions": {
        "player": [
          {
            "condition": "minecraft:entity_properties",
            "entity": "this",
            "predicate": {
              "type": "minecraft:player",
              "effects": {
                "minecraft:nausea": {}
              }
            }
          },
          {
            "condition": "minecraft:entity_properties",
            "entity": "this",
            "predicate": {
              "location": {
                "dimension": "bracken:the_underdark"
              }
            }
          }
        ]
      }
    }
  },
  "requirements": [
    [
      "bracken:the_underdark/gas1"
    ]
  ]
}
