{
  "parent": "bracken:the_underdark/enter_underdark",
  "display": {
    "title": {
      "translate": "Sunken Landmass"
    },
    "description": {
      "translate": "Enter the petrified forest biome",
      "color": "green"
    },
    "icon": {
      "item": "minecraft:basalt"
    },
    "frame": "task",
    "show_toast": true,
    "announce_to_chat": true,
    "hidden": false
  },
  "criteria": {
    "bracken:the_underdark/petrified_forest1": {
      "trigger": "minecraft:location",
      "conditions": {
        "player": [
          {
            "condition": "minecraft:entity_properties",
            "entity": "this",
            "predicate": {
              "location": {
                "biome": "bracken:the_underdark/petrified_forest"
              }
            }
          }
        ]
      }
    }
  },
  "requirements": [
    [
      "bracken:the_underdark/petrified_forest1"
    ]
  ]
}
