{
    "feature": "nfb_dimensions:beyond_the_clouds/lush/trees",
    "placement": [
        {
            "type": "minecraft:count_on_every_layer",
            "count": {
                "type": "uniform",
                "value": {
                    "min_inclusive": 1,
                    "max_inclusive": 4
                }
            }
        },
        {
            "type": "minecraft:biome"
        },
        {
            "type": "block_predicate_filter",
            "predicate": {
                "type": "minecraft:would_survive",
                "state": {
                    "Name": "minecraft:jungle_sapling",
                    "Properties": {
                        "stage": "0"
                    }
                }
            }
        }
    ]
}