{
    "parent": "vsandmage:exalt_priest",
    "criteria": {
        "a": {
            "trigger": "impossible"
        }
    },
    "display": {
        "icon": {
            "item": "minecraft:golden_sword"
        },
        "title": "§fPreserving the Empire",
        "description": "§aExalt a Sand Soldier to a §eSun Guard§r§a by giving them a §ogolden sword§r§a.\n§e☀ §nSun Guards§r§e attack nearby players and mobs (so long as they're not the one who created them)."
    }
}