{
  "type": "minecraft:archaeology",
  "pools": [
    {
      "rolls": 1,
      "entries": [
        {
          "type": "minecraft:item",
          "weight": 1,
          "name": "minecraft:gravel"
        },
        {
          "type": "minecraft:item",
          "weight": 1,
          "name": "minecraft:player_head",
          "functions": [
            {
              "function": "minecraft:set_count",
              "count": 1
            },
            {
              "function": "minecraft:set_nbt",
              "tag": "{display:{Name:'{\"text\":\"Ancient Ember\",\"color\":\"#E88605\",\"bold\":true}'},SkullOwner:{Id:[I;1769211681,1382891741,-1431144181,1907237621],Properties:{textures:[{Value:\"eyJ0ZXh0dXJlcyI6eyJTS0lOIjp7InVybCI6Imh0dHA6Ly90ZXh0dXJlcy5taW5lY3JhZnQubmV0L3RleHR1cmUvN2E4NzUxMDU3YmNhNmZlZDdhMWFhNmZiNDNhZDc3MzYxYTdlYzg3YjgyZDYzZDdjY2UwZDYwZmQzMTZkZDgzYyJ9fX0=\"}]}}}"
            }
          ]
        },
        {
          "type": "minecraft:item",
          "name": "minecraft:player_head",
          "functions": [
            {
              "function": "minecraft:set_count",
              "count": 1
            },
            {
              "function": "minecraft:set_nbt",
              "tag": "{display:{Name:'{\"text\":\"Recovered Dirt\",\"color\":\"#82450A\",\"bold\":true}'},SkullOwner:{Id:[I;-900730224,900221810,-1296656787,15569554],Properties:{textures:[{Value:\"eyJ0ZXh0dXJlcyI6eyJTS0lOIjp7InVybCI6Imh0dHA6Ly90ZXh0dXJlcy5taW5lY3JhZnQubmV0L3RleHR1cmUvMWNkNDZiMzU4N2IyMGQ4ZDdkYzk4YTdjNzdhMDhkNjE4NzA2NDcyMGU5YzEzOGUxYWM3YzFkOTYwMTgxODg3NCJ9fX0=\"}]}}}"
            }
          ]
        }
      ]
    }
  ]
}
