{
    "type": "origins:simple",
    "name": "Blood Chemistry",
    "description": "You can augment blood vials in your inventory by right-clicking them with an ingredient in your cursor.",
    "badges": [
        {
            "type": "origins:tooltip",
            "sprite": "origins:textures/gui/badge/info.png",
            "text": "Use a blood vial on an identical blood vial to create a concentrated vial, which has 1.5x the effects."
    
        },
        {
            "type": "origins:tooltip",
            "sprite": "origins:textures/gui/badge/info.png",
            "text": "Use certain ingredients on red blood vials to change their blood type to one that corresponds with the ingredient."
    
        },
        {
            "type": "origins:tooltip",
            "sprite": "origins:textures/gui/badge/info.png",
            "text": "Use a golden apple on a Concentrated Bloodsucker blood vial to turn it into Golden Blood, which is nearly as powerful as enchanted golden apples."
    
        }
    ]
}