{
    "type": "origins:multiple",
    "hidden": true,
    "craft_hotblooded": {
        "type": "origins:item_on_item",
        "on_item_condition": {
            "type": "origins:and",
            "conditions": [
                {
                    "type": "origins:ingredient",
                    "ingredient": {
                        "item": "minecraft:potion"
                    }
                },
                {
                    "type": "origins:or",
                    "conditions": [
                        {
                            "type": "origins:nbt",
                            "nbt": "{BloodsuckerBloodBottle:1b}"
                        },
                        {
                            "type": "origins:nbt",
                            "nbt": "{HumanBloodBottle:1b}"
                        },
                        {
                            "type": "origins:nbt",
                            "nbt": "{AnimalBloodBottle:1b}"
                        },
                        {
                            "type": "origins:nbt",
                            "nbt": "{UndeadBloodBottle:1b}"
                        }
                    ]
                },
                {
                    "type": "origins:nbt",
                    "nbt": "{ConcentratedBlood:1b}",
                    "inverted": true
                }
            ]
        },
        "using_item_condition": {
            "type": "origins:and",
            "conditions": [
                {
                    "type": "origins:ingredient",
                    "ingredient": {
                        "tag": "bloodsucker:ingredients/burning"
                    }
                }
            ]
        },
        "on_item_action": {
            "type": "origins:modify",
            "modifier": "bloodsucker:crafting/boil"
        },
        "using_item_action": {
            "type": "origins:consume",
            "amount": 1
        }
    },
    "craft_unstable": {
        "type": "origins:item_on_item",
        "on_item_condition": {
            "type": "origins:and",
            "conditions": [
                {
                    "type": "origins:ingredient",
                    "ingredient": {
                        "item": "minecraft:potion"
                    }
                },
                {
                    "type": "origins:or",
                    "conditions": [
                        {
                            "type": "origins:nbt",
                            "nbt": "{BloodsuckerBloodBottle:1b}"
                        },
                        {
                            "type": "origins:nbt",
                            "nbt": "{HumanBloodBottle:1b}"
                        },
                        {
                            "type": "origins:nbt",
                            "nbt": "{AnimalBloodBottle:1b}"
                        },
                        {
                            "type": "origins:nbt",
                            "nbt": "{UndeadBloodBottle:1b}"
                        }
                    ]
                },
                {
                    "type": "origins:nbt",
                    "nbt": "{ConcentratedBlood:1b}",
                    "inverted": true
                }
            ]
        },
        "using_item_condition": {
            "type": "origins:and",
            "conditions": [
                {
                    "type": "origins:ingredient",
                    "ingredient": {
                        "tag": "bloodsucker:ingredients/ender"
                    }
                }
            ]
        },
        "on_item_action": {
            "type": "origins:modify",
            "modifier": "bloodsucker:crafting/corrupt"
        },
        "using_item_action": {
            "type": "origins:consume",
            "amount": 1
        }
    },
    "craft_frozen": {
        "type": "origins:item_on_item",
        "on_item_condition": {
            "type": "origins:and",
            "conditions": [
                {
                    "type": "origins:ingredient",
                    "ingredient": {
                        "item": "minecraft:potion"
                    }
                },
                {
                    "type": "origins:or",
                    "conditions": [
                        {
                            "type": "origins:nbt",
                            "nbt": "{BloodsuckerBloodBottle:1b}"
                        },
                        {
                            "type": "origins:nbt",
                            "nbt": "{HumanBloodBottle:1b}"
                        },
                        {
                            "type": "origins:nbt",
                            "nbt": "{AnimalBloodBottle:1b}"
                        },
                        {
                            "type": "origins:nbt",
                            "nbt": "{UndeadBloodBottle:1b}"
                        }
                    ]
                },
                {
                    "type": "origins:nbt",
                    "nbt": "{ConcentratedBlood:1b}",
                    "inverted": true
                }
            ]
        },
        "using_item_condition": {
            "type": "origins:and",
            "conditions": [
                {
                    "type": "origins:ingredient",
                    "ingredient": {
                        "tag": "bloodsucker:ingredients/frozen"
                    }
                }
            ]
        },
        "on_item_action": {
            "type": "origins:modify",
            "modifier": "bloodsucker:crafting/freeze"
        },
        "using_item_action": {
            "type": "origins:consume",
            "amount": 1
        }
    },
    "craft_poison": {
        "type": "origins:item_on_item",
        "on_item_condition": {
            "type": "origins:and",
            "conditions": [
                {
                    "type": "origins:ingredient",
                    "ingredient": {
                        "item": "minecraft:potion"
                    }
                },
                {
                    "type": "origins:or",
                    "conditions": [
                        {
                            "type": "origins:nbt",
                            "nbt": "{BloodsuckerBloodBottle:1b}"
                        },
                        {
                            "type": "origins:nbt",
                            "nbt": "{HumanBloodBottle:1b}"
                        },
                        {
                            "type": "origins:nbt",
                            "nbt": "{AnimalBloodBottle:1b}"
                        },
                        {
                            "type": "origins:nbt",
                            "nbt": "{UndeadBloodBottle:1b}"
                        }
                    ]
                },
                {
                    "type": "origins:nbt",
                    "nbt": "{ConcentratedBlood:1b}",
                    "inverted": true
                }
            ]
        },
        "using_item_condition": {
            "type": "origins:and",
            "conditions": [
                {
                    "type": "origins:ingredient",
                    "ingredient": {
                        "tag": "bloodsucker:ingredients/poisoned"
                    }
                }
            ]
        },
        "on_item_action": {
            "type": "origins:modify",
            "modifier": "bloodsucker:crafting/poison"
        },
        "using_item_action": {
            "type": "origins:consume",
            "amount": 1
        }
    },
    "golden_blood": {
        "type": "origins:item_on_item",
        "on_item_condition": {
            "type": "origins:and",
            "conditions": [
                {
                    "type": "origins:ingredient",
                    "ingredient": {
                        "item": "minecraft:potion"
                    }
                },
                {
                    "type": "origins:nbt",
                    "nbt": "{BloodsuckerBloodBottle:1b}"
                },
                {
                    "type": "origins:nbt",
                    "nbt": "{ConcentratedBlood:1b}"
                }
            ]
        },
        "using_item_condition": {
            "type": "origins:and",
            "conditions": [
                {
                    "type": "origins:ingredient",
                    "ingredient": {
                        "item": "minecraft:golden_apple"
                    }
                }
            ]
        },
        "on_item_action": {
            "type": "origins:modify",
            "modifier": "bloodsucker:crafting/golden_blood"
        },
        "using_item_action": {
            "type": "origins:consume",
            "amount": 1
        }
    }
}