{
    "type": "origins:multiple",
    "hidden": true,
    "tooltip": {
        "type": "origins:tooltip",
        "item_condition": {
            "type": "origins:and",
            "conditions": [
                {
                    "type": "origins:ingredient",
                    "ingredient": {
                        "item": "minecraft:potion"
                    }
                },
                {
                    "type": "origins:nbt",
                    "nbt": "{ConcentratedBlood:1b}"
                }
            ]
        },
        "text": {
            "color": "green",
            "underline": true,
            "italic": false,
            "text": "Concentrated! 1.5x as effective!"
        }
    },
    "concentrate_bloodsucker": {
        "type": "origins:item_on_item",
        "on_item_condition": {
            "type": "origins:and",
            "conditions": [
                {
                    "type": "origins:ingredient",
                    "ingredient": {
                        "item": "minecraft:potion"
                    }
                },
                {
                    "type": "origins:nbt",
                    "nbt": "{BloodsuckerBloodBottle:1b}"
                },
                {
                    "type": "origins:nbt",
                    "nbt": "{ConcentratedBlood:1b}",
                    "inverted": true
                }
            ]
        },
        "using_item_condition": {
            "type": "origins:and",
            "conditions": [
                {
                    "type": "origins:ingredient",
                    "ingredient": {
                        "item": "minecraft:potion"
                    }
                },
                {
                    "type": "origins:nbt",
                    "nbt": "{BloodsuckerBloodBottle:1b}"
                },
                {
                    "type": "origins:nbt",
                    "nbt": "{ConcentratedBlood:1b}",
                    "inverted": true
                }
            ]
        },
        "on_item_action": {
            "type": "origins:modify",
            "modifier": "bloodsucker:crafting/concentrate"
        },
        "using_item_action": {
            "type": "origins:consume",
            "amount": 1
        },
        "entity_action": {
            "type": "origins:give",
            "stack": {
                "item": "minecraft:glass_bottle"
            }
        }
    },
    "concentrate_human": {
        "type": "origins:item_on_item",
        "on_item_condition": {
            "type": "origins:and",
            "conditions": [
                {
                    "type": "origins:ingredient",
                    "ingredient": {
                        "item": "minecraft:potion"
                    }
                },
                {
                    "type": "origins:nbt",
                    "nbt": "{HumanBloodBottle:1b}"
                },
                {
                    "type": "origins:nbt",
                    "nbt": "{ConcentratedBlood:1b}",
                    "inverted": true
                }
            ]
        },
        "using_item_condition": {
            "type": "origins:and",
            "conditions": [
                {
                    "type": "origins:ingredient",
                    "ingredient": {
                        "item": "minecraft:potion"
                    }
                },
                {
                    "type": "origins:nbt",
                    "nbt": "{HumanBloodBottle:1b}"
                },
                {
                    "type": "origins:nbt",
                    "nbt": "{ConcentratedBlood:1b}",
                    "inverted": true
                }
            ]
        },
        "on_item_action": {
            "type": "origins:modify",
            "modifier": "bloodsucker:crafting/concentrate"
        },
        "using_item_action": {
            "type": "origins:consume",
            "amount": 1
        },
        "entity_action": {
            "type": "origins:give",
            "stack": {
                "item": "minecraft:glass_bottle"
            }
        }
    },
    "concentrate_animal": {
        "type": "origins:item_on_item",
        "on_item_condition": {
            "type": "origins:and",
            "conditions": [
                {
                    "type": "origins:ingredient",
                    "ingredient": {
                        "item": "minecraft:potion"
                    }
                },
                {
                    "type": "origins:nbt",
                    "nbt": "{AnimalBloodBottle:1b}"
                },
                {
                    "type": "origins:nbt",
                    "nbt": "{ConcentratedBlood:1b}",
                    "inverted": true
                }
            ]
        },
        "using_item_condition": {
            "type": "origins:and",
            "conditions": [
                {
                    "type": "origins:ingredient",
                    "ingredient": {
                        "item": "minecraft:potion"
                    }
                },
                {
                    "type": "origins:nbt",
                    "nbt": "{AnimalBloodBottle:1b}"
                },
                {
                    "type": "origins:nbt",
                    "nbt": "{ConcentratedBlood:1b}",
                    "inverted": true
                }
            ]
        },
        "on_item_action": {
            "type": "origins:modify",
            "modifier": "bloodsucker:crafting/concentrate"
        },
        "using_item_action": {
            "type": "origins:consume",
            "amount": 1
        },
        "entity_action": {
            "type": "origins:give",
            "stack": {
                "item": "minecraft:glass_bottle"
            }
        }
    },
    "concentrate_corpse": {
        "type": "origins:item_on_item",
        "on_item_condition": {
            "type": "origins:and",
            "conditions": [
                {
                    "type": "origins:ingredient",
                    "ingredient": {
                        "item": "minecraft:potion"
                    }
                },
                {
                    "type": "origins:nbt",
                    "nbt": "{UndeadBloodBottle:1b}"
                },
                {
                    "type": "origins:nbt",
                    "nbt": "{ConcentratedBlood:1b}",
                    "inverted": true
                }
            ]
        },
        "using_item_condition": {
            "type": "origins:and",
            "conditions": [
                {
                    "type": "origins:ingredient",
                    "ingredient": {
                        "item": "minecraft:potion"
                    }
                },
                {
                    "type": "origins:nbt",
                    "nbt": "{UndeadBloodBottle:1b}"
                },
                {
                    "type": "origins:nbt",
                    "nbt": "{ConcentratedBlood:1b}",
                    "inverted": true
                }
            ]
        },
        "on_item_action": {
            "type": "origins:modify",
            "modifier": "bloodsucker:crafting/concentrate"
        },
        "using_item_action": {
            "type": "origins:consume",
            "amount": 1
        },
        "entity_action": {
            "type": "origins:give",
            "stack": {
                "item": "minecraft:glass_bottle"
            }
        }
    },
    "concentrate_hotblooded": {
        "type": "origins:item_on_item",
        "on_item_condition": {
            "type": "origins:and",
            "conditions": [
                {
                    "type": "origins:ingredient",
                    "ingredient": {
                        "item": "minecraft:potion"
                    }
                },
                {
                    "type": "origins:nbt",
                    "nbt": "{HotBloodBottle:1b}"
                },
                {
                    "type": "origins:nbt",
                    "nbt": "{ConcentratedBlood:1b}",
                    "inverted": true
                }
            ]
        },
        "using_item_condition": {
            "type": "origins:and",
            "conditions": [
                {
                    "type": "origins:ingredient",
                    "ingredient": {
                        "item": "minecraft:potion"
                    }
                },
                {
                    "type": "origins:nbt",
                    "nbt": "{HotBloodBottle:1b}"
                },
                {
                    "type": "origins:nbt",
                    "nbt": "{ConcentratedBlood:1b}",
                    "inverted": true
                }
            ]
        },
        "on_item_action": {
            "type": "origins:modify",
            "modifier": "bloodsucker:crafting/concentrate"
        },
        "using_item_action": {
            "type": "origins:consume",
            "amount": 1
        },
        "entity_action": {
            "type": "origins:give",
            "stack": {
                "item": "minecraft:glass_bottle"
            }
        }
    },
    "concentrate_unstable": {
        "type": "origins:item_on_item",
        "on_item_condition": {
            "type": "origins:and",
            "conditions": [
                {
                    "type": "origins:ingredient",
                    "ingredient": {
                        "item": "minecraft:potion"
                    }
                },
                {
                    "type": "origins:nbt",
                    "nbt": "{UnstableBloodBottle:1b}"
                },
                {
                    "type": "origins:nbt",
                    "nbt": "{ConcentratedBlood:1b}",
                    "inverted": true
                }
            ]
        },
        "using_item_condition": {
            "type": "origins:and",
            "conditions": [
                {
                    "type": "origins:ingredient",
                    "ingredient": {
                        "item": "minecraft:potion"
                    }
                },
                {
                    "type": "origins:nbt",
                    "nbt": "{UnstableBloodBottle:1b}"
                },
                {
                    "type": "origins:nbt",
                    "nbt": "{ConcentratedBlood:1b}",
                    "inverted": true
                }
            ]
        },
        "on_item_action": {
            "type": "origins:modify",
            "modifier": "bloodsucker:crafting/concentrate"
        },
        "using_item_action": {
            "type": "origins:consume",
            "amount": 1
        },
        "entity_action": {
            "type": "origins:give",
            "stack": {
                "item": "minecraft:glass_bottle"
            }
        }
    },
    "concentrate_frozen": {
        "type": "origins:item_on_item",
        "on_item_condition": {
            "type": "origins:and",
            "conditions": [
                {
                    "type": "origins:ingredient",
                    "ingredient": {
                        "item": "minecraft:potion"
                    }
                },
                {
                    "type": "origins:nbt",
                    "nbt": "{FrozenBloodBottle:1b}"
                },
                {
                    "type": "origins:nbt",
                    "nbt": "{ConcentratedBlood:1b}",
                    "inverted": true
                }
            ]
        },
        "using_item_condition": {
            "type": "origins:and",
            "conditions": [
                {
                    "type": "origins:ingredient",
                    "ingredient": {
                        "item": "minecraft:potion"
                    }
                },
                {
                    "type": "origins:nbt",
                    "nbt": "{FrozenBloodBottle:1b}"
                },
                {
                    "type": "origins:nbt",
                    "nbt": "{ConcentratedBlood:1b}",
                    "inverted": true
                }
            ]
        },
        "on_item_action": {
            "type": "origins:modify",
            "modifier": "bloodsucker:crafting/concentrate"
        },
        "using_item_action": {
            "type": "origins:consume",
            "amount": 1
        },
        "entity_action": {
            "type": "origins:give",
            "stack": {
                "item": "minecraft:glass_bottle"
            }
        }
    },
    "concentrate_poisonous": {
        "type": "origins:item_on_item",
        "on_item_condition": {
            "type": "origins:and",
            "conditions": [
                {
                    "type": "origins:ingredient",
                    "ingredient": {
                        "item": "minecraft:potion"
                    }
                },
                {
                    "type": "origins:nbt",
                    "nbt": "{PoisonousBloodBottle:1b}"
                },
                {
                    "type": "origins:nbt",
                    "nbt": "{ConcentratedBlood:1b}",
                    "inverted": true
                }
            ]
        },
        "using_item_condition": {
            "type": "origins:and",
            "conditions": [
                {
                    "type": "origins:ingredient",
                    "ingredient": {
                        "item": "minecraft:potion"
                    }
                },
                {
                    "type": "origins:nbt",
                    "nbt": "{PoisonousBloodBottle:1b}"
                },
                {
                    "type": "origins:nbt",
                    "nbt": "{ConcentratedBlood:1b}",
                    "inverted": true
                }
            ]
        },
        "on_item_action": {
            "type": "origins:modify",
            "modifier": "bloodsucker:crafting/concentrate"
        },
        "using_item_action": {
            "type": "origins:consume",
            "amount": 1
        }
    }
}