{
    "type": "origins:multiple",
    "hidden": true,
    "recipe": {
        "type": "origins:modify_crafting",
        "recipe": "bloodsucker:sacrificial_dagger",
        "result": {
            "item": "minecraft:iron_sword"
        },
        "item_action": {
            "type": "origins:modify",
            "modifier": "bloodsucker:crafting/sacrificial_dagger"
        }
    },
    "recipe2": {
        "type": "origins:item_on_item",
        "on_item_condition": {
            "type": "origins:ingredient",
            "ingredient": {
                "item": "minecraft:iron_sword"
            }
        },
        "using_item_condition": {
            "type": "origins:and",
            "conditions": [
                {
                    "type": "origins:ingredient",
                    "ingredient": {
                        "item": "minecraft:redstone"
                    }
                },
                {
                    "type": "origins:amount",
                    "compare_to": 2,
                    "comparison": ">="
                }
            ]
        },
        "on_item_action": {
            "type": "origins:modify",
            "modifier": "bloodsucker:crafting/sacrificial_dagger"
        },
        "using_item_action": {
            "type": "origins:consume",
            "amount": 2
        }
    }
}