{
  "pools": [
    {
      "rolls": 1,
      "entries": [
        {
          "type": "item",
          "name": "minecraft:leather_chestplate",
          "weight": 1,
          "functions": [
            {
              "function": "set_nbt",
              "tag": "{display:{Name:'{\"text\":\"Vitality Chestplate\",\"color\":\"dark_green\",\"bold\":true}',Lore:['{\"text\":\"one of three\",\"color\":\"gold\"}'],color:5164056},AttributeModifiers:[{AttributeName:\"generic.max_health\",Name:\"generic.max_health\",Amount:.20,Operation:2,UUID:[I;-779609271,1242385125,-1582455937,661836394],Slot:\"chest\"}]}"
            }
          ]
        },
        {
          "type": "item",
          "name": "minecraft:rotten_flesh",
          "weight": 5
        },
        {
          "type": "item",
          "name": "minecraft:gunpowder",
          "weight": 5
        }
      ]
    }
  ]
}
