{
    "type": "random_patch",
    "config": {
        "xz_spread": 0,
        "y_spread": 0,
        "tries": 8,
        "feature": {
            "placement": [],
            "feature": {
                "config": {
                    "default": {
                        "placement": [],
                        "feature": {
                            "type": "random_patch",
                            "config": {
                                "xz_spread": 2,
                                "y_spread": 9,
                                "tries": 4,
                                "feature": {
                                    "placement": [
                                        {
                                            "type": "environment_scan",
                                            "direction_of_search": "down",
                                            "max_steps": 24,
                                            "target_condition": {
                                                "type": "all_of",
                                                "predicates": [
                                                    {
                                                        "type": "minecraft:solid",
                                                        "offset": [
                                                            0,
                                                            -1,
                                                            0
                                                        ]
                                                    },
                                                    {
                                                        "type": "minecraft:not",
                                                        "predicate": {
                                                            "type": "minecraft:solid",
                                                            "offset": [
                                                                0,
                                                                0,
                                                                0
                                                            ]
                                                        }
                                                    }
                                                ]
                                            }
                                        },
                                        {
                                            "type": "environment_scan",
                                            "direction_of_search": "up",
                                            "max_steps": 24,
                                            "target_condition": {
                                                "type": "all_of",
                                                "predicates": [
                                                    {
                                                        "type": "minecraft:solid",
                                                        "offset": [
                                                            0,
                                                            -1,
                                                            0
                                                        ]
                                                    },
                                                    {
                                                        "type": "minecraft:not",
                                                        "predicate": {
                                                            "type": "minecraft:solid",
                                                            "offset": [
                                                                0,
                                                                0,
                                                                0
                                                            ]
                                                        }
                                                    }
                                                ]
                                            }
                                        }
                                    ],
                                    "feature": {
                                        "config": {
                                            "to_place": {
                                                "type": "weighted_state_provider",
                                                "entries": [
                                                    {
                                                        "data": {
                                                            "Name": "minecraft:amethyst_block"
                                                        },
                                                        "weight": 9
                                                    },
                                                    {
                                                        "data": {
                                                            "Name": "minecraft:budding_amethyst"
                                                        },
                                                        "weight": 1
                                                    }
                                                ]
                                            }
                                        },
                                        "type": "simple_block"
                                    }
                                }
                            }
                        }
                    },
                    "features": [
                        {
                            "chance": 0.35,
                            "feature": {
                                "placement": [],
                                "feature": {
                                    "type": "random_patch",
                                    "config": {
                                        "xz_spread": 2,
                                        "y_spread": 24,
                                        "tries": 16,
                                        "feature": {
                                            "placement": [
                                                {
                                                    "type": "environment_scan",
                                                    "direction_of_search": "down",
                                                    "max_steps": 32,
                                                    "target_condition": {
                                                        "type": "all_of",
                                                        "predicates": [
                                                            {
                                                                "type": "minecraft:solid",
                                                                "offset": [
                                                                    0,
                                                                    -1,
                                                                    0
                                                                ]
                                                            },
                                                            {
                                                                "type": "minecraft:not",
                                                                "predicate": {
                                                                    "type": "minecraft:solid",
                                                                    "offset": [
                                                                        0,
                                                                        0,
                                                                        0
                                                                    ]
                                                                }
                                                            }
                                                        ]
                                                    }
                                                },
                                                {
                                                    "type": "environment_scan",
                                                    "direction_of_search": "up",
                                                    "max_steps": 32,
                                                    "target_condition": {
                                                        "type": "all_of",
                                                        "predicates": [
                                                            {
                                                                "type": "minecraft:solid",
                                                                "offset": [
                                                                    0,
                                                                    -1,
                                                                    0
                                                                ]
                                                            },
                                                            {
                                                                "type": "minecraft:not",
                                                                "predicate": {
                                                                    "type": "minecraft:solid",
                                                                    "offset": [
                                                                        0,
                                                                        0,
                                                                        0
                                                                    ]
                                                                }
                                                            }
                                                        ]
                                                    }
                                                }
                                            ],
                                            "feature": {
                                                "config": {
                                                    "to_place": {
                                                        "type": "weighted_state_provider",
                                                        "entries": [
                                                            {
                                                                "data": {
                                                                    "Name": "minecraft:amethyst_block"
                                                                },
                                                                "weight": 9
                                                            },
                                                            {
                                                                "data": {
                                                                    "Name": "minecraft:budding_amethyst"
                                                                },
                                                                "weight": 1
                                                            }
                                                        ]
                                                    }
                                                },
                                                "type": "simple_block"
                                            }
                                        }
                                    }
                                }
                            }
                        },
                        {
                            "chance": 0.65,
                            "feature": {
                                "placement": [],
                                "feature": {
                                    "type": "random_patch",
                                    "config": {
                                        "xz_spread": 1,
                                        "y_spread": 24,
                                        "tries": 16,
                                        "feature": {
                                            "placement": [
                                                {
                                                    "type": "environment_scan",
                                                    "direction_of_search": "down",
                                                    "max_steps": 32,
                                                    "target_condition": {
                                                        "type": "all_of",
                                                        "predicates": [
                                                            {
                                                                "type": "minecraft:solid",
                                                                "offset": [
                                                                    0,
                                                                    -1,
                                                                    0
                                                                ]
                                                            },
                                                            {
                                                                "type": "minecraft:not",
                                                                "predicate": {
                                                                    "type": "minecraft:solid",
                                                                    "offset": [
                                                                        0,
                                                                        0,
                                                                        0
                                                                    ]
                                                                }
                                                            }
                                                        ]
                                                    }
                                                },
                                                {
                                                    "type": "environment_scan",
                                                    "direction_of_search": "up",
                                                    "max_steps": 32,
                                                    "target_condition": {
                                                        "type": "all_of",
                                                        "predicates": [
                                                            {
                                                                "type": "minecraft:solid",
                                                                "offset": [
                                                                    0,
                                                                    -1,
                                                                    0
                                                                ]
                                                            },
                                                            {
                                                                "type": "minecraft:not",
                                                                "predicate": {
                                                                    "type": "minecraft:solid",
                                                                    "offset": [
                                                                        0,
                                                                        0,
                                                                        0
                                                                    ]
                                                                }
                                                            }
                                                        ]
                                                    }
                                                }
                                            ],
                                            "feature": {
                                                "config": {
                                                    "to_place": {
                                                        "type": "weighted_state_provider",
                                                        "entries": [
                                                            {
                                                                "data": {
                                                                    "Name": "minecraft:amethyst_block"
                                                                },
                                                                "weight": 9
                                                            },
                                                            {
                                                                "data": {
                                                                    "Name": "minecraft:budding_amethyst"
                                                                },
                                                                "weight": 1
                                                            }
                                                        ]
                                                    }
                                                },
                                                "type": "simple_block"
                                            }
                                        }
                                    }
                                }
                            }
                        }
                    ]
                },
                "type": "random_selector"
            }
        }
    }
}