{
  "feature": "nfb_dimensions:beyond_the_clouds/cherry/bush",
  "placement": [
    {
      "type": "minecraft:count_on_every_layer",
      "count": {
        "type": "weighted_list",
        "distribution": [
            {
                "data": 0,
                "weight": 2
            },
            {
                "data": 1,
                "weight": 2
            },
            {
              "data": 2,
              "weight": 1
            }
        ]
      }
    },
    {
      "type": "minecraft:biome"
    },
    {
      "type": "block_predicate_filter",
      "predicate": {
          "type": "minecraft:would_survive",
          "state": {
              "Name": "minecraft:cherry_sapling",
              "Properties": {
                  "stage": "0"
              }
          }
      }
  }
  ]
}