{
    "feature": "nfb_dimensions:beyond_the_clouds/cherry/cherry_tree",
    "placement": [
        {
            "type": "minecraft:count_on_every_layer",
            "count": {
                "type": "weighted_list",
                "distribution": [
                    {
                        "data": 0,
                        "weight": 1
                    },
                    {
                        "data": 1,
                        "weight": 3
                    },
                    {
                        "data": 2,
                        "weight": 2
                    },
                    {
                        "data": 3,
                        "weight": 3
                    },
                    {
                        "data": 4,
                        "weight": 1
                    }
                ]
            }
        },
        {
            "type": "minecraft:biome"
        },
        {
            "type": "block_predicate_filter",
            "predicate": {
                "type": "minecraft:would_survive",
                "state": {
                    "Name": "minecraft:cherry_sapling",
                    "Properties": {
                        "stage": "0"
                    }
                }
            }
        }
    ]
}