{
    "type": "tree",
    "config": {
        "trunk_provider": {
            "type": "minecraft:simple_state_provider",
            "state": {
                "Name": "minecraft:oak_log",
                "Properties": {
                    "axis": "y"
                }
            }
        },
        "trunk_placer": {
            "type": "straight_trunk_placer",
            "base_height": 0,
            "height_rand_a": 0,
            "height_rand_b": 1
        },
        "dirt_provider": {
            "type": "minecraft:simple_state_provider",
            "state": {
                "Name": "minecraft:dirt"
            }
        },
        "foliage_placer": {
            "type": "blob_foliage_placer",
            "height": 1,
            "offset": 0,
            "radius": 2
        },
        "foliage_provider": {
            "type": "minecraft:weighted_state_provider",
            "entries": [
                {
                    "data": {
                        "Name": "oak_leaves",
                        "Properties": {
                            "distance": "4",
                            "persistent": "false",
                            "waterlogged": "false"
                        }
                    },
                    "weight": 2
                },
                {
                    "data": {
                        "Name": "minecraft:air"
                    },
                    "weight": 1
                }
            ]
        },
        "decorators": [],
        "minimum_size": {
            "type": "minecraft:two_layers_feature_size",
            "limit": 0,
            "lower_size": 0,
            "upper_size": 1
        },
        "force_dirt": false,
        "ignore_vines": true
    }
}