{
    "name": "Your Best Nightmare",
    "description": "Your HP is equal to the last soul you absorbed.",
    "type": "origins:multiple",
    "res": {
        "type": "origins:resource",
        "min": 1,
        "max": 500,
        "hud_render": {
            "should_render": false
        }
    },
    "hp": {
        "type": "origins:modify_attribute",
        "attribute": "minecraft:generic.max_health",
        "modifier": {
            "value": 0,
            "operation": "addition",
            "resource": "*:*_res"
        }
    },
    "healtofull": {
        "type": "origins:action_on_callback",
        "entity_action_added": {
            "type": "origins:and",
            "actions": [
                {
                    "type": "origins:execute_command",
                    "command": "resource operation @s vheretic:horror/maxhp_res = @s vheretic.newhp"
                },
                {
                    "type": "origins:heal",
                    "amount": 500
                }
            ]
        }
    }
}