{
    "name": "Burn in Despair",
    "description": "Your form expires in 30 seconds. Stop reading this!",
    "type": "origins:multiple",
    "cd": {
        "type": "origins:cooldown",
        "cooldown": 600,
        "hud_render": {
            "should_render": false
        }
    },
    "callback": {
        "type": "origins:action_on_callback",
        "entity_action_added": {
            "type": "origins:delay",
            "ticks": 1,
            "action": {
                "type": "origins:trigger_cooldown",
                "power": "*:*_cd"
            }
        }
    },
    "revoke": {
        "type": "origins:action_over_time",
        "interval": 2,
        "rising_action": {
            "type": "origins:and",
            "actions": [
                {
                    "type": "origins:execute_command",
                    "command": "origin set @s origins:origin vheretic:heretic"
                },
                {
                    "type": "origins:heal",
                    "amount": 0.01
                },
                {
                    "type": "origins:grant_power",
                    "power": "*:effects/weak",
                    "source": "vheretic:debuff"
                }
            ]
        },
        "condition": {
            "type": "origins:resource",
            "resource": "*:*_cd",
            "compare_to": 0,
            "comparison": "=="
        }
    }
}