{
    "type": "origins:action_on_callback",
	"name": "Dwarven Stature",
	"description": "Dwarves have short limbs, allowing you to fit into narrow tunnels. This, sadly, means that you are not a natural sprinter.",
    "entity_action_added": {
		"type": "origins:and",
		"actions": [
		{
			"type": "origins:execute_command",
			"command": "scale set pehkui:height 0.65 @s"
		},
		{
			"type": "origins:execute_command",
			"command": "scale set pehkui:width 0.8 @s"
		},
		{
			"type": "origins:execute_command",
			"command": "scale persist set true @s"
		}
		]
    },
    "entity_action_lost": {
        "type": "origins:execute_command",
        "command": "scale reset @s"
    }
}