{
    "parent": "bracken:glacium/enter_glacium",
    "display": {
        "title": {
            "translate": "Meltdown!"
        },
        "description": {
            "translate": "Approach the frozen throne to awaken the Viceroy from their slumber",
            "color": "green"
        },
        "icon": {
            "item": "minecraft:seagrass"
        },
        "frame": "task",
        "show_toast": true,
        "announce_to_chat": true,
        "hidden": false
    },
    "criteria": {
        "bracken:glacium/wake1": {
            "trigger": "minecraft:impossible"
        }
    },
    "requirements": [
        [
            "bracken:glacium/wake1"
        ]
    ]
}
