{
	"powers": [
		"kindling:heat",
		"origins:nether_spawn",
		"kindling:fire_immunity",
		"kindling:flaming_dash",
		"kindling:overheat",
		"kindling:crackling",
		"kindling:firestarter",
		"kindling:hydrophobia",
		"kindling:extinguish",
		"kindling:no_regen",
		"kindling:no_elytra",
		"origins:flame_particle",
		"kindling:claim_detection",
		"creator_silent:bemoseemo/credits"
	],
	"icon": "minecraft:coal",
	"order": 1,
	"impact": 3,
	"name": "Kindling",
	"description": "The Kindling is a lesser fire spirit born from the sparks of the powerful Hell Forges in the fiery Nether."
}