{
    "replace": false,
    "values": [
        {
            "id": "croptopia:beef_jerky",
            "required": false
        },
        {
            "id": "croptopia:pork_jerky",
            "required": false
        },
        {
            "id": "croptopia:pork_and_beans",
            "required": false
        },
        {
            "id": "croptopia:blt",
            "required": false
        },
        {
            "id": "croptopia:cheeseburger",
            "required": false
        },
        {
            "id": "croptopia:hamburger",
            "required": false
        },
        {
            "id": "croptopia:supreme_pizza",
            "required": false
        },
        {
            "id": "croptopia:pineapple_pepperoni_pizza",
            "required": false
        },
        {
            "id": "croptopia:lemon_chicken",
            "required": false
        },
        {
            "id": "croptopia:fried_chicken",
            "required": false
        },
        {
            "id": "croptopia:chicken_and_noodles",
            "required": false
        },
        {
            "id": "croptopia:chicken_and_dumplings",
            "required": false
        },
        {
            "id": "croptopia:chicken_and_rice",
            "required": false
        },
        {
            "id": "croptopia:taco",
            "required": false
        },
        {
            "id": "croptopia:sushi",
            "required": false
        },
        {
            "id": "croptopia:cashew_chicken",
            "required": false
        },
        {
            "id": "croptopia:carnitas",
            "required": false
        },
        {
            "id": "croptopia:fajitas",
            "required": false
        },
        {
            "id": "croptopia:enchilada",
            "required": false
        },
        {
            "id": "croptopia:tamales",
            "required": false
        },
        {
            "id": "croptopia:stuffed_poblanos",
            "required": false
        },
        {
            "id": "croptopia:quesadilla",
            "required": false
        },
        {
            "id": "croptopia:shepherds_pie",
            "required": false
        },
        {
            "id": "croptopia:beef_wellington",
            "required": false
        },
        {
            "id": "croptopia:fish_and_chips",
            "required": false
        },
        {
            "id": "croptopia:cornish_pasty",
            "required": false
        },
        {
            "id": "croptopia:beef_stew",
            "required": false
        },
        {
            "id": "croptopia:beef_stir_fry",
            "required": false
        },
        {
            "id": "croptopia:cooked_bacon",
            "required": false
        },
        {
            "id": "croptopia:bacon",
            "required": false
        },
        {
            "id": "croptopia:potato_soup",
            "required": false
        },
        {
            "id": "croptopia:pepperoni",
            "required": false
        },
        {
            "id": "croptopia:big_breakfast",
            "required": false
        },
        {
            "id": "croptopia:glowing_calamari",
            "required": false
        },
        {
            "id": "croptopia:cooked_anchovy",
            "required": false
        },
        {
            "id": "croptopia:cooked_shrimp",
            "required": false
        },
        {
            "id": "croptopia:cooked_tuna",
            "required": false
        },
        {
            "id": "croptopia:pepperoni",
            "required": false
        },
        {
            "id": "croptopia:scrambled_eggs",
            "required": false
        },
        {
            "id": "croptopia:ham_sandwich",
            "required": false
        },
        {
            "id": "croptopia:tuna_sandwich",
            "required": false
        },
        {
            "id": "croptopia:egg_roll",
            "required": false
        },
        {
            "id": "croptopia:cabbage_roll",
            "required": false
        },
        {
            "id": "croptopia:goulash",
            "required": false
        },
        {
            "id": "croptopia:steamed_crab",
            "required": false
        },
        {
            "id": "croptopia:deep_fried_shrimp",
            "required": false
        },
        {
            "id": "croptopia:tuna_roll",
            "required": false
        },
        {
            "id": "croptopia:fried_calamari",
            "required": false
        },
        {
            "id": "croptopia:crab_legs",
            "required": false
        },
        {
            "id": "croptopia:steamed_clams",
            "required": false
        },
        {
            "id": "croptopia:grilled_oysters",
            "required": false
        },
        {
            "id": "croptopia:anchovy_pizza",
            "required": false
        },
        {
            "id": "croptopia:croque_madame",
            "required": false
        },
        {
            "id": "croptopia:croque_monsieur",
            "required": false
        },
        {
            "id": "croptopia:frog_legs",
            "required": false
        },
        {
            "id": "croptopia:fried_frog_legs",
            "required": false
        },
        {
            "id": "croptopia:ground_pork",
            "required": false
        },
        {
            "id": "croptopia:sausage",
            "required": false
        },
        {
            "id": "croptopia:the_big_breakfast",
            "required": false
        }
    ]
}