{
    "parent": "bracken:panacea/rain",
    "display": {
        "title": {
            "translate": "Second Breakfast"
        },
        "description": {
            "translate": "Consume lembas breadfruit",
            "color": "green"
        },
        "icon": {
            "item": "minecraft:apple",
            "nbt": "{CustomModelData:888501}"
        },
        "frame": "task",
        "show_toast": true,
        "announce_to_chat": true,
        "hidden": false
    },
    "criteria": {
        "bracken:panacea/breadfruit1": {
            "trigger": "minecraft:consume_item",
            "conditions": {
                "item": {
                    "items": [
                        "minecraft:apple"
                    ],
                    "nbt": "{CustomModelData:888501}"
                }
              }
        }
    },
    "requirements": [
        [
            "bracken:panacea/breadfruit1"
        ]
    ]
}
