{
    "parent": "bracken:panacea/creeper",
    "display": {
        "title": {
            "translate": "Another Anomaly"
        },
        "description": {
            "translate": "Enter the creeper pyramid",
            "color": "green"
        },
        "icon": {
            "item": "minecraft:mossy_cobblestone"
        },
        "frame": "task",
        "show_toast": true,
        "announce_to_chat": true,
        "hidden": false
    },
    "criteria": {
        "bracken:panacea/pyramid1": {
            "trigger": "minecraft:location",
            "conditions": {
                "player": [
                    {
                        "condition": "minecraft:entity_properties",
                        "entity": "this",
                        "predicate": {
                            "location": {
                                "dimension": "bracken:panacea",
                                "structure": "bracken:panacea_creeper_pyramid"
                            }
                        }
                    }
                ]
            }
        }
    },
    "requirements": [
        [
            "bracken:panacea/pyramid1"
        ]
    ]
}
