{
	"credit": "Made with Blockbench",
	"texture_size": [32, 32],
	"textures": {
		"0": "manic:block/grimstone_chains/main",
		"particle": "manic:block/grimstone_plinth/particles"
	},
	"elements": [
		{
			"name": "Top",
			"from": [7.75, 2, 6.5],
			"to": [8.25, 2.5, 9.5],
			"rotation": {"angle": 0, "axis": "y", "origin": [8, -1.75, 8]},
			"faces": {
				"north": {"uv": [7, 0, 8, 1], "texture": "#0"},
				"east": {"uv": [0, 0, 6, 1], "texture": "#0"},
				"south": {"uv": [7, 0, 8, 1], "texture": "#0"},
				"west": {"uv": [0, 0, 6, 1], "texture": "#0"},
				"up": {"uv": [0, 10, 6, 11], "rotation": 90, "texture": "#0"},
				"down": {"uv": [0, 9, 6, 10], "rotation": 90, "texture": "#0"}
			}
		},
		{
			"name": "Side2",
			"from": [7.75, 0, 9],
			"to": [8.25, 2, 9.5],
			"rotation": {"angle": 0, "axis": "y", "origin": [8, -1.75, 8]},
			"faces": {
				"north": {"uv": [6, 1, 7, 5], "texture": "#0"},
				"east": {"uv": [0, 1, 1, 5], "texture": "#0"},
				"south": {"uv": [7, 1, 8, 5], "texture": "#0"},
				"west": {"uv": [5, 1, 6, 5], "texture": "#0"},
				"up": {"uv": [6, 0, 7, 1], "rotation": 90, "texture": "#0"},
				"down": {"uv": [6, 8, 7, 9], "rotation": 270, "texture": "#0"}
			}
		},
		{
			"name": "Side3",
			"from": [7.75, 0, 6.5],
			"to": [8.25, 2, 7],
			"rotation": {"angle": 0, "axis": "y", "origin": [8, -1.75, 8]},
			"faces": {
				"north": {"uv": [7, 1, 8, 5], "texture": "#0"},
				"east": {"uv": [5, 1, 6, 5], "texture": "#0"},
				"south": {"uv": [6, 1, 7, 5], "texture": "#0"},
				"west": {"uv": [0, 1, 1, 5], "texture": "#0"},
				"up": {"uv": [6, 0, 7, 1], "rotation": 90, "texture": "#0"},
				"down": {"uv": [6, 8, 7, 9], "rotation": 270, "texture": "#0"}
			}
		},
		{
			"name": "Bottom",
			"from": [6.5, 1.5, 7.75],
			"to": [9.5, 2, 8.25],
			"rotation": {"angle": 0, "axis": "y", "origin": [8, 1.75, 8]},
			"faces": {
				"north": {"uv": [0, 8, 6, 9], "texture": "#0"},
				"east": {"uv": [7, 8, 8, 9], "texture": "#0"},
				"south": {"uv": [0, 8, 6, 9], "texture": "#0"},
				"west": {"uv": [7, 8, 8, 9], "texture": "#0"},
				"up": {"uv": [0, 9, 6, 10], "texture": "#0"},
				"down": {"uv": [0, 10, 6, 11], "rotation": 180, "texture": "#0"}
			}
		},
		{
			"name": "Top",
			"from": [6.5, 5.5, 7.75],
			"to": [9.5, 6, 8.25],
			"rotation": {"angle": 0, "axis": "y", "origin": [8, 1.75, 8]},
			"faces": {
				"north": {"uv": [0, 0, 6, 1], "texture": "#0"},
				"east": {"uv": [7, 0, 8, 1], "texture": "#0"},
				"south": {"uv": [0, 0, 6, 1], "texture": "#0"},
				"west": {"uv": [7, 0, 8, 1], "texture": "#0"},
				"up": {"uv": [0, 10, 6, 11], "texture": "#0"},
				"down": {"uv": [0, 9, 6, 10], "rotation": 180, "texture": "#0"}
			}
		},
		{
			"name": "Side0",
			"from": [9, 2, 7.75],
			"to": [9.5, 5.5, 8.25],
			"rotation": {"angle": 0, "axis": "y", "origin": [8, 1.75, 8]},
			"faces": {
				"north": {"uv": [0, 1, 1, 8], "texture": "#0"},
				"east": {"uv": [7, 1, 8, 8], "texture": "#0"},
				"south": {"uv": [5, 1, 6, 8], "texture": "#0"},
				"west": {"uv": [6, 1, 7, 8], "texture": "#0"},
				"up": {"uv": [6, 0, 7, 1], "texture": "#0"},
				"down": {"uv": [6, 8, 7, 9], "texture": "#0"}
			}
		},
		{
			"name": "Side1",
			"from": [6.5, 2, 7.75],
			"to": [7, 5.5, 8.25],
			"rotation": {"angle": 0, "axis": "y", "origin": [8, 1.75, 8]},
			"faces": {
				"north": {"uv": [5, 1, 6, 8], "texture": "#0"},
				"east": {"uv": [6, 1, 7, 8], "texture": "#0"},
				"south": {"uv": [0, 1, 1, 8], "texture": "#0"},
				"west": {"uv": [7, 1, 8, 8], "texture": "#0"},
				"up": {"uv": [6, 0, 7, 1], "texture": "#0"},
				"down": {"uv": [6, 8, 7, 9], "texture": "#0"}
			}
		},
		{
			"name": "Bottom",
			"from": [7.75, 5, 6.5],
			"to": [8.25, 5.5, 9.5],
			"rotation": {"angle": 0, "axis": "y", "origin": [8, 5.25, 8]},
			"faces": {
				"north": {"uv": [7, 8, 8, 9], "texture": "#0"},
				"east": {"uv": [0, 8, 6, 9], "texture": "#0"},
				"south": {"uv": [7, 8, 8, 9], "texture": "#0"},
				"west": {"uv": [0, 8, 6, 9], "texture": "#0"},
				"up": {"uv": [0, 9, 6, 10], "rotation": 90, "texture": "#0"},
				"down": {"uv": [0, 10, 6, 11], "rotation": 90, "texture": "#0"}
			}
		},
		{
			"name": "Top",
			"from": [7.75, 9, 6.5],
			"to": [8.25, 9.5, 9.5],
			"rotation": {"angle": 0, "axis": "y", "origin": [8, 5.25, 8]},
			"faces": {
				"north": {"uv": [7, 0, 8, 1], "texture": "#0"},
				"east": {"uv": [0, 0, 6, 1], "texture": "#0"},
				"south": {"uv": [7, 0, 8, 1], "texture": "#0"},
				"west": {"uv": [0, 0, 6, 1], "texture": "#0"},
				"up": {"uv": [0, 10, 6, 11], "rotation": 90, "texture": "#0"},
				"down": {"uv": [0, 9, 6, 10], "rotation": 90, "texture": "#0"}
			}
		},
		{
			"name": "Side1",
			"from": [7.75, 5.5, 9],
			"to": [8.25, 9, 9.5],
			"rotation": {"angle": 0, "axis": "y", "origin": [8, 5.25, 8]},
			"faces": {
				"north": {"uv": [6, 1, 7, 8], "texture": "#0"},
				"east": {"uv": [0, 1, 1, 8], "texture": "#0"},
				"south": {"uv": [7, 1, 8, 8], "texture": "#0"},
				"west": {"uv": [5, 1, 6, 8], "texture": "#0"},
				"up": {"uv": [6, 0, 7, 1], "rotation": 90, "texture": "#0"},
				"down": {"uv": [6, 8, 7, 9], "rotation": 270, "texture": "#0"}
			}
		},
		{
			"name": "Side2",
			"from": [7.75, 5.5, 6.5],
			"to": [8.25, 9, 7],
			"rotation": {"angle": 0, "axis": "y", "origin": [8, 5.25, 8]},
			"faces": {
				"north": {"uv": [7, 1, 8, 8], "texture": "#0"},
				"east": {"uv": [5, 1, 6, 8], "texture": "#0"},
				"south": {"uv": [6, 1, 7, 8], "texture": "#0"},
				"west": {"uv": [0, 1, 1, 8], "texture": "#0"},
				"up": {"uv": [6, 0, 7, 1], "rotation": 90, "texture": "#0"},
				"down": {"uv": [6, 8, 7, 9], "rotation": 270, "texture": "#0"}
			}
		},
		{
			"name": "Bottom",
			"from": [6.5, 8.5, 7.75],
			"to": [9.5, 9, 8.25],
			"rotation": {"angle": 0, "axis": "y", "origin": [8, 8.75, 8]},
			"faces": {
				"north": {"uv": [0, 8, 6, 9], "texture": "#0"},
				"east": {"uv": [7, 8, 8, 9], "texture": "#0"},
				"south": {"uv": [0, 8, 6, 9], "texture": "#0"},
				"west": {"uv": [7, 8, 8, 9], "texture": "#0"},
				"up": {"uv": [0, 9, 6, 10], "texture": "#0"},
				"down": {"uv": [0, 10, 6, 11], "rotation": 180, "texture": "#0"}
			}
		},
		{
			"name": "Top",
			"from": [6.5, 12.5, 7.75],
			"to": [9.5, 13, 8.25],
			"rotation": {"angle": 0, "axis": "y", "origin": [8, 8.75, 8]},
			"faces": {
				"north": {"uv": [0, 0, 6, 1], "texture": "#0"},
				"east": {"uv": [7, 0, 8, 1], "texture": "#0"},
				"south": {"uv": [0, 0, 6, 1], "texture": "#0"},
				"west": {"uv": [7, 0, 8, 1], "texture": "#0"},
				"up": {"uv": [0, 10, 6, 11], "texture": "#0"},
				"down": {"uv": [0, 9, 6, 10], "rotation": 180, "texture": "#0"}
			}
		},
		{
			"name": "Side1",
			"from": [9, 9, 7.75],
			"to": [9.5, 12.5, 8.25],
			"rotation": {"angle": 0, "axis": "y", "origin": [8, 8.75, 8]},
			"faces": {
				"north": {"uv": [0, 1, 1, 8], "texture": "#0"},
				"east": {"uv": [7, 1, 8, 8], "texture": "#0"},
				"south": {"uv": [5, 1, 6, 8], "texture": "#0"},
				"west": {"uv": [6, 1, 7, 8], "texture": "#0"},
				"up": {"uv": [6, 0, 7, 1], "texture": "#0"},
				"down": {"uv": [6, 8, 7, 9], "texture": "#0"}
			}
		},
		{
			"name": "Side2",
			"from": [6.5, 9, 7.75],
			"to": [7, 12.5, 8.25],
			"rotation": {"angle": 0, "axis": "y", "origin": [8, 8.75, 8]},
			"faces": {
				"north": {"uv": [5, 1, 6, 8], "texture": "#0"},
				"east": {"uv": [6, 1, 7, 8], "texture": "#0"},
				"south": {"uv": [0, 1, 1, 8], "texture": "#0"},
				"west": {"uv": [7, 1, 8, 8], "texture": "#0"},
				"up": {"uv": [6, 0, 7, 1], "texture": "#0"},
				"down": {"uv": [6, 8, 7, 9], "texture": "#0"}
			}
		},
		{
			"name": "Bottom",
			"from": [7.75, 12, 6.5],
			"to": [8.25, 12.5, 9.5],
			"rotation": {"angle": 0, "axis": "y", "origin": [8, 12.25, 8]},
			"faces": {
				"north": {"uv": [7, 8, 8, 9], "texture": "#0"},
				"east": {"uv": [0, 8, 6, 9], "texture": "#0"},
				"south": {"uv": [7, 8, 8, 9], "texture": "#0"},
				"west": {"uv": [0, 8, 6, 9], "texture": "#0"},
				"up": {"uv": [0, 9, 6, 10], "rotation": 90, "texture": "#0"},
				"down": {"uv": [0, 10, 6, 11], "rotation": 90, "texture": "#0"}
			}
		},
		{
			"name": "Top",
			"from": [7.75, 16, 6.5],
			"to": [8.25, 16.5, 9.5],
			"rotation": {"angle": 0, "axis": "y", "origin": [8, 12.25, 8]},
			"faces": {
				"north": {"uv": [7, 0, 8, 1], "texture": "#0"},
				"east": {"uv": [0, 0, 6, 1], "texture": "#0"},
				"south": {"uv": [7, 0, 8, 1], "texture": "#0"},
				"west": {"uv": [0, 0, 6, 1], "texture": "#0"},
				"up": {"uv": [0, 10, 6, 11], "rotation": 90, "texture": "#0"},
				"down": {"uv": [0, 9, 6, 10], "rotation": 90, "texture": "#0"}
			}
		},
		{
			"name": "Side2",
			"from": [7.75, 12.5, 9],
			"to": [8.25, 16, 9.5],
			"rotation": {"angle": 0, "axis": "y", "origin": [8, 12.25, 8]},
			"faces": {
				"north": {"uv": [6, 1, 7, 8], "texture": "#0"},
				"east": {"uv": [0, 1, 1, 8], "texture": "#0"},
				"south": {"uv": [7, 1, 8, 8], "texture": "#0"},
				"west": {"uv": [5, 1, 6, 8], "texture": "#0"},
				"up": {"uv": [6, 0, 7, 1], "rotation": 90, "texture": "#0"},
				"down": {"uv": [6, 8, 7, 9], "rotation": 270, "texture": "#0"}
			}
		},
		{
			"name": "Side3",
			"from": [7.75, 12.5, 6.5],
			"to": [8.25, 16, 7],
			"rotation": {"angle": 0, "axis": "y", "origin": [8, 12.25, 8]},
			"faces": {
				"north": {"uv": [7, 1, 8, 8], "texture": "#0"},
				"east": {"uv": [5, 1, 6, 8], "texture": "#0"},
				"south": {"uv": [6, 1, 7, 8], "texture": "#0"},
				"west": {"uv": [0, 1, 1, 8], "texture": "#0"},
				"up": {"uv": [6, 0, 7, 1], "rotation": 90, "texture": "#0"},
				"down": {"uv": [6, 8, 7, 9], "rotation": 270, "texture": "#0"}
			}
		},
		{
			"name": "Bottom",
			"from": [6.5, 15.5, 7.75],
			"to": [9.5, 16, 8.25],
			"rotation": {"angle": 0, "axis": "y", "origin": [8, 15.75, 8]},
			"faces": {
				"north": {"uv": [0, 8, 6, 9], "texture": "#0"},
				"east": {"uv": [7, 8, 8, 9], "texture": "#0"},
				"south": {"uv": [0, 8, 6, 9], "texture": "#0"},
				"west": {"uv": [7, 8, 8, 9], "texture": "#0"},
				"up": {"uv": [0, 9, 6, 10], "texture": "#0"},
				"down": {"uv": [0, 10, 6, 11], "rotation": 180, "texture": "#0"}
			}
		},
		{
			"name": "Top",
			"from": [6.5, 19.5, 7.75],
			"to": [9.5, 20, 8.25],
			"rotation": {"angle": 0, "axis": "y", "origin": [8, 15.75, 8]},
			"faces": {
				"north": {"uv": [0, 0, 6, 1], "texture": "#0"},
				"east": {"uv": [7, 0, 8, 1], "texture": "#0"},
				"south": {"uv": [0, 0, 6, 1], "texture": "#0"},
				"west": {"uv": [7, 0, 8, 1], "texture": "#0"},
				"up": {"uv": [0, 10, 6, 11], "texture": "#0"},
				"down": {"uv": [0, 9, 6, 10], "rotation": 180, "texture": "#0"}
			}
		},
		{
			"name": "Side1",
			"from": [9, 16, 7.75],
			"to": [9.5, 19.5, 8.25],
			"rotation": {"angle": 0, "axis": "y", "origin": [8, 15.75, 8]},
			"faces": {
				"north": {"uv": [0, 1, 1, 8], "texture": "#0"},
				"east": {"uv": [7, 1, 8, 8], "texture": "#0"},
				"south": {"uv": [5, 1, 6, 8], "texture": "#0"},
				"west": {"uv": [6, 1, 7, 8], "texture": "#0"},
				"up": {"uv": [6, 0, 7, 1], "texture": "#0"},
				"down": {"uv": [6, 8, 7, 9], "texture": "#0"}
			}
		},
		{
			"name": "Side2",
			"from": [6.5, 16, 7.75],
			"to": [7, 19.5, 8.25],
			"rotation": {"angle": 0, "axis": "y", "origin": [8, 15.75, 8]},
			"faces": {
				"north": {"uv": [5, 1, 6, 8], "texture": "#0"},
				"east": {"uv": [6, 1, 7, 8], "texture": "#0"},
				"south": {"uv": [0, 1, 1, 8], "texture": "#0"},
				"west": {"uv": [7, 1, 8, 8], "texture": "#0"},
				"up": {"uv": [6, 0, 7, 1], "texture": "#0"},
				"down": {"uv": [6, 8, 7, 9], "texture": "#0"}
			}
		},
		{
			"name": "Bottom",
			"from": [7.75, 19, 6.5],
			"to": [8.25, 19.5, 9.5],
			"rotation": {"angle": 0, "axis": "y", "origin": [8, 19.25, 8]},
			"faces": {
				"north": {"uv": [7, 8, 8, 9], "texture": "#0"},
				"east": {"uv": [0, 8, 6, 9], "texture": "#0"},
				"south": {"uv": [7, 8, 8, 9], "texture": "#0"},
				"west": {"uv": [0, 8, 6, 9], "texture": "#0"},
				"up": {"uv": [0, 9, 6, 10], "rotation": 90, "texture": "#0"},
				"down": {"uv": [0, 10, 6, 11], "rotation": 90, "texture": "#0"}
			}
		},
		{
			"name": "Top",
			"from": [7.75, 23, 6.5],
			"to": [8.25, 23.5, 9.5],
			"rotation": {"angle": 0, "axis": "y", "origin": [8, 19.25, 8]},
			"faces": {
				"north": {"uv": [7, 0, 8, 1], "texture": "#0"},
				"east": {"uv": [0, 0, 6, 1], "texture": "#0"},
				"south": {"uv": [7, 0, 8, 1], "texture": "#0"},
				"west": {"uv": [0, 0, 6, 1], "texture": "#0"},
				"up": {"uv": [0, 10, 6, 11], "rotation": 90, "texture": "#0"},
				"down": {"uv": [0, 9, 6, 10], "rotation": 90, "texture": "#0"}
			}
		},
		{
			"name": "Side3",
			"from": [7.75, 19.5, 9],
			"to": [8.25, 23, 9.5],
			"rotation": {"angle": 0, "axis": "y", "origin": [8, 19.25, 8]},
			"faces": {
				"north": {"uv": [6, 1, 7, 8], "texture": "#0"},
				"east": {"uv": [0, 1, 1, 8], "texture": "#0"},
				"south": {"uv": [7, 1, 8, 8], "texture": "#0"},
				"west": {"uv": [5, 1, 6, 8], "texture": "#0"},
				"up": {"uv": [6, 0, 7, 1], "rotation": 90, "texture": "#0"},
				"down": {"uv": [6, 8, 7, 9], "rotation": 270, "texture": "#0"}
			}
		},
		{
			"name": "Side4",
			"from": [7.75, 19.5, 6.5],
			"to": [8.25, 23, 7],
			"rotation": {"angle": 0, "axis": "y", "origin": [8, 19.25, 8]},
			"faces": {
				"north": {"uv": [7, 1, 8, 8], "texture": "#0"},
				"east": {"uv": [5, 1, 6, 8], "texture": "#0"},
				"south": {"uv": [6, 1, 7, 8], "texture": "#0"},
				"west": {"uv": [0, 1, 1, 8], "texture": "#0"},
				"up": {"uv": [6, 0, 7, 1], "rotation": 90, "texture": "#0"},
				"down": {"uv": [6, 8, 7, 9], "rotation": 270, "texture": "#0"}
			}
		},
		{
			"name": "Bottom",
			"from": [6.5, 22.5, 7.75],
			"to": [9.5, 23, 8.25],
			"rotation": {"angle": 0, "axis": "y", "origin": [8, 22.75, 8]},
			"faces": {
				"north": {"uv": [0, 8, 6, 9], "texture": "#0"},
				"east": {"uv": [7, 8, 8, 9], "texture": "#0"},
				"south": {"uv": [0, 8, 6, 9], "texture": "#0"},
				"west": {"uv": [7, 8, 8, 9], "texture": "#0"},
				"up": {"uv": [0, 9, 6, 10], "texture": "#0"},
				"down": {"uv": [0, 10, 6, 11], "rotation": 180, "texture": "#0"}
			}
		},
		{
			"name": "Top",
			"from": [6.5, 26.5, 7.75],
			"to": [9.5, 27, 8.25],
			"rotation": {"angle": 0, "axis": "y", "origin": [8, 22.75, 8]},
			"faces": {
				"north": {"uv": [0, 0, 6, 1], "texture": "#0"},
				"east": {"uv": [7, 0, 8, 1], "texture": "#0"},
				"south": {"uv": [0, 0, 6, 1], "texture": "#0"},
				"west": {"uv": [7, 0, 8, 1], "texture": "#0"},
				"up": {"uv": [0, 10, 6, 11], "texture": "#0"},
				"down": {"uv": [0, 9, 6, 10], "rotation": 180, "texture": "#0"}
			}
		},
		{
			"name": "Side2",
			"from": [9, 23, 7.75],
			"to": [9.5, 26.5, 8.25],
			"rotation": {"angle": 0, "axis": "y", "origin": [8, 22.75, 8]},
			"faces": {
				"north": {"uv": [0, 1, 1, 8], "texture": "#0"},
				"east": {"uv": [7, 1, 8, 8], "texture": "#0"},
				"south": {"uv": [5, 1, 6, 8], "texture": "#0"},
				"west": {"uv": [6, 1, 7, 8], "texture": "#0"},
				"up": {"uv": [6, 0, 7, 1], "texture": "#0"},
				"down": {"uv": [6, 8, 7, 9], "texture": "#0"}
			}
		},
		{
			"name": "Side3",
			"from": [6.5, 23, 7.75],
			"to": [7, 26.5, 8.25],
			"rotation": {"angle": 0, "axis": "y", "origin": [8, 22.75, 8]},
			"faces": {
				"north": {"uv": [5, 1, 6, 8], "texture": "#0"},
				"east": {"uv": [6, 1, 7, 8], "texture": "#0"},
				"south": {"uv": [0, 1, 1, 8], "texture": "#0"},
				"west": {"uv": [7, 1, 8, 8], "texture": "#0"},
				"up": {"uv": [6, 0, 7, 1], "texture": "#0"},
				"down": {"uv": [6, 8, 7, 9], "texture": "#0"}
			}
		},
		{
			"name": "Bottom",
			"from": [7.75, 26, 6.5],
			"to": [8.25, 26.5, 9.5],
			"rotation": {"angle": 0, "axis": "y", "origin": [8, 26.25, 8]},
			"faces": {
				"north": {"uv": [7, 8, 8, 9], "texture": "#0"},
				"east": {"uv": [0, 8, 6, 9], "texture": "#0"},
				"south": {"uv": [7, 8, 8, 9], "texture": "#0"},
				"west": {"uv": [0, 8, 6, 9], "texture": "#0"},
				"up": {"uv": [0, 9, 6, 10], "rotation": 90, "texture": "#0"},
				"down": {"uv": [0, 10, 6, 11], "rotation": 90, "texture": "#0"}
			}
		},
		{
			"name": "Top",
			"from": [7.75, 30, 6.5],
			"to": [8.25, 30.5, 9.5],
			"rotation": {"angle": 0, "axis": "y", "origin": [8, 26.25, 8]},
			"faces": {
				"north": {"uv": [7, 0, 8, 1], "texture": "#0"},
				"east": {"uv": [0, 0, 6, 1], "texture": "#0"},
				"south": {"uv": [7, 0, 8, 1], "texture": "#0"},
				"west": {"uv": [0, 0, 6, 1], "texture": "#0"},
				"up": {"uv": [0, 10, 6, 11], "rotation": 90, "texture": "#0"},
				"down": {"uv": [0, 9, 6, 10], "rotation": 90, "texture": "#0"}
			}
		},
		{
			"name": "Side4",
			"from": [7.75, 26.5, 9],
			"to": [8.25, 30, 9.5],
			"rotation": {"angle": 0, "axis": "y", "origin": [8, 26.25, 8]},
			"faces": {
				"north": {"uv": [6, 1, 7, 8], "texture": "#0"},
				"east": {"uv": [0, 1, 1, 8], "texture": "#0"},
				"south": {"uv": [7, 1, 8, 8], "texture": "#0"},
				"west": {"uv": [5, 1, 6, 8], "texture": "#0"},
				"up": {"uv": [6, 0, 7, 1], "rotation": 90, "texture": "#0"},
				"down": {"uv": [6, 8, 7, 9], "rotation": 270, "texture": "#0"}
			}
		},
		{
			"name": "Side5",
			"from": [7.75, 26.5, 6.5],
			"to": [8.25, 30, 7],
			"rotation": {"angle": 0, "axis": "y", "origin": [8, 26.25, 8]},
			"faces": {
				"north": {"uv": [7, 1, 8, 8], "texture": "#0"},
				"east": {"uv": [5, 1, 6, 8], "texture": "#0"},
				"south": {"uv": [6, 1, 7, 8], "texture": "#0"},
				"west": {"uv": [0, 1, 1, 8], "texture": "#0"},
				"up": {"uv": [6, 0, 7, 1], "rotation": 90, "texture": "#0"},
				"down": {"uv": [6, 8, 7, 9], "rotation": 270, "texture": "#0"}
			}
		},
		{
			"name": "Bottom",
			"from": [6.5, 29.5, 7.75],
			"to": [9.5, 30, 8.25],
			"rotation": {"angle": 0, "axis": "y", "origin": [8, 29.75, 8]},
			"faces": {
				"north": {"uv": [0, 8, 6, 9], "texture": "#0"},
				"east": {"uv": [7, 8, 8, 9], "texture": "#0"},
				"south": {"uv": [0, 8, 6, 9], "texture": "#0"},
				"west": {"uv": [7, 8, 8, 9], "texture": "#0"},
				"up": {"uv": [0, 9, 6, 10], "texture": "#0"},
				"down": {"uv": [0, 10, 6, 11], "rotation": 180, "texture": "#0"}
			}
		},
		{
			"name": "Side3",
			"from": [9, 30, 7.75],
			"to": [9.5, 32, 8.25],
			"rotation": {"angle": 0, "axis": "y", "origin": [8, 29.75, 8]},
			"faces": {
				"north": {"uv": [0, 1, 1, 5], "texture": "#0"},
				"east": {"uv": [7, 1, 8, 5], "texture": "#0"},
				"south": {"uv": [5, 1, 6, 5], "texture": "#0"},
				"west": {"uv": [6, 1, 7, 5], "texture": "#0"},
				"up": {"uv": [6, 0, 7, 1], "texture": "#0"},
				"down": {"uv": [6, 8, 7, 9], "texture": "#0"}
			}
		},
		{
			"name": "Side4",
			"from": [6.5, 30, 7.75],
			"to": [7, 32, 8.25],
			"rotation": {"angle": 0, "axis": "y", "origin": [8, 29.75, 8]},
			"faces": {
				"north": {"uv": [5, 1, 6, 5], "texture": "#0"},
				"east": {"uv": [6, 1, 7, 5], "texture": "#0"},
				"south": {"uv": [0, 1, 1, 5], "texture": "#0"},
				"west": {"uv": [7, 1, 8, 5], "texture": "#0"},
				"up": {"uv": [6, 0, 7, 1], "texture": "#0"},
				"down": {"uv": [6, 8, 7, 9], "texture": "#0"}
			}
		}
	],
	"groups": [
		{
			"name": "Chain",
			"origin": [8, 0.25, 8],
			"color": 0,
			"children": [0, 1, 2]
		},
		{
			"name": "Chain",
			"origin": [8, 0.25, 8],
			"color": 0,
			"children": [3, 4, 5, 6]
		},
		{
			"name": "Chain",
			"origin": [8, 0.25, 8],
			"color": 0,
			"children": [7, 8, 9, 10]
		},
		{
			"name": "Chain",
			"origin": [8, 0.25, 8],
			"color": 0,
			"children": [11, 12, 13, 14]
		},
		{
			"name": "Chain",
			"origin": [8, 0.25, 8],
			"color": 0,
			"children": [15, 16, 17, 18]
		},
		{
			"name": "Chain",
			"origin": [8, 0.25, 8],
			"color": 0,
			"children": [19, 20, 21, 22]
		},
		{
			"name": "Chain",
			"origin": [8, 0.25, 8],
			"color": 0,
			"children": [23, 24, 25, 26]
		},
		{
			"name": "Chain",
			"origin": [8, 0.25, 8],
			"color": 0,
			"children": [27, 28, 29, 30]
		},
		{
			"name": "Chain",
			"origin": [8, 0.25, 8],
			"color": 0,
			"children": [31, 32, 33, 34]
		},
		{
			"name": "Chain",
			"origin": [8, 0.25, 8],
			"color": 0,
			"children": [35, 36, 37]
		}
	]
}