{
  "spawners": {
    "water_ambient": [],
    "ambient": [],
    "misc": [],
    "water_creature": [],
    "creature": [],
    "monster": []
  },
  "spawn_costs": {},
  "carvers": {
    "air": []
  },
  "features": [
    ["bracken:omnidrome/red_blobs"],
    [],
    [],
    [],
    [],
    [],
    [],
    [],
    [],
    [],
    [
      "minecraft:freeze_top_layer"
    ]
  ],
  "temperature": 0.95,
  "downfall": 0.1,
  "effects": {
    "fog_color": 65280,
    "water_color": 65280,
    "water_fog_color": 65280,
    "grass_color": 65280,
    "sky_color": 16777192,
    "foliage_colour": 65280,
    "particle": {
      "options": {
        "type": "minecraft:enchant"
      },
      "probability": 0.00051809334
    },
    "mood_sound": {
      "sound": "minecraft:entity.elder_guardian.death",
      "tick_delay": 60000,
      "block_search_extent": 8,
      "offset": 2
    },
    "additions_sound": {
      "sound": "minecraft:block.bell.resonate",
      "tick_chance": 0.00001
    },
    "music": {
      "sound": "minecraft:music.dragon",
      "min_delay": 120000,
      "max_delay": 240000,
      "replace_current_music": true
    }
  },
  "has_precipitation": false
}
