{
  "argument": {
    "argument": {
      "argument1": 10.0,
      "argument2": {
        "argument1": {
          "type": "minecraft:blend_alpha"
        },
        "argument2": {
          "argument1": -10.0,
          "argument2": {
            "spline": {"coordinate":"minecraft:overworld/continents","points":[{"location":-0.19,"derivative":0,"value":{"coordinate":"minecraft:overworld/erosion","points":[{"location":-0.6,"derivative":0,"value":{"coordinate":"minecraft:overworld/ridges","points":[{"location":0,"value":3.95,"derivative":0}]}}]}},{"location":-0.15,"derivative":0,"value":{"coordinate":"minecraft:overworld/erosion","points":[{"location":-0.6,"derivative":0,"value":{"coordinate":"minecraft:overworld/ridges","points":[{"location":-0.2,"value":6.3,"derivative":0},{"location":0.2,"value":6.25,"derivative":0}]}},{"location":-0.5,"derivative":0,"value":{"coordinate":"minecraft:overworld/ridges","points":[{"location":-0.05,"value":6.3,"derivative":0},{"location":0.4345736668032789,"value":5.415005267514531,"derivative":0}]}},{"location":-0.35,"derivative":0,"value":{"coordinate":"minecraft:overworld/ridges","points":[{"location":-0.2,"value":6.3,"derivative":0},{"location":0.2,"value":6.25,"derivative":0}]}},{"location":-0.25,"derivative":0,"value":{"coordinate":"minecraft:overworld/ridges","points":[{"location":-0.2,"value":6.3,"derivative":0},{"location":0.2,"value":6.25,"derivative":0}]}},{"location":-0.1,"derivative":0,"value":{"coordinate":"minecraft:overworld/ridges","points":[{"location":-0.2,"value":4.645511540413676,"derivative":0},{"location":0.05,"value":6.3,"derivative":0}]}},{"location":0.03,"derivative":0,"value":{"coordinate":"minecraft:overworld/ridges","points":[{"location":-0.2,"value":6.3,"derivative":0},{"location":0.2,"value":6.25,"derivative":0}]}},{"location":0.35,"derivative":0,"value":{"coordinate":"minecraft:overworld/ridges","points":[{"location":0,"value":6.25,"derivative":0}]}},{"location":0.45,"derivative":0,"value":{"coordinate":"minecraft:overworld/ridges","points":[{"location":-1.30000004,"value":6.25,"derivative":0},{"location":-1.23000004,"value":6.25,"derivative":0},{"location":1.30000004,"value":6.25,"derivative":0}]}},{"location":0.55,"derivative":0,"value":{"coordinate":"minecraft:overworld/ridges","points":[{"location":-1.30000004,"value":6.25,"derivative":0},{"location":-1.23000004,"value":6.25,"derivative":0},{"location":-0.10333335999999993,"value":6.25,"derivative":0},{"location":-0.03333335999999998,"value":6.25,"derivative":0},{"location":0.03333335999999998,"value":6.25,"derivative":0},{"location":1.30000004,"value":6.25,"derivative":0}]}},{"location":0.62,"derivative":0,"value":{"coordinate":"minecraft:overworld/ridges","points":[{"location":0,"value":6.25,"derivative":0}]}}]}},{"location":-0.1,"derivative":0,"value":{"coordinate":"minecraft:overworld/erosion","points":[{"location":-0.6,"derivative":0,"value":{"coordinate":"minecraft:overworld/ridges","points":[{"location":-0.2,"value":6.3,"derivative":0},{"location":0.2,"value":5.47,"derivative":0}]}},{"location":-0.5,"derivative":0,"value":{"coordinate":"minecraft:overworld/ridges","points":[{"location":-0.05,"value":6.3,"derivative":0},{"location":0.8403605406580407,"value":4.903024457209722,"derivative":0}]}},{"location":-0.35,"derivative":0,"value":{"coordinate":"minecraft:overworld/ridges","points":[{"location":-0.2,"value":6.3,"derivative":0},{"location":0.2,"value":5.47,"derivative":0}]}},{"location":-0.25,"derivative":0,"value":{"coordinate":"minecraft:overworld/ridges","points":[{"location":-0.2,"value":6.3,"derivative":0},{"location":0.2,"value":5.47,"derivative":0}]}},{"location":-0.1,"derivative":0,"value":{"coordinate":"minecraft:overworld/ridges","points":[{"location":-0.2,"value":4.729891703796356,"derivative":0},{"location":0.05,"value":6.3,"derivative":0}]}},{"location":0.03,"derivative":0,"value":{"coordinate":"minecraft:overworld/ridges","points":[{"location":-0.2,"value":6.3,"derivative":0},{"location":0.2,"value":5.47,"derivative":0}]}},{"location":0.35,"derivative":0,"value":{"coordinate":"minecraft:overworld/ridges","points":[{"location":0,"value":5.47,"derivative":0}]}},{"location":0.45,"derivative":0,"value":{"coordinate":"minecraft:overworld/ridges","points":[{"location":-1.30000004,"value":5.47,"derivative":0},{"location":-1.23000004,"value":5.47,"derivative":0},{"location":1.30000004,"value":5.47,"derivative":0}]}},{"location":0.55,"derivative":0,"value":{"coordinate":"minecraft:overworld/ridges","points":[{"location":-1.30000004,"value":5.47,"derivative":0},{"location":-1.23000004,"value":5.47,"derivative":0},{"location":1.30000004,"value":5.47,"derivative":0}]}},{"location":0.62,"derivative":0,"value":{"coordinate":"minecraft:overworld/ridges","points":[{"location":0,"value":5.47,"derivative":0}]}}]}},{"location":0.03,"derivative":0,"value":{"coordinate":"minecraft:overworld/erosion","points":[{"location":-0.6,"derivative":0,"value":{"coordinate":"minecraft:overworld/ridges","points":[{"location":-0.2,"value":6.3,"derivative":0},{"location":0.2,"value":5.08,"derivative":0}]}},{"location":-0.5,"derivative":0,"value":{"coordinate":"minecraft:overworld/ridges","points":[{"location":-0.05,"value":6.3,"derivative":0},{"location":0.5199543854829858,"value":5.011225618758417,"derivative":0}]}},{"location":-0.35,"derivative":0,"value":{"coordinate":"minecraft:overworld/ridges","points":[{"location":-0.2,"value":6.3,"derivative":0},{"location":0.2,"value":5.08,"derivative":0}]}},{"location":-0.25,"derivative":0,"value":{"coordinate":"minecraft:overworld/ridges","points":[{"location":-0.2,"value":6.3,"derivative":0},{"location":0.2,"value":5.08,"derivative":0}]}},{"location":-0.1,"derivative":0,"value":{"coordinate":"minecraft:overworld/ridges","points":[{"location":-0.5730191818204943,"value":3.848935949847381,"derivative":0},{"location":-0.2,"value":4.281780618254045,"derivative":1.2574065590138412},{"location":0.05,"value":6.3,"derivative":0}]}},{"location":0.03,"derivative":0,"value":{"coordinate":"minecraft:overworld/ridges","points":[{"location":-0.2,"value":6.3,"derivative":0},{"location":0.2,"value":5.08,"derivative":0}]}},{"location":0.35,"derivative":0,"value":{"coordinate":"minecraft:overworld/ridges","points":[{"location":0,"value":5.08,"derivative":0}]}},{"location":0.45,"derivative":0,"value":{"coordinate":"minecraft:overworld/ridges","points":[{"location":-1.30000004,"value":5.08,"derivative":0},{"location":-1.23000004,"value":5.08,"derivative":0},{"location":1.30000004,"value":5.08,"derivative":0}]}},{"location":0.55,"derivative":0,"value":{"coordinate":"minecraft:overworld/ridges","points":[{"location":-1.30000004,"value":5.08,"derivative":0},{"location":-1.23000004,"value":5.08,"derivative":0},{"location":1.30000004,"value":5.08,"derivative":0}]}},{"location":0.62,"derivative":0,"value":{"coordinate":"minecraft:overworld/ridges","points":[{"location":0,"value":5.08,"derivative":0}]}}]}},{"location":0.06,"derivative":0,"value":{"coordinate":"minecraft:overworld/erosion","points":[{"location":-0.6,"derivative":0,"value":{"coordinate":"minecraft:overworld/ridges","points":[{"location":-0.2,"value":6.3,"derivative":0},{"location":0.2,"value":4.69,"derivative":0}]}},{"location":-0.5,"derivative":0,"value":{"coordinate":"minecraft:overworld/ridges","points":[{"location":-0.05,"value":6.3,"derivative":0},{"location":0.5199543854829858,"value":5.065477950419481,"derivative":0}]}},{"location":-0.35,"derivative":0,"value":{"coordinate":"minecraft:overworld/ridges","points":[{"location":-0.2,"value":6.3,"derivative":0},{"location":0.2,"value":4.69,"derivative":0}]}},{"location":-0.25,"derivative":0,"value":{"coordinate":"minecraft:overworld/ridges","points":[{"location":-0.2,"value":6.3,"derivative":0},{"location":0.2,"value":4.69,"derivative":0}]}},{"location":-0.1,"derivative":0,"value":{"coordinate":"minecraft:overworld/ridges","points":[{"location":-0.45939745636374507,"value":5.1555857925999975,"derivative":0},{"location":0.05,"value":6.3,"derivative":0}]}},{"location":0.03,"derivative":0,"value":{"coordinate":"minecraft:overworld/ridges","points":[{"location":-0.2,"value":6.3,"derivative":0},{"location":0.2,"value":4.69,"derivative":0}]}},{"location":0.05,"derivative":0,"value":{"coordinate":"minecraft:overworld/ridges","points":[{"location":-0.85000004,"value":6.3,"derivative":0},{"location":-0.48333335999999993,"value":6.3,"derivative":0},{"location":0.48333335999999993,"value":4.69,"derivative":0},{"location":0.85000004,"value":4.69,"derivative":0}]}},{"location":0.4,"derivative":0,"value":{"coordinate":"minecraft:overworld/ridges","points":[{"location":-1.574669533138921,"value":6.3,"derivative":0},{"location":-0.85000004,"value":6.3,"derivative":0},{"location":-0.48333335999999993,"value":6.3,"derivative":0},{"location":0.48333335999999993,"value":4.69,"derivative":0},{"location":0.85000004,"value":4.69,"derivative":0},{"location":1.574669533138921,"value":6.3,"derivative":0}]}},{"location":0.45,"derivative":0,"value":{"coordinate":"minecraft:overworld/ridges","points":[{"location":-1.2333333733333331,"value":6.3,"derivative":0},{"location":-0.10000002666666663,"value":6.048437620749989,"derivative":0},{"location":0.10000002666666663,"value":4.941562379250011,"derivative":0},{"location":1.2333333733333331,"value":4.69,"derivative":0}]}},{"location":0.55,"derivative":0,"value":{"coordinate":"minecraft:overworld/ridges","points":[{"location":-1.2333333733333331,"value":6.3,"derivative":0},{"location":-0.10000002666666663,"value":6.048437620749989,"derivative":0},{"location":0.10000002666666663,"value":4.941562379250011,"derivative":0},{"location":1.2333333733333331,"value":4.69,"derivative":0}]}},{"location":0.58,"derivative":0,"value":{"coordinate":"minecraft:overworld/ridges","points":[{"location":0,"value":4.69,"derivative":0}]}}]}}]},
            "type": "minecraft:spline"
          },
          "type": "minecraft:add"
        },
        "type": "minecraft:mul"
      },
      "type": "minecraft:add"
    },
    "type": "minecraft:cache_2d"
  },
  "type": "minecraft:flat_cache"
}