{
  "type": "minecraft:interpolated",
  "argument": {
    "type": "minecraft:mul",
    "argument1": {
      "type": "minecraft:add",
      "argument1": {
        "type": "minecraft:add",
        "argument1": {
          "type": "minecraft:spline",
          "spline": {
            "coordinate": "minecraft:overworld/ridges",
            "points": [
              {
                "location": -1,
                "derivative": 0,
                "value": 0.64
              },
              {
                "location": -0.714,
                "derivative": 0,
                "value": 0.6
              },
              {
                "location": -0.571,
                "derivative": 0,
                "value": {
                  "coordinate": "minecraft:overworld/continents",
                  "points": [
                    {
                      "location": -1,
                      "derivative": 0,
                      "value": 0.425
                    },
                    {
                      "location": -0.05,
                      "derivative": 0,
                      "value": 0.425
                    },
                    {
                      "location": 0.05,
                      "derivative": 0,
                      "value": 0.5
                    },
                    {
                      "location": 1,
                      "derivative": 0,
                      "value": 0.5
                    }
                  ]
                }
              },
              {
                "location": -0.428,
                "derivative": 0,
                "value": 0.4
              },
              {
                "location": -0.285,
                "derivative": 0,
                "value": {
                  "coordinate": "minecraft:overworld/continents",
                  "points": [
                    {
                      "location": -1,
                      "derivative": 0,
                      "value": 0.225
                    },
                    {
                      "location": -0.05,
                      "derivative": 0,
                      "value": 0.225
                    },
                    {
                      "location": 0.05,
                      "derivative": 0,
                      "value": 0.3
                    },
                    {
                      "location": 1,
                      "derivative": 0,
                      "value": 0.3
                    }
                  ]
                }
              },
              {
                "location": -0.142,
                "derivative": 0,
                "value": 0.1
              },
              {
                "location": 0,
                "derivative": 0,
                "value": {
                  "coordinate": "minecraft:overworld/continents",
                  "points": [
                    {
                      "location": -1,
                      "derivative": 0,
                      "value": -0.1
                    },
                    {
                      "location": -0.05,
                      "derivative": 0,
                      "value": -0.1
                    },
                    {
                      "location": 0.05,
                      "derivative": 0,
                      "value": 0.05
                    },
                    {
                      "location": 1,
                      "derivative": 0,
                      "value": 0.05
                    }
                  ]
                }
              },
              {
                "location": 0.142,
                "derivative": 0,
                "value": 0.1
              },
              {
                "location": 0.285,
                "derivative": 0,
                "value": {
                  "coordinate": "minecraft:overworld/continents",
                  "points": [
                    {
                      "location": -1,
                      "derivative": 0,
                      "value": 0.225
                    },
                    {
                      "location": -0.05,
                      "derivative": 0,
                      "value": 0.225
                    },
                    {
                      "location": 0.05,
                      "derivative": 0,
                      "value": 0.3
                    },
                    {
                      "location": 1,
                      "derivative": 0,
                      "value": 0.3
                    }
                  ]
                }
              },
              {
                "location": 0.428,
                "derivative": 0,
                "value": 0.4
              },
              {
                "location": 0.571,
                "derivative": 0,
                "value": {
                  "coordinate": "minecraft:overworld/continents",
                  "points": [
                    {
                      "location": -1,
                      "derivative": 0,
                      "value": 0.425
                    },
                    {
                      "location": -0.05,
                      "derivative": 0,
                      "value": 0.425
                    },
                    {
                      "location": 0.05,
                      "derivative": 0,
                      "value": 0.5
                    },
                    {
                      "location": 1,
                      "derivative": 0,
                      "value": 0.5
                    }
                  ]
                }
              },
              {
                "location": 0.714,
                "derivative": 0,
                "value": 0.6
              },
              {
                "location": 1,
                "derivative": 0,
                "value": 0.64
              }
            ]
          }
        },
        "argument2": {
          "type": "minecraft:mul",
          "argument1": {
            "type": "minecraft:noise",
            "noise": "minecraft:surface",
            "xz_scale": 0.4,
            "y_scale": 1.5
          },
          "argument2": {
            "type": "minecraft:mul",
            "argument1": {
              "type": "minecraft:noise",
              "noise": "minecraft:calcite",
              "xz_scale": 0.5,
              "y_scale": 1
            },
            "argument2": 0.5
          }
        }
      },
      "argument2": {
        "type": "minecraft:y_clamped_gradient",
        "from_y": 0,
        "to_y": 320,
        "from_value": 0.5,
        "to_value": -1.96
      }
    },
    "argument2": 1
  }
}
