{
    "type": "origins:multiple",
    "name": "Hellbound",
    "description": "You have been banished to the Nether as a punishment from the Divine. You spawn in the Nether, and can't enter Nether Portals.",
    "nether_portal": {
        "type": "origins:phasing",
        "blacklist": false,
        "render_type": "blindness",
        "view_distance": 10,
        "block_condition": {
            "type": "origins:block",
            "block": "minecraft:nether_portal"
        }
    },
    "end_portal": {
        "type": "origins:phasing",
        "blacklist": false,
        "render_type": "blindness",
        "view_distance": 10,
        "block_condition": {
            "type": "origins:block",
            "block": "minecraft:end_portal"
        },
        "condition": {
            "type": "origins:and",
            "conditions": [
                {
                    "type": "origins:resource",
                    "resource": "*:manifestation_current_form",
                    "comparison": "==",
                    "compare_to": 2
                },
                {
                    "type": "origins:dimension",
                    "dimension": "minecraft:the_end"
                }
            ]
        }
    },
    "spawnpoint": {
        "type": "origins:prevent_sleep",
        "message": "If you were to sleep in the Overworld, the Divine would surely rip you to shreds."
    },
    "nether_spawn": {
        "type": "origins:modify_player_spawn",
        "dimension": "minecraft:the_nether",
        "spawn_strategy": "default",
        "dimension_distance_multiplier": 0.125
    },
    "displace_bound_form": {
        "type": "origins:action_over_time",
        "entity_action": {
            "type": "origins:and",
            "actions": [
                {
                    "type": "origins:execute_command",
                    "command": "tag @s add hellchained.nether_tp"
                },
                {
                    "type": "origins:execute_command",
                    "command": "execute in minecraft:the_nether run tp ~ ~ ~"
                },
                {
                    "type": "origins:execute_command",
                    "command": "schedule function hellchained:nether_tp 1t"
                }
            ]
        },
        "interval": 20,
        "condition": {
            "type": "origins:and",
            "conditions": [
                {
                    "type": "origins:resource",
                    "resource": "*:manifestation_current_form",
                    "comparison": "==",
                    "compare_to": 1
                },
                {
                    "type": "origins:dimension",
                    "dimension": "minecraft:the_nether",
                    "inverted": true
                }
            ]
        }
    },
    "displace_soul_form": {
        "type": "origins:action_over_time",
        "entity_action": {
            "type": "origins:and",
            "actions": [
                {
                    "type": "origins:change_resource",
                    "resource": "*:manifestation_current_form",
                    "operation": "set",
                    "change": 1
                },
                {
                    "type": "origins:play_sound",
                    "sound": "minecraft:entity.elder_guardian.ambient",
                    "pitch": 0.59
                },
                {
                    "type": "origins:execute_command",
                    "command": "function hellchained:manifestation/demanifest"
                }
            ]
        },
        "interval": 20,
        "condition": {
            "type": "origins:and",
            "conditions": [
                {
                    "type": "origins:resource",
                    "resource": "*:manifestation_current_form",
                    "comparison": "==",
                    "compare_to": 2
                },
                {
                    "type": "origins:dimension",
                    "dimension": "minecraft:the_nether"
                }
            ]
        }
    },
    "demanifest_on_lost": {
        "type": "origins:action_on_callback",
        "entity_action_added": {
            "type": "origins:and",
            "actions": [
                {
                    "type": "origins:change_resource",
                    "resource": "*:manifestation_current_form",
                    "operation": "set",
                    "change": 1
                },
                {
                    "type": "origins:play_sound",
                    "sound": "minecraft:block.respawn_anchor.deplete",
                    "pitch": 0.6
                },
                {
                    "type": "origins:execute_command",
                    "command": "function hellchained:manifestation/demanifest"
                }
            ]
        }
    },
    "bandage": {
        "type": "origins:action_over_time",
        "entity_action": {
            "type": "origins:if_else",
            "condition": {
                "type": "origins:power",
                "power": "hellchained:manifestation_soul_deplete",
                "inverted": true
            },
            "if_action": {
                "type": "origins:and",
                "actions": [
                    {
                        "type": "origins:grant_power",
                        "power": "hellchained:souls",
                        "source": "apoli:command"
                     },
                    {
                        "type": "origins:execute_command",
                        "command": "origin set @s origins:origin origins:empty"
                    },
                    {
                        "type": "origins:execute_command",
                        "command": "origin set @s origins:origin hellchained:hellchained"
                    },
                    {
                        "type": "origins:revoke_power",
                        "power": "hellchained:souls",
                        "source": "apoli:command"
                     }
                ]
            }
        },
        "interval": 20
    }
}