{
    "type": "origins:multiple",
    "name": "Astral Projecting",
    "description": "With forbidden magic, you can manifest your Soul into the overworld, crossing dimensions in another form. This ability requires, and slowly consumes stored souls.",
    "badges": [
        {
            "type": "origins:keybind",
            "sprite": "origins:textures/gui/badge/active.png",
            "text": "Use %s to switch to Soul Form, and use it again to switch back to Bound Form."
        },
        {
            "type": "origins:tooltip",
            "sprite": "origins:textures/gui/badge/info.png",
            "text": "When manifested, you will be in your Soul Form, and unable to enter the Nether through normal means."
        },
        {
            "type": "origins:tooltip",
            "sprite": "origins:textures/gui/badge/star.png",
            "text": "When manifested, your souls will slowly drain. You will be teleported out of the nether if you run out."
        },
        {
            "type": "origins:tooltip",
            "sprite": "origins:textures/gui/badge/arrow_up.png",
            "text": "When manifested, other creatures can teleport to your soul by entering your body's location."
        }
    ],
    "current_form": {
        "type": "origins:resource",
        "min": 1,
        "max": 2,
        "hud_render": {
            "should_render": false
        }
    },
    "manifest": {
        "type": "origins:active_self",
        "entity_action": {
            "type": "origins:if_else",
            "condition": {
                "type": "origins:resource",
                "resource": "*:*_current_form",
                "comparison": "==",
                "compare_to": 1
            },
            "else_action": {
                "type": "origins:and",
                "actions": [
                    {
                        "type": "origins:change_resource",
                        "resource": "*:*_current_form",
                        "operation": "set",
                        "change": 1
                    },
                    {
                        "type": "origins:play_sound",
                        "sound": "minecraft:entity.elder_guardian.ambient",
                        "pitch": 0.59
                    },
                    {
                        "type": "origins:execute_command",
                        "command": "execute in minecraft:the_nether run function hellchained:manifestation/demanifest"
                    }
                ]
            },
            "if_action": {
                "type": "origins:and",
                "actions": [
                    {
                        "type": "origins:play_sound",
                        "sound": "minecraft:entity.elder_guardian.ambient",
                        "pitch": 0.59
                    },
                    {
                        "type": "origins:execute_command",
                        "command": "function hellchained:manifestation/attempt_manifest"
                    }
                ]
            }
        },
        "cooldown": 20,
        "hud_render": {
            "should_render": false
        }
    },
    "lose_soul": {
        "type": "origins:action_over_time",
        "entity_action": {
            "type": "origins:if_else_list",
            "actions": [
                {
                    "condition": {
                        "type": "origins:and",
                        "conditions": [
                            {
                                "type": "origins:resource",
                                "resource": "*:*_soul_deplete",
                                "comparison": "==",
                                "compare_to": 0
                            },
                            {
                                "type": "origins:resource",
                                "resource": "*:*_current_form",
                                "comparison": "==",
                                "compare_to": 2
                            }
                        ]
                    },
                    "action": {
                        "type": "origins:and",
                        "actions": [
                            {
                                "type": "origins:trigger_cooldown",
                                "power": "*:*_soul_deplete"
                            },
                            {
                                "type": "origins:change_resource",
                                "resource": "*:souls",
                                "change": -1
                            }
                        ]
                    }
                },
                {
                    "condition": {
                        "type": "origins:and",
                        "conditions": [
                            {
                                "type": "origins:resource",
                                "resource": "*:*_soul_deplete_crying",
                                "comparison": "==",
                                "compare_to": 0
                            },
                            {
                                "type": "origins:resource",
                                "resource": "*:*_current_form",
                                "comparison": "==",
                                "compare_to": 2
                            },
                            {
                                "type": "origins:block_in_radius",
                                "block_condition": {
                                    "type": "origins:in_tag",
                                    "tag": "hellchained:crying"
                                },
                                "radius": 15,
                                "shape": "cube",
                                "comparison": ">=",
                                "compare_to": 1
                            }
                        ]
                    },
                    "action": {
                        "type": "origins:and",
                        "actions": [
                            {
                                "type": "origins:trigger_cooldown",
                                "power": "*:*_soul_deplete_crying"
                            },
                            {
                                "type": "origins:change_resource",
                                "resource": "*:souls",
                                "change": -5
                            }
                        ]
                    }
                },
                {
                    "condition": {
                        "type": "origins:and",
                        "conditions": [
                            {
                                "type": "origins:resource",
                                "resource": "*:souls",
                                "comparison": "==",
                                "compare_to": 0
                            },
                            {
                                "type": "origins:resource",
                                "resource": "*:*_current_form",
                                "comparison": "==",
                                "compare_to": 2
                            }
                        ]
                    },
                    "action": {
                        "type": "origins:and",
                        "actions": [
                            {
                                "type": "origins:change_resource",
                                "resource": "*:*_current_form",
                                "operation": "set",
                                "change": 1
                            },
                            {
                                "type": "origins:play_sound",
                                "sound": "minecraft:block.respawn_anchor.deplete",
                                "pitch": 0.6
                            },
                            {
                                "type": "origins:execute_command",
                                "command": "function hellchained:manifestation/demanifest"
                            }
                        ]
                    }
                }
            ]
        },
        "interval": 1
    },
    "soul_deplete": {
        "type": "origins:cooldown",
        "cooldown": 600,
        "hud_render": {
            "should_render": false
        }
    },
    "soul_deplete_crying": {
        "type": "origins:cooldown",
        "cooldown": 100,
        "hud_render": {
            "should_render": false
        }
    }
}