{
    "type": "origins:action_over_time",
    "interval": 1,
    "entity_action": {
        "type": "origins:and",
        "actions": [
            {
                "type": "origins:execute_command",
                "command": "function hellchained:manifestation/portal_markers"
            },
            {
                "type": "origins:execute_command",
                "command": "execute at @p as @s if score @s hellchained.PortalID = @e[type=player,sort=nearest,limit=1] hellchained.PortalID run kill @s"
            },
            {
                "type": "origins:area_of_effect",
                "radius": 16,
                "bientity_action": {
                    "type": "origins:add_velocity",
                    "z": -0.1
                },
                "bientity_condition": {
                    "type": "origins:and",
                    "conditions": [
                        {
                            "type": "origins:can_see"
                        },
                        {
                            "type": "origins:target_condition",
                            "condition": {
                                "type": "origins:entity_type",
                                "entity_type": "minecraft:player",
                                "inverted": true
                            }
                        }
                    ]
                }
            },
            {
                "type": "origins:if_else",
                "condition": {
                    "type": "origins:health",
                    "comparison": ">",
                    "compare_to": 0
                },
                "if_action": {
                    "type": "origins:area_of_effect",
                    "radius": 4,
                    "bientity_action": {
                        "type": "origins:add_velocity",
                        "z": 1
                    },
                    "bientity_condition": {
                        "type": "origins:and",
                        "conditions": [
                            {
                                "type": "origins:can_see"
                            },
                            {
                                "type": "origins:target_condition",
                                "condition": {
                                    "type": "origins:origin",
                                    "origin": "hellchained:hellchained",
                                    "layer": "origins:origin"
                                }
                            }
                        ]
                    }
                }
            }
        ]
    }
}