{
    "type": "origins:multiple",
    "name": "Soul Harvesting",
    "description": "You can kill mobs for a chance to absorb their soul through forbidden magic, storing it in your Soul Bar.",
    "badges": [
        {
            "type": "origins:tooltip",
            "sprite": "origins:textures/gui/badge/info.png",
            "text": "The amount of soul energy you get per kill is random, and dependent on how powerful the mob is."
        }
    ],
    "low_sentience": {
        "type": "origins:self_action_on_kill",
        "entity_action": {
            "type": "origins:chance",
            "action": {
                "type": "origins:change_resource",
                "resource": "hellchained:souls",
                "change": 1
            },
            "chance": 0.75
        },
        "cooldown": 0,
        "hud_render": {
            "should_render": false
        },
        "target_condition": {
            "type": "origins:and",
            "inverted": true,
            "conditions": [
                {
                    "type": "origins:in_tag",
                    "tag": "hellchained:medium_sentience"
                },
                {
                    "type": "origins:in_tag",
                    "tag": "hellchained:high_sentience"
                }
            ]
        }
    },
    "medium_sentience": {
        "type": "origins:self_action_on_kill",
        "entity_action": {
            "type": "origins:and",
            "actions": [
                {
                    "type": "origins:chance",
                    "action": {
                        "type": "origins:change_resource",
                        "resource": "hellchained:souls",
                        "change": 1
                    },
                    "chance": 0.5
                },
                {
                    "type": "origins:chance",
                    "action": {
                        "type": "origins:change_resource",
                        "resource": "hellchained:souls",
                        "change": 1
                    },
                    "chance": 0.5
                },
                {
                    "type": "origins:chance",
                    "action": {
                        "type": "origins:change_resource",
                        "resource": "hellchained:souls",
                        "change": 1
                    },
                    "chance": 0.5
                }
            ]
        },
        "cooldown": 0,
        "hud_render": {
            "should_render": false
        },
        "target_condition": {
            "type": "origins:or",
            "conditions": [
                {
                    "type": "origins:in_tag",
                    "tag": "hellchained:medium_sentience"
                }
            ]
        }
    },
    "high_sentience": {
        "type": "origins:self_action_on_kill",
        "entity_action": {
            "type": "origins:and",
            "actions": [
                {
                    "type": "origins:chance",
                    "action": {
                        "type": "origins:change_resource",
                        "resource": "hellchained:souls",
                        "change": 1
                    },
                    "chance": 0.5
                },
                {
                    "type": "origins:chance",
                    "action": {
                        "type": "origins:change_resource",
                        "resource": "hellchained:souls",
                        "change": 1
                    },
                    "chance": 0.5
                },
                {
                    "type": "origins:chance",
                    "action": {
                        "type": "origins:change_resource",
                        "resource": "hellchained:souls",
                        "change": 1
                    },
                    "chance": 0.5
                },
                {
                    "type": "origins:chance",
                    "action": {
                        "type": "origins:change_resource",
                        "resource": "hellchained:souls",
                        "change": 1
                    },
                    "chance": 0.3
                },
                {
                    "type": "origins:chance",
                    "action": {
                        "type": "origins:change_resource",
                        "resource": "hellchained:souls",
                        "change": 1
                    },
                    "chance": 0.3
                }
            ]
        },
        "cooldown": 0,
        "hud_render": {
            "should_render": false
        },
        "target_condition": {
            "type": "origins:or",
            "conditions": [
                {
                    "type": "origins:in_tag",
                    "tag": "hellchained:high_sentience"
                }
            ]
        }
    },
    "callback": {
        "type": "origins:action_on_callback",
        "entity_action_chosen": {
            "type": "origins:change_resource",
            "resource": "hellchained:souls",
            "change": 10
        }
    }
}