{
    "name": "Battlecry",
    "description": "Utter a thunderous and demonic roar that pushes away advancing enemies.",
    "badges": [
        {
            "type": "origins:sprite",
            "sprite": "origins:textures/gui/badge/active.png"
        }
    ],
    "type": "origins:multiple",
    "push": {
        "type": "origins:active_self",
        "entity_action": {
            "type": "origins:and",
            "actions": [
                {
                    "type": "origins:play_sound",
                    "sound": "minecraft:entity.warden.death",
                    "volume": 1,
                    "pitch": 1
                },
                {
                    "type": "origins:play_sound",
                    "sound": "minecraft:entity.lightning_bolt.thunder",
                    "volume": 0.8,
                    "pitch": 1
                },
                {
                    "type": "origins:area_of_effect",
                    "radius": 4,
                    "bientity_action": {
                        "type": "origins:add_velocity",
                        "y": 0.75,
                        "z": 1,
                        "client": true,
                        "server": true
                    }
                }
            ]
        },
        "cooldown": 600,
        "hud_render": {
            "should_render": true,
            "sprite_location": "origins:textures/gui/community/huang/resource_bar_02.png",
            "bar_index": 5
        },
        "key": {
            "key": "key.origins.primary_active"
        }
    }
}