{
    "name": "Beserker",
    "description": "Once your bloodlust is full, you are able to channel your inner demon and go beserk. During this, deal 2 extra hearts of damage, and become immune to fire. However, your hunger will deplete much quicker and your total health is halved.",
    "badges": [
        {
            "type": "origins:sprite",
            "sprite": "origins:textures/gui/badge/star.png"
        }
    ],
    "type": "origins:multiple",
    "exhaustion": {
        "condition": {
            "type": "origins:resource",
            "resource": "666:bloodlust",
            "comparison": ">=",
            "compare_to": 60
        },
        "type": "origins:exhaust",
        "interval": 10,
        "exhaustion": 2
    },
    "adrenaline": {
        "condition": {
            "type": "origins:resource",
            "resource": "666:bloodlust",
            "comparison": ">=",
            "compare_to": 70
        },
        "type": "origins:shader",
        "shader": "minecraft:shaders/post/deconverge.json",
        "toggleable": false
    },
    "hematophagous": {
        "condition": {
            "type": "origins:resource",
            "resource": "666:bloodlust",
            "comparison": ">=",
            "compare_to": 70
        },
        "type": "origins:action_on_hit",
        "bientity_action": {
            "type": "origins:actor_action",
            "action": {
                "type": "origins:and",
                "actions": [
                    {
                        "type": "origins:feed",
                        "food": 3,
                        "saturation": 0.75
                    }
                ]
            }
        },
        "cooldown": 3
    },
    "vampiric": {
        "condition": {
            "type": "origins:resource",
            "resource": "666:bloodlust",
            "comparison": ">=",
            "compare_to": 90
        },
        "type": "origins:action_on_hit",
        "bientity_action": {
            "type": "origins:actor_action",
            "action": {
                "type": "origins:heal",
                "amount": 1
            }
        },
        "cooldown": 3
    },
    "beserk": {
        "condition": {
            "type": "origins:resource",
            "resource": "666:bloodlust",
            "comparison": ">=",
            "compare_to": 100
        },
        "type": "origins:conditioned_attribute",
        "modifiers": [
            {
                "attribute": "minecraft:generic.attack_damage",
                "operation": "addition",
                "value": 4
            },
            {
                "attribute": "minecraft:generic.max_health",
                "operation": "addition",
                "value": -10
            }
        ],
        "tick_rate": 20,
        "update_health": true
    },
    "fireproof": {
        "condition": {
            "type": "origins:resource",
            "resource": "666:bloodlust",
            "comparison": ">=",
            "compare_to": 100
        },
        "type": "origins:fire_immunity"
    }
}