{
    "name": "Faustian Bargain",
    "description": "You gain diabolical strength and agility thanks to your contract with hell. Deal an extra heart of damage, and become more nimble. You are also immune to fall damage.",
    "badges": [
        {
            "type": "origins:sprite",
            "sprite": "origins:textures/gui/badge/arrow_up.png"
        }
    ],
    "type": "origins:multiple",
    "strength": {
        "type": "origins:attribute",
        "modifier": {
            "attribute": "minecraft:generic.attack_damage",
            "operation": "addition",
            "value": 2
        },
        "update_health": false
    },
    "agility": {
        "type": "origins:stacking_status_effect",
        "min_stacks": 0,
        "max_stacks": 1,
        "duration_per_stack": 20,
        "tick_rate": 10,
        "effects": [
            {
                "effect": "minecraft:speed",
                "duration": 100,
                "amplifier": 1,
                "show_particles": false,
                "show_icon": false
            },
            {
                "effect": "minecraft:jump_boost",
                "duration": 100,
                "amplifier": 0,
                "show_particles": false,
                "show_icon": false
            }
        ]
    },
    "strong_limbs": {
        "type": "origins:invulnerability",
        "damage_condition": {
            "type": "origins:name",
            "name": "fall"
        }
    }
}