{
    "name": "Gluttonous",
    "description": "As a result of your demonic pact, you go hungry quicker and can only consume flesh and meat. Also gain immunity to poison, hunger, and nausea.",
    "type": "origins:multiple",
    "only_meats": {
        "type": "origins:prevent_item_use",
        "item_condition": {
            "type": "origins:and",
            "conditions": [
                {
                    "inverted": true,
                    "type": "origins:or",
                    "conditions": [
                        {
                            "type": "origins:ingredient",
                            "ingredient": {
                                "tag": "origins:meat"
                            }
                        },
                        {
                            "type": "origins:meat"
                        }
                    ]
                },
                {
                    "type": "origins:food"
                }
            ]
        }
    },
    "no_cakes": {
        "type": "origins:prevent_block_use",
        "block_condition": {
            "type": "origins:block",
            "block": "minecraft:cake"
        }
    },
    "immunities": {
        "type": "origins:effect_immunity",
        "effects": [
            "minecraft:poison",
            "minecraft:hunger",
            "minecraft:nausea"
        ]
    },
    "gluttonous": {
        "type": "origins:modify_exhaustion",
        "modifier": {
            "operation": "multiply_base",
            "value": 0.5
        }
    }
}