{
    "name": "Restraint",
    "description": "Hold yourself back from giving into madness. Decreases your bloodlust by half.",
    "badges": [
        {
            "type": "origins:sprite",
            "sprite": "origins:textures/gui/badge/active.png"
        }
    ],
    "type": "origins:active_self",
    "entity_action": {
        "type": "origins:and",
        "actions": [
            {
                "type": "origins:change_resource",
                "resource": "666:bloodlust",
                "change": -50,
                "operation": "add"
            },
            {
                "type": "origins:play_sound",
                "sound": "entity.player.breath",
                "volume": 0.5,
                "pitch": 1
            }
        ]
    },
    "cooldown": 200,
    "key": "key.origins.secondary_active"
}