{
    "name": "Sadistic",
    "description": "The pain you inflict excites you, slowly charging your bloodlust.",
    "type": "origins:self_action_on_hit",
    "entity_action": {
        "type": "origins:and",
        "actions": [
            {
                "type": "origins:change_resource",
                "resource": "666:bloodlust",
                "change": 10,
                "operation": "add"
            },
            {
                "type": "origins:play_sound",
                "sound": "block.bell.resonate",
                "volume": 0.5,
                "pitch": 1
            }
        ]
    },
    "cooldown": 1
}