{
  "parent": "bracken:sanctum/enter_sanctum",
  "display": {
    "title": {
      "translate": "Don't Blink"
    },
    "description": {
      "translate": "Slay a proto-Golem",
      "color": "green"
    },
    "icon": {
      "item": "minecraft:netherite_block"
    },
    "frame": "task",
    "show_toast": true,
    "announce_to_chat": true,
    "hidden": false
  },
  "criteria": {
    "bracken:sanctum/proto1": {
      "trigger": "minecraft:player_killed_entity",
      "conditions": {
        "entity": [
          {
            "condition": "minecraft:entity_properties",
            "entity": "this",
            "predicate": {
              "type": "minecraft:wither_skeleton",
              "location": {
                "dimension": "bracken:sanctum"
              }
            }
          }
        ]
      }
    }
  },
  "requirements": [
    [
      "bracken:sanctum/proto1"
    ]
  ]
}
