{
  "parent": "bracken:sanctum/dune_biome",
  "display": {
    "title": {
      "translate": "This is Not a Place of Honor"
    },
    "description": {
      "translate": "Enter the tunnels beneath the dark dunes vault and walk into complete darkness",
      "color": "green"
    },
    "icon": {
      "item": "minecraft:bedrock"
    },
    "frame": "task",
    "show_toast": true,
    "announce_to_chat": true,
    "hidden": false
  },
  "criteria": {
    "bracken:sanctum/vault1": {
      "trigger": "minecraft:location",
      "conditions": {
        "player": {
          "location": {
            "biome": "bracken:sanctum/dark_soot_dunes",
            "light": {
              "light": 0
            },
            "structure": "bracken:sanctum_boss"
          }
        }
      }
    }
  },
  "requirements": [
    [
      "bracken:sanctum/vault1"
    ]
  ]
}
