{
  "credit": "Made by Pois1x",
  "texture_size": [
    32,
    32
  ],
  "textures": {},
  "elements": [
    {
      "from": [
        2,
        0,
        2
      ],
      "to": [
        14,
        4,
        14
      ],
      "faces": {
        "north": {
          "uv": [
            6,
            0,
            12,
            2
          ],
          "texture": "#body"
        },
        "east": {
          "uv": [
            6,
            0,
            12,
            2
          ],
          "texture": "#body"
        },
        "south": {
          "uv": [
            6,
            0,
            12,
            2
          ],
          "texture": "#body"
        },
        "west": {
          "uv": [
            6,
            0,
            12,
            2
          ],
          "texture": "#body"
        },
        "up": {
          "uv": [
            0,
            0,
            6,
            6
          ],
          "rotation": 90,
          "texture": "#body"
        },
        "down": {
          "uv": [
            0,
            0,
            6,
            6
          ],
          "rotation": 270,
          "texture": "#body"
        }
      }
    },
    {
      "from": [
        4,
        4,
        3
      ],
      "to": [
        12,
        5,
        13
      ],
      "faces": {
        "north": {
          "uv": [
            11.5,
            5.5,
            15.5,
            6
          ],
          "texture": "#body"
        },
        "east": {
          "uv": [
            11,
            5,
            16,
            5.5
          ],
          "texture": "#body"
        },
        "south": {
          "uv": [
            11.5,
            5.5,
            15.5,
            6
          ],
          "texture": "#body"
        },
        "west": {
          "uv": [
            11,
            5,
            16,
            5.5
          ],
          "texture": "#body"
        },
        "up": {
          "uv": [
            6,
            2,
            11,
            6
          ],
          "rotation": 90,
          "texture": "#body"
        },
        "down": {
          "uv": [
            6,
            2,
            11,
            6
          ],
          "rotation": 270,
          "texture": "#body"
        }
      }
    },
    {
      "from": [
        6,
        5,
        4
      ],
      "to": [
        10,
        10,
        12
      ],
      "faces": {
        "north": {
          "uv": [
            14,
            2.5,
            16,
            5
          ],
          "texture": "#body"
        },
        "east": {
          "uv": [
            12,
            0,
            16,
            2.5
          ],
          "texture": "#body"
        },
        "south": {
          "uv": [
            14,
            2.5,
            16,
            5
          ],
          "texture": "#body"
        },
        "west": {
          "uv": [
            12,
            0,
            16,
            2.5
          ],
          "texture": "#body"
        },
        "up": {
          "uv": [
            1,
            2,
            5,
            4
          ],
          "rotation": 90,
          "texture": "#body"
        },
        "down": {
          "uv": [
            1,
            2,
            5,
            4
          ],
          "rotation": 270,
          "texture": "#body"
        }
      }
    },
    {
      "from": [
        3,
        10,
        0
      ],
      "to": [
        13,
        16,
        16
      ],
      "faces": {
        "north": {
          "uv": [
            0,
            10,
            5,
            13
          ],
          "texture": "#body"
        },
        "east": {
          "uv": [
            0,
            13,
            8,
            16
          ],
          "texture": "#body"
        },
        "south": {
          "uv": [
            0,
            10,
            5,
            13
          ],
          "texture": "#body"
        },
        "west": {
          "uv": [
            0,
            13,
            8,
            16
          ],
          "texture": "#body"
        },
        "up": {
          "uv": [
            8,
            11,
            16,
            16
          ],
          "rotation": 90,
          "texture": "#body"
        },
        "down": {
          "uv": [
            8,
            11,
            16,
            16
          ],
          "rotation": 270,
          "texture": "#body"
        }
      }
    }
  ],
  "display": {
    "thirdperson_righthand": {
      "rotation": [
        50,
        50,
        0
      ],
      "translation": [
        -0.5,
        1.5,
        -1.25
      ],
      "scale": [
        0.35,
        0.35,
        0.35
      ]
    },
    "thirdperson_lefthand": {
      "rotation": [
        50,
        50,
        0
      ],
      "translation": [
        -0.5,
        1.5,
        -1.25
      ],
      "scale": [
        0.35,
        0.35,
        0.35
      ]
    },
    "firstperson_righthand": {
      "rotation": [
        0,
        -130,
        0
      ],
      "translation": [
        0,
        -0.5,
        0.5
      ],
      "scale": [
        0.45,
        0.45,
        0.45
      ]
    },
    "firstperson_lefthand": {
      "rotation": [
        0,
        -130,
        0
      ],
      "translation": [
        0,
        -0.5,
        0.5
      ],
      "scale": [
        0.45,
        0.45,
        0.45
      ]
    },
    "ground": {
      "translation": [
        0,
        1.75,
        0
      ],
      "scale": [
        0.3,
        0.3,
        0.3
      ]
    },
    "gui": {
      "rotation": [
        31,
        50,
        0
      ],
      "translation": [
        -0.25,
        0,
        0
      ],
      "scale": [
        0.65,
        0.65,
        0.65
      ]
    },
    "head": {
      "rotation": [
        0,
        90,
        0
      ],
      "translation": [
        0,
        14.25,
        0
      ]
    },
    "fixed": {
      "rotation": [
        0,
        90,
        0
      ],
      "scale": [
        0.5,
        0.5,
        0.5
      ]
    }
  }
}