{
	"credit": "Made with Blockbench",
	"texture_size": [32, 32],
	"textures": {
		"0": "manic:item/anirrum_lantern",
		"particle": "manic:item/anirrum_lantern"
	},
	"elements": [
		{
			"name": "Handle",
			"from": [3, 7, 8],
			"to": [13, 15, 8],
			"rotation": {"angle": 0, "axis": "y", "origin": [5, 0, 5]},
			"faces": {
				"north": {"uv": [11, 0, 16, 4], "texture": "#0"},
				"east": {"uv": [0, 3, 3, 7.5], "texture": "#0"},
				"south": {"uv": [16, 0, 11, 4], "texture": "#0"},
				"west": {"uv": [0, 3, 3, 7.5], "texture": "#0"},
				"up": {"uv": [0, 0, 3, 3], "texture": "#0"},
				"down": {"uv": [0, 7.5, 3, 10.5], "texture": "#0"}
			}
		},
		{
			"name": "Lantern",
			"from": [5, 0, 5],
			"to": [11, 9, 11],
			"rotation": {"angle": 0, "axis": "y", "origin": [5, 0, 5]},
			"faces": {
				"north": {"uv": [0, 3, 3, 7.5], "texture": "#0"},
				"east": {"uv": [0, 3, 3, 7.5], "texture": "#0"},
				"south": {"uv": [0, 3, 3, 7.5], "texture": "#0"},
				"west": {"uv": [0, 3, 3, 7.5], "texture": "#0"},
				"up": {"uv": [0, 0, 3, 3], "texture": "#0"},
				"down": {"uv": [0, 7.5, 3, 10.5], "texture": "#0"}
			}
		},
		{
			"name": "Top",
			"from": [6, 9, 6],
			"to": [10, 11, 10],
			"rotation": {"angle": 0, "axis": "y", "origin": [5, 0, 5]},
			"faces": {
				"north": {"uv": [0, 12.5, 2, 13.5], "texture": "#0"},
				"east": {"uv": [0, 12.5, 2, 13.5], "texture": "#0"},
				"south": {"uv": [0, 12.5, 2, 13.5], "texture": "#0"},
				"west": {"uv": [0, 12.5, 2, 13.5], "texture": "#0"},
				"up": {"uv": [0, 10.5, 2, 12.5], "texture": "#0"}
			}
		}
	],
	"display": {
		"thirdperson_righthand": {
			"rotation": [45, 0, 0],
			"translation": [0, -5.5, -1.5],
			"scale": [0.65, 0.65, 0.65]
		},
		"thirdperson_lefthand": {
			"rotation": [45, 0, 0],
			"translation": [0, -5.5, -1.5],
			"scale": [0.65, 0.65, 0.65]
		},
		"firstperson_righthand": {
			"rotation": [0, -22.5, 0],
			"translation": [1.13, 3.2, 1.13],
			"scale": [0.68, 0.68, 0.68]
		},
		"firstperson_lefthand": {
			"rotation": [0, -22.5, 0],
			"translation": [1.13, 3.2, 1.13],
			"scale": [0.68, 0.68, 0.68]
		},
		"ground": {
			"translation": [0, 2, 0],
			"scale": [0.5, 0.5, 0.5]
		},
		"gui": {
			"rotation": [30, 225, 0],
			"translation": [0, 0.75, 0],
			"scale": [0.825, 0.825, 0.825]
		},
		"head": {
			"rotation": [0, 180, 0],
			"translation": [0, 14.25, 0]
		},
		"fixed": {
			"rotation": [0, 180, 0],
			"translation": [0, 0, -0.5]
		}
	}
}