{
    "type": "origins:action_when_damage_taken",
    "name": "Crackling Fuel",
    "description": "If you take damage after overheating, you lose Heat and hurt nearby targets.",
    "entity_action": {
        "type": "origins:and",
        "actions": [
            {
                "type": "origins:spawn_particles",
                "particle": {
                    "type": "minecraft:flame"
                },
                "count": 15,
                "speed": 0.1,
                "spread": {
                    "x": 0.5,
                    "y": 0.5,
                    "z": 0.5
                }
            },
            {
                "type": "origins:change_resource",
                "resource": "kindling:heat_resource",
                "change": -300
            },
            {
                "type": "origins:area_of_effect",
                "radius": 7,
                "bientity_condition": {
                    "type": "origins:and",
                    "conditions": [
                        {
                            "type": "origins:can_see"
                        },
                        {
                            "type": "origins:target_condition",
                            "condition": {
                                "type": "origins:living"
                            }
                        }
                    ]
                },
                "bientity_action": {
                    "type": "origins:and",
                    "actions": [
                        {
                            "type": "origins:damage",
                            "amount": 5,
                            "source": {
                                "name": "inFire",
                                "bypasses_armor": true,
                                "unblockable": true,
                                "fire": true
                            }
                        },
                        {
                            "type": "origins:target_action",
                            "action": {
                                "type": "origins:set_on_fire",
                                "duration": 5
                            }
                        }
                    ]
                }
            },
            {
                "type": "origins:change_resource",
                "resource": "kindling:overheat_crackling",
                "change": 200,
                "operation": "set"
            }
        ]
    },
    "condition": {
        "type": "origins:resource",
        "resource": "kindling:overheat_crackling",
        "compare_to": 0,
        "comparison": ">"
    },
    "cooldown": 1
}