{
    "type": "origins:multiple",
    "name": "Burnout",
    "description": "You become extinguished when your Heat meter is empty, gaining various buffs and debuffs.",
    "badges": [
        {
            "type": "origins:tooltip",
            "sprite": "origins:textures/gui/badge/info.png",
            "text": "While extinguished:\n+ No damage from water and snowballsn\n-You can't heat up for 30 seconds\n- You cannot sprint\n- You move slower\n- You take damage to lava"
        }
    ],
    "sprint": {
        "type": "origins:prevent_sprinting",
        "condition": {
            "type": "origins:resource",
            "resource": "kindling:heat_resource",
            "compare_to": 0,
            "comparison": "=="
        }
    },
    "movement": {
        "type": "origins:modify_attribute",
        "attribute": "minecraft:generic.movement_speed",
        "modifier": {
            "operation": "multiply_base_additive",
            "value": -0.3
        },
        "condition": {
            "type": "origins:resource",
            "resource": "kindling:heat_resource",
            "compare_to": 0,
            "comparison": "=="
        }
    }
}