{
    "type": "origins:action_over_time",
    "name": "Firestarter",
    "description": "While overheating, you occasionally ignite the block you're standing on.",
    "interval": 7,
    "entity_action": {
        "type": "origins:chance",
        "action": {
            "type": "origins:spawn_entity",
            "entity_type": "minecraft:falling_block",
            "tag": "{BlockState:{Name:\"minecraft:fire\"},Time:1}"
        },
        "chance": 0.25
    },
    "condition": {
        "type": "origins:resource",
        "resource": "kindling:overheat_enabled",
        "compare_to": 1,
        "comparison": "=="
    }
}