{
    "type": "origins:multiple",
    "name": "Fire Immunity",
    "description": "You are immune to all types of fire damage.",
    "normal": {
        "type": "origins:invulnerability",
        "damage_condition": {
            "type": "origins:and",
            "conditions": [
                {
                    "type": "origins:fire"
                },
                {
                    "type": "origins:name",
                    "name": "lava",
                    "inverted": true
                }
            ]
        }
    },
    "lava": {
        "type": "origins:invulnerability",
        "damage_condition": {
            "type": "origins:name",
            "name": "lava"
        },
        "condition": {
            "type": "origins:resource",
            "resource": "kindling:heat_resource",
            "compare_to": 0,
            "comparison": ">"
        }
    }
}