{
    "type": "origins:multiple",
    "name": "Flaming Dash",
    "description": "You can dash in any direction, damaging nearby mobs and consuming fuel while launching you forward.",
    "active": {
        "type": "origins:active_self",
        "entity_action": {
            "type": "origins:and",
            "actions": [
                {
                    "type": "origins:add_velocity",
                    "y": 0.25,
                    "set": true
                },
                {
                    "type": "origins:delay",
                    "action": {
                        "type": "origins:add_velocity",
                        "z": 2,
                        "space": "local"
                    },
                    "ticks": 1
                },
                {
                    "type": "origins:set_fall_distance",
                    "fall_distance": 1
                },
                {
                    "type": "origins:change_resource",
                    "resource": "kindling:heat_resource",
                    "change": -300
                },
                {
                    "type": "origins:play_sound",
                    "sound": "minecraft:entity.blaze.shoot"
                }
            ]
        },
        "condition": {
            "type": "origins:and",
            "conditions": [
                {
                    "type": "origins:resource",
                    "resource": "kindling:heat_resource",
                    "compare_to": 300,
                    "comparison": ">"
                },
                {
                    "type": "origins:resource",
                    "resource": "kindling:heat_extinguish_cooldown",
                    "compare_to": 0,
                    "comparison": "=="
                },
                {
                    "type": "origins:resource",
                    "resource": "kindling:overheat_enabled",
                    "compare_to": 0,
                    "comparison": "=="
                }
            ]
        },
        "cooldown": 2147483647
    },
    "reset_cooldown": {
        "type": "origins:action_on_callback",
        "entity_action_added": {
            "type": "origins:delay",
            "action": {
                "type": "origins:change_resource",
                "resource": "*:*_active",
                "change": 2147483647,
                "operation": "set"
            },
            "ticks": 1
        }
    },
    "dashing": {
        "type": "origins:action_over_time",
        "interval": 1,
        "entity_action": {
            "type": "origins:and",
            "actions": [
                {
                    "type": "origins:spawn_particles",
                    "particle": {
                        "type": "minecraft:flame"
                    },
                    "count": 15,
                    "speed": 0.1,
                    "spread": {
                        "x": 0.1,
                        "y": 0.1,
                        "z": 0.1
                    }
                },
                {
                    "type": "origins:area_of_effect",
                    "radius": 2,
                    "bientity_condition": {
                        "type": "origins:and",
                        "conditions": [
                            {
                                "type": "origins:can_see"
                            },
                            {
                                "type": "origins:target_condition",
                                "condition": {
                                    "type": "origins:living"
                                }
                            }
                        ]
                    },
                    "bientity_action": {
                        "type": "origins:and",
                        "actions": [
                            {
                                "type": "origins:damage",
                                "amount": 5,
                                "source": {
                                    "name": "inFire",
                                    "bypasses_armor": true,
                                    "unblockable": true,
                                    "fire": true
                                }
                            },
                            {
                                "type": "origins:target_action",
                                "action": {
                                    "type": "origins:set_on_fire",
                                    "duration": 5
                                }
                            }
                        ]
                    }
                }
            ]
        },
        "falling_action": {
            "type": "origins:change_resource",
            "resource": "*:*_active",
            "change": 2147483647,
            "operation": "set"
        },
        "condition": {
            "type": "origins:and",
            "conditions": [
                {
                    "type": "origins:resource",
                    "resource": "*:*_active",
                    "compare_to": 0,
                    "comparison": ">"
                },
                {
                    "type": "origins:submerged_in",
                    "fluid": "minecraft:lava",
                    "inverted": true
                },
                {
                    "type": "origins:submerged_in",
                    "fluid": "minecraft:water",
                    "inverted": true
                },
                {
                    "type": "origins:creative_flying",
                    "inverted": true
                },
                {
                    "type": "origins:on_block",
                    "inverted": true
                }
            ]
        }
    },
    "model_color": {
        "type": "origins:model_color",
        "red": 0.85098039215,
        "green": 0.34117647058,
        "blue": 0.06666666666,
        "alpha": 0.25,
        "condition": {
            "type": "origins:resource",
            "resource": "*:*_active",
            "compare_to": 0,
            "comparison": ">"
        }
    },
    "self_glow": {
        "type": "origins:self_glow",
        "red": 0.85098039215,
        "green": 0.34117647058,
        "blue": 0.06666666666,
        "use_teams": false,
        "bientity_condition": {
            "type": "origins:can_see"
        },
        "condition": {
            "type": "origins:resource",
            "resource": "*:*_active",
            "compare_to": 0,
            "comparison": ">"
        }
    },
    "invulnerability": {
        "type": "origins:modify_damage_taken",
        "damage_condition": {
            "type": "origins:name",
            "name": "outOfWorld",
            "inverted": true
        },
        "modifier": {
            "operation": "set_total",
            "value": 0
        },
        "self_action": {
            "type": "origins:and",
            "actions": [
                {
                    "type": "origins:if_else",
                    "condition": {
                        "type": "origins:status_effect",
                        "effect": "minecraft:wither",
                        "max_duration": 10,
                        "min_duration": 9
                    },
                    "if_action": {
                        "type": "origins:clear_effect",
                        "effect": "minecraft:wither"
                    }
                },
                {
                    "type": "origins:if_else",
                    "condition": {
                        "type": "origins:status_effect",
                        "effect": "minecraft:poison",
                        "max_duration": 15,
                        "min_duration": 14
                    },
                    "if_action": {
                        "type": "origins:clear_effect",
                        "effect": "minecraft:poison"
                    }
                },
                {
                    "type": "origins:if_else",
                    "condition": {
                        "type": "origins:status_effect",
                        "effect": "minecraft:hunger",
                        "max_duration": 14,
                        "min_duration": 13
                    },
                    "if_action": {
                        "type": "origins:clear_effect",
                        "effect": "minecraft:poison"
                    }
                }
            ]
        },
        "condition": {
            "type": "origins:resource",
            "resource": "*:*_active",
            "compare_to": 0,
            "comparison": ">"
        }
    },
    "land": {
        "type": "origins:action_on_land",
        "entity_action": {
            "type": "origins:delay",
            "action": {
                "type": "origins:change_resource",
                "resource": "*:*_active",
                "change": 2147483647,
                "operation": "set"
            },
            "ticks": 1
        }
    }
}