{
    "type": "origins:multiple",
    "name": "Arcane Flame",
    "description": "You do not exhaust. Instead you have a Heat meter which affects your other powers.",
    "badges": [
        {
            "type": "origins:tooltip",
            "sprite": "origins:textures/gui/badge/active.png",
            "text": "To increase Heat, consume fuel, hot items, or ignition items by §nSneak+Right-Clicking§r."
        },
        {
            "type": "origins:tooltip",
            "sprite": "origins:textures/gui/badge/info.png",
            "text": "Heat slowly depletes unless on fire, or you can drink water to extinguish yourself."
        }
    ],
    "resource": {
        "type": "origins:resource",
        "min": 0,
        "max": 1200,
        "start_value": 950,
        "min_action": {
            "type": "origins:trigger_cooldown",
            "power": "*:*_extinguish_cooldown"
        },
        "hud_render": {
            "should_render": true,
            "sprite_location": "origins:textures/gui/community/huang/resource_bar_02.png",
            "bar_index": 15,
            "condition": {
                "type": "origins:and",
                "conditions": [
                    {
                        "type": "origins:resource",
                        "resource": "*:*_cooldown",
                        "compare_to": 0,
                        "comparison": "=="
                    },
                    {
                        "type": "origins:resource",
                        "resource": "*:*_extinguish_cooldown",
                        "compare_to": 0,
                        "comparison": "=="
                    }
                ]
            }
        }
    },
    "reset_heat": {
        "type": "origins:action_on_callback",
        "entity_action_respawned": {
            "type": "origins:delay",
            "action": {
                "type": "origins:change_resource",
                "resource": "*:*_resource",
                "change": 900,
                "operation": "set"
            },
            "ticks": 1
        }
    },
    "cooldown": {
        "type": "origins:cooldown",
        "cooldown": 7,
        "hud_render": {
            "should_render": true,
            "bar_index": 7
        }
    },
    "reset_cooldown": {
        "type": "origins:action_on_callback",
        "entity_action_added": {
            "type": "origins:action_on_callback",
            "entity_action_added": {
                "type": "origins:delay",
                "action": {
                    "type": "origins:change_resource",
                    "resource": "*:*_cooldown",
                    "change": 7,
                    "operation": "set"
                },
                "ticks": 1
            }
        }
    },
    "extinguish_cooldown": {
        "type": "origins:cooldown",
        "cooldown": 300,
        "hud_render": {
            "should_render": true,
            "sprite_location": "origins:textures/gui/community/spiderkolo/resource_bar_03.png",
            "bar_index": 0
        }
    },
    "reset_extinguish_cooldown": {
        "type": "origins:action_on_callback",
        "entity_action_added": {
            "type": "origins:delay",
            "action": {
                "type": "origins:change_resource",
                "resource": "*:*_extinguish_cooldown",
                "change": 300,
                "operation": "set"
            },
            "ticks": 1
        }
    },
    "consume": {
        "type": "origins:active_self",
        "entity_action": {
            "type": "origins:and",
            "actions": [
                {
                    "type": "origins:if_else",
                    "condition": {
                        "type": "origins:equipped_item",
                        "equipment_slot": "mainhand",
                        "item_condition": {
                            "type": "origins:ingredient",
                            "ingredient": {
                                "tag": "kindling:high_energy_fuel"
                            }
                        }
                    },
                    "if_action": {
                        "type": "origins:if_else",
                        "condition": {
                            "type": "origins:resource",
                            "resource": "*:*_resource",
                            "compare_to": 1100,
                            "comparison": ">"
                        },
                        "if_action": {
                            "type": "origins:and",
                            "actions": [
                                {
                                    "type": "origins:if_else",
                                    "condition": {
                                        "type": "origins:equipped_item",
                                        "equipment_slot": "mainhand",
                                        "item_condition": {
                                            "type": "origins:ingredient",
                                            "ingredient": {
                                                "item": "minecraft:lava_bucket"
                                            }
                                        }
                                    },
                                    "if_action": {
                                        "type": "origins:and",
                                        "actions": [
                                            {
                                                "type": "origins:replace_inventory",
                                                "inventory_type": "inventory",
                                                "slot": "weapon.mainhand",
                                                "stack": {
                                                    "item": "minecraft:bucket"
                                                }
                                            },
                                            {
                                                "type": "origins:change_resource",
                                                "resource": "kindling:overheat_enabled",
                                                "change": 1
                                            },
                                            {
                                                "type": "origins:if_else",
                                                "condition": {
                                                    "type": "origins:health",
                                                    "compare_to": 0.5,
                                                    "comparison": ">"
                                                },
                                                "if_action": {
                                                    "type": "origins:heal",
                                                    "amount": -0.5
                                                }
                                            }
                                        ]
                                    },
                                    "else_action": {
                                        "type": "origins:if_else",
                                        "condition": {
                                            "type": "origins:equipped_item",
                                            "equipment_slot": "mainhand",
                                            "item_condition": {
                                                "type": "origins:ingredient",
                                                "ingredient": {
                                                    "item": "minecraft:flint_and_steel"
                                                }
                                            }
                                        },
                                        "if_action": {
                                            "type": "origins:equipped_item_action",
                                            "equipment_slot": "mainhand",
                                            "action": {
                                                "type": "origins:damage",
                                                "damage": 1
                                            }
                                        },
                                        "else_action": {
                                            "type": "origins:equipped_item_action",
                                            "equipment_slot": "mainhand",
                                            "action": {
                                                "type": "origins:consume",
                                                "amount": 1
                                            }
                                        }
                                    }
                                },
                                {
                                    "type": "origins:change_resource",
                                    "resource": "kindling:overheat_enabled",
                                    "change": 1
                                },
                                {
                                    "type": "origins:if_else",
                                    "condition": {
                                        "type": "origins:health",
                                        "compare_to": 0.5,
                                        "comparison": ">"
                                    },
                                    "if_action": {
                                        "type": "origins:heal",
                                        "amount": -0.5
                                    }
                                }
                            ]
                        },
                        "else_action": {
                            "type": "origins:and",
                            "actions": [
                                {
                                    "type": "origins:change_resource",
                                    "resource": "*:*_resource",
                                    "change": 300
                                },
                                {
                                    "type": "origins:if_else",
                                    "condition": {
                                        "type": "origins:equipped_item",
                                        "equipment_slot": "mainhand",
                                        "item_condition": {
                                            "type": "origins:ingredient",
                                            "ingredient": {
                                                "item": "minecraft:lava_bucket"
                                            }
                                        }
                                    },
                                    "if_action": {
                                        "type": "origins:and",
                                        "actions": [
                                            {
                                                "type": "origins:replace_inventory",
                                                "inventory_type": "inventory",
                                                "slot": "weapon.mainhand",
                                                "stack": {
                                                    "item": "minecraft:bucket"
                                                }
                                            },
                                            {
                                                "type": "origins:change_resource",
                                                "resource": "kindling:overheat_enabled",
                                                "change": 1
                                            },
                                            {
                                                "type": "origins:if_else",
                                                "condition": {
                                                    "type": "origins:health",
                                                    "compare_to": 0.5,
                                                    "comparison": ">"
                                                },
                                                "if_action": {
                                                    "type": "origins:heal",
                                                    "amount": -0.5
                                                }
                                            }
                                        ]
                                    },
                                    "else_action": {
                                        "type": "origins:if_else",
                                        "condition": {
                                            "type": "origins:equipped_item",
                                            "equipment_slot": "mainhand",
                                            "item_condition": {
                                                "type": "origins:ingredient",
                                                "ingredient": {
                                                    "item": "minecraft:flint_and_steel"
                                                }
                                            }
                                        },
                                        "if_action": {
                                            "type": "origins:equipped_item_action",
                                            "equipment_slot": "mainhand",
                                            "action": {
                                                "type": "origins:damage",
                                                "damage": 1
                                            }
                                        },
                                        "else_action": {
                                            "type": "origins:equipped_item_action",
                                            "equipment_slot": "mainhand",
                                            "action": {
                                                "type": "origins:consume",
                                                "amount": 1
                                            }
                                        }
                                    }
                                }
                            ]
                        }
                    },
                    "else_action": {
                        "type": "origins:if_else",
                        "condition": {
                            "type": "origins:equipped_item",
                            "equipment_slot": "offhand",
                            "item_condition": {
                                "type": "origins:ingredient",
                                "ingredient": {
                                    "tag": "kindling:high_energy_fuel"
                                }
                            }
                        },
                        "if_action": {
                            "type": "origins:if_else",
                            "condition": {
                                "type": "origins:resource",
                                "resource": "*:*_resource",
                                "compare_to": 1100,
                                "comparison": ">"
                            },
                            "if_action": {
                                "type": "origins:and",
                                "actions": [
                                    {
                                        "type": "origins:if_else",
                                        "condition": {
                                            "type": "origins:equipped_item",
                                            "equipment_slot": "offhand",
                                            "item_condition": {
                                                "type": "origins:ingredient",
                                                "ingredient": {
                                                    "item": "minecraft:lava_bucket"
                                                }
                                            }
                                        },
                                        "if_action": {
                                            "type": "origins:and",
                                            "actions": [
                                                {
                                                    "type": "origins:replace_inventory",
                                                    "inventory_type": "inventory",
                                                    "slot": "weapon.offhand",
                                                    "stack": {
                                                        "item": "minecraft:bucket"
                                                    }
                                                },
                                                {
                                                    "type": "origins:change_resource",
                                                    "resource": "kindling:overheat_enabled",
                                                    "change": 1
                                                },
                                                {
                                                    "type": "origins:if_else",
                                                    "condition": {
                                                        "type": "origins:health",
                                                        "compare_to": 0.5,
                                                        "comparison": ">"
                                                    },
                                                    "if_action": {
                                                        "type": "origins:heal",
                                                        "amount": -0.5
                                                    }
                                                }
                                            ]
                                        },
                                        "else_action": {
                                            "type": "origins:if_else",
                                            "condition": {
                                                "type": "origins:equipped_item",
                                                "equipment_slot": "offhand",
                                                "item_condition": {
                                                    "type": "origins:ingredient",
                                                    "ingredient": {
                                                        "item": "minecraft:flint_and_steel"
                                                    }
                                                }
                                            },
                                            "if_action": {
                                                "type": "origins:equipped_item_action",
                                                "equipment_slot": "offhand",
                                                "action": {
                                                    "type": "origins:damage",
                                                    "damage": 1
                                                }
                                            },
                                            "else_action": {
                                                "type": "origins:equipped_item_action",
                                                "equipment_slot": "offhand",
                                                "action": {
                                                    "type": "origins:consume",
                                                    "amount": 1
                                                }
                                            }
                                        }
                                    },
                                    {
                                        "type": "origins:change_resource",
                                        "resource": "kindling:overheat_enabled",
                                        "change": 1
                                    },
                                    {
                                        "type": "origins:if_else",
                                        "condition": {
                                            "type": "origins:health",
                                            "compare_to": 0.5,
                                            "comparison": ">"
                                        },
                                        "if_action": {
                                            "type": "origins:heal",
                                            "amount": -0.5
                                        }
                                    }
                                ]
                            },
                            "else_action": {
                                "type": "origins:and",
                                "actions": [
                                    {
                                        "type": "origins:change_resource",
                                        "resource": "*:*_resource",
                                        "change": 300
                                    },
                                    {
                                        "type": "origins:if_else",
                                        "condition": {
                                            "type": "origins:equipped_item",
                                            "equipment_slot": "offhand",
                                            "item_condition": {
                                                "type": "origins:ingredient",
                                                "ingredient": {
                                                    "item": "minecraft:lava_bucket"
                                                }
                                            }
                                        },
                                        "if_action": {
                                            "type": "origins:and",
                                            "actions": [
                                                {
                                                    "type": "origins:replace_inventory",
                                                    "inventory_type": "inventory",
                                                    "slot": "weapon.mainhand",
                                                    "stack": {
                                                        "item": "minecraft:bucket"
                                                    }
                                                },
                                                {
                                                    "type": "origins:change_resource",
                                                    "resource": "kindling:overheat_enabled",
                                                    "change": 1
                                                },
                                                {
                                                    "type": "origins:if_else",
                                                    "condition": {
                                                        "type": "origins:health",
                                                        "compare_to": 0.5,
                                                        "comparison": ">"
                                                    },
                                                    "if_action": {
                                                        "type": "origins:heal",
                                                        "amount": -0.5
                                                    }
                                                }
                                            ]
                                        },
                                        "else_action": {
                                            "type": "origins:if_else",
                                            "condition": {
                                                "type": "origins:equipped_item",
                                                "equipment_slot": "offhand",
                                                "item_condition": {
                                                    "type": "origins:ingredient",
                                                    "ingredient": {
                                                        "item": "minecraft:flint_and_steel"
                                                    }
                                                }
                                            },
                                            "if_action": {
                                                "type": "origins:equipped_item_action",
                                                "equipment_slot": "offhand",
                                                "action": {
                                                    "type": "origins:damage",
                                                    "damage": 1
                                                }
                                            },
                                            "else_action": {
                                                "type": "origins:equipped_item_action",
                                                "equipment_slot": "offhand",
                                                "action": {
                                                    "type": "origins:consume",
                                                    "amount": 1
                                                }
                                            }
                                        }
                                    }
                                ]
                            }
                        },
                        "else_action": {
                            "type": "origins:if_else",
                            "condition": {
                                "type": "origins:equipped_item",
                                "equipment_slot": "mainhand",
                                "item_condition": {
                                    "type": "origins:ingredient",
                                    "ingredient": {
                                        "tag": "kindling:medium_energy_fuel"
                                    }
                                }
                            },
                            "if_action": {
                                "type": "origins:and",
                                "actions": [
                                    {
                                        "type": "origins:change_resource",
                                        "resource": "*:*_resource",
                                        "change": 125
                                    },
                                    {
                                        "type": "origins:equipped_item_action",
                                        "equipment_slot": "mainhand",
                                        "action": {
                                            "type": "origins:consume",
                                            "amount": 1
                                        }
                                    }
                                ]
                            },
                            "else_action": {
                                "type": "origins:if_else",
                                "condition": {
                                    "type": "origins:equipped_item",
                                    "equipment_slot": "offhand",
                                    "item_condition": {
                                        "type": "origins:ingredient",
                                        "ingredient": {
                                            "tag": "kindling:medium_energy_fuel"
                                        }
                                    }
                                },
                                "if_action": {
                                    "type": "origins:and",
                                    "actions": [
                                        {
                                            "type": "origins:change_resource",
                                            "resource": "*:*_resource",
                                            "change": 125
                                        },
                                        {
                                            "type": "origins:equipped_item_action",
                                            "equipment_slot": "offhand",
                                            "action": {
                                                "type": "origins:consume",
                                                "amount": 1
                                            }
                                        }
                                    ]
                                },
                                "else_action": {
                                    "type": "origins:if_else",
                                    "condition": {
                                        "type": "origins:equipped_item",
                                        "equipment_slot": "mainhand",
                                        "item_condition": {
                                            "type": "origins:ingredient",
                                            "ingredient": {
                                                "tag": "kindling:low_energy_fuel"
                                            }
                                        }
                                    },
                                    "if_action": {
                                        "type": "origins:and",
                                        "actions": [
                                            {
                                                "type": "origins:change_resource",
                                                "resource": "*:*_resource",
                                                "change": 50
                                            },
                                            {
                                                "type": "origins:equipped_item_action",
                                                "equipment_slot": "mainhand",
                                                "action": {
                                                    "type": "origins:consume",
                                                    "amount": 1
                                                }
                                            }
                                        ]
                                    },
                                    "else_action": {
                                        "type": "origins:if_else",
                                        "condition": {
                                            "type": "origins:equipped_item",
                                            "equipment_slot": "offhand",
                                            "item_condition": {
                                                "type": "origins:ingredient",
                                                "ingredient": {
                                                    "tag": "kindling:medium_energy_fuel"
                                                }
                                            }
                                        },
                                        "if_action": {
                                            "type": "origins:and",
                                            "actions": [
                                                {
                                                    "type": "origins:change_resource",
                                                    "resource": "*:*_resource",
                                                    "change": 125
                                                },
                                                {
                                                    "type": "origins:equipped_item_action",
                                                    "equipment_slot": "offhand",
                                                    "action": {
                                                        "type": "origins:consume",
                                                        "amount": 1
                                                    }
                                                }
                                            ]
                                        }
                                    }
                                }
                            }
                        }
                    }
                },
                {
                    "type": "origins:trigger_cooldown",
                    "power": "*:*_cooldown"
                },
                {
                    "type": "origins:play_sound",
                    "sound": "minecraft:block.furnace.fire_crackle",
                    "pitch": 0.5
                }
            ]
        },
        "condition": {
            "type": "origins:and",
            "conditions": [
                {
                    "type": "origins:sneaking"
                },
                {
                    "type": "origins:or",
                    "conditions": [
                        {
                            "type": "origins:equipped_item",
                            "equipment_slot": "mainhand",
                            "item_condition": {
                                "type": "origins:ingredient",
                                "ingredient": {
                                    "tag": "kindling:fuel"
                                }
                            }
                        },
                        {
                            "type": "origins:equipped_item",
                            "equipment_slot": "offhand",
                            "item_condition": {
                                "type": "origins:ingredient",
                                "ingredient": {
                                    "tag": "kindling:fuel"
                                }
                            }
                        }
                    ]
                },
                {
                    "type": "origins:resource",
                    "resource": "*:*_cooldown",
                    "compare_to": 0,
                    "comparison": "=="
                },
                {
                    "type": "origins:resource",
                    "resource": "*:*_extinguish_cooldown",
                    "compare_to": 0,
                    "comparison": "=="
                },
                {
                    "type": "origins:resource",
                    "resource": "kindling:overheat_enabled",
                    "compare_to": 0,
                    "comparison": "=="
                },
                {
                    "type": "origins:resource",
                    "resource": "kindling:flaming_dash_active",
                    "compare_to": 0,
                    "comparison": "=="
                }
            ]
        },
        "key": {
            "key": "key.use",
            "continuous": true
        },
        "cooldown": 10
    },
    "lose_heat": {
        "type": "origins:action_over_time",
        "interval": 7,
        "entity_action": {
            "type": "origins:change_resource",
            "resource": "*:*_resource",
            "change": -1
        },
        "condition": {
            "type": "origins:and",
            "conditions": [
                {
                    "type": "origins:on_fire",
                    "inverted": true
                },
                {
                    "type": "origins:resource",
                    "resource": "kindling:overheat_enabled",
                    "compare_to": 0,
                    "comparison": "=="
                }
            ]
        }
    },
    "extinguish": {
        "type": "origins:action_on_item_use",
        "hidden": true,
        "item_condition": {
            "type": "origins:and",
            "conditions": [
                {
                    "type": "origins:ingredient",
                    "ingredient": {
                        "item": "minecraft:potion"
                    }
                },
                {
                    "type": "origins:nbt",
                    "nbt": "{Potion:\"minecraft:water\"}"
                }
            ]
        },
        "entity_action": {
            "type": "origins:change_resource",
            "resource": "*:*_resource",
            "change": 0,
            "operation": "set"
        }
    },
    "food": {
        "type": "origins:action_over_time",
        "interval": 60,
        "entity_action": {
            "type": "origins:feed",
            "food": 100,
            "saturation": 1
        }
    },
    "exhaustion": {
        "type": "origins:modify_exhaustion",
        "modifier": {
            "operation": "set_total",
            "value": 0
        }
    },
    "block_use": {
        "type": "origins:prevent_block_selection",
        "condition": {
            "type": "origins:and",
            "conditions": [
                {
                    "type": "origins:sneaking"
                },
                {
                    "type": "origins:or",
                    "conditions": [
                        {
                            "type": "origins:equipped_item",
                            "equipment_slot": "mainhand",
                            "item_condition": {
                                "type": "origins:ingredient",
                                "ingredient": {
                                    "tag": "kindling:fuel"
                                }
                            }
                        },
                        {
                            "type": "origins:equipped_item",
                            "equipment_slot": "offhand",
                            "item_condition": {
                                "type": "origins:ingredient",
                                "ingredient": {
                                    "tag": "kindling:fuel"
                                }
                            }
                        }
                    ]
                }
            ]
        }
    }
}