{
	"type": "origins:multiple",
	"name": "Fire's Bane",
	"description": "Water extinguishes you, causing you to take damage and lose Heat while wet.",
	"badges": [
		{
			"type": "origins:tooltip",
			"sprite": "origins:textures/gui/badge/info.png",
			"text": "Snowballs do small true damage to you."
		}
	],
	"water": {
		"type": "origins:damage_over_time",
		"interval": 20,
		"onset_delay": 1,
		"damage": 2,
		"damage_easy": 1,
		"damage_source": {
			"name": "hurt_by_water",
			"unblockable": true,
			"bypasses_armor": true
		},
		"protection_enchantment": "origins:water_protection",
		"protection_effectiveness": 1.0,
		"condition": {
			"type": "origins:and",
			"conditions": [
				{
					"type": "origins:or",
					"conditions": [
						{
							"type": "origins:fluid_height",
							"fluid": "minecraft:water",
							"comparison": ">",
							"compare_to": 0.0
						},
						{
							"type": "origins:in_rain"
						}
					]
				},
				{
					"type": "origins:resource",
					"resource": "kindling:heat_resource",
					"compare_to": 0,
					"comparison": ">"
				}
			]
		}
	},
	"lose_heat": {
		"type": "origins:action_when_damage_taken",
		"entity_action": {
			"type": "origins:change_resource",
			"resource": "kindling:heat_resource",
			"change": -50
		},
		"cooldown": 20,
		"damage_condition": {
			"type": "origins:name",
			"name": "hurt_by_water"
		}
	},
	"snowball": {
		"type": "origins:modify_damage_taken",
		"modifier": {
			"name": "Snowball damage taken like Blazes",
			"value": 2,
			"operation": "min_total"
		},
		"self_action": {
			"type": "origins:change_resource",
			"resource": "kindling:heat_resource",
			"change": -50
		},
		"damage_condition": {
			"type": "origins:projectile",
			"projectile": "minecraft:snowball"
		},
		"condition": {
			"type": "origins:resource",
			"resource": "kindling:heat_resource",
			"compare_to": 0,
			"comparison": ">"
		}
	}
}