{
    "type": "origins:multiple",
    "name": "Overheat",
    "description": "Consuming high energy fuel with full Heat will overheat you, making you lose fuel to gain health.\nYou're also faster while overheating.",
    "badges": [
        {
            "type": "origins:tooltip",
            "sprite": "origins:textures/gui/badge/info.png",
            "text": "High Energy Fuel includes:\n- Dried Kelp Block\n- Coal Block\n- Blaze Rod\n- Ignition Items\nLava Buckets instantly trigger overheat."
        }
    ],
    "enabled": {
        "type": "origins:resource",
        "min": 0,
        "max": 1,
        "hud_render": {
            "should_render": false
        }
    },
    "crackling": {
        "type": "origins:cooldown",
        "cooldown": 200,
        "hud_render": {
            "should_render": true,
            "bar_index": 6,
            "sprite_location": "origins:textures/gui/community/huang/resource_bar_02.png"
        }
    },
    "regen_limit": {
        "type": "origins:resource",
        "min": 0,
        "max": 30,
        "max_action": {
            "type": "origins:and",
            "actions": [
                {
                    "type": "origins:change_resource",
                    "resource": "*:*_enabled",
                    "change": -1
                },
                {
                    "type": "origins:trigger_cooldown",
                    "power": "*:*_crackling"
                },
                {
                    "type": "origins:change_resource",
                    "resource": "*:*_regen_limit",
                    "change": -30
                }
            ]
        },
        "hud_render": {
            "should_render": false
        }
    },
    "regen": {
        "type": "origins:action_over_time",
        "interval": 7,
        "entity_action": {
            "type": "origins:and",
            "actions": [
                {
                    "type": "origins:change_resource",
                    "resource": "kindling:heat_resource",
                    "change": -30
                },
                {
                    "type": "origins:change_resource",
                    "resource": "*:*_regen_limit",
                    "change": 1
                },
                {
                    "type": "origins:heal",
                    "amount": 1
                },
                {
                    "type": "origins:play_sound",
                    "sound": "minecraft:block.note_block.bell",
                    "pitch": 0.65
                }
            ]
        },
        "rising_action": {
            "type": "origins:and",
            "actions": [
                {
                    "type": "origins:change_resource",
                    "resource": "kindling:heat_resource",
                    "change": -250
                },
                {
                    "type": "origins:damage",
                    "amount": 0,
                    "source": {
                        "name": "explosion",
                        "unblockable": true,
                        "bypasses_armor": true
                    }
                },
                {
                    "type": "origins:spawn_particles",
                    "particle": {
                        "type": "minecraft:flame"
                    },
                    "count": 50,
                    "speed": 0.1,
                    "spread": {
                        "x": 0.3,
                        "y": 0.3,
                        "z": 0.3
                    },
                    "offset_y": 1
                },
                {
                    "type": "origins:play_sound",
                    "sound": "minecraft:entity.generic.explode",
                    "pitch": 1.7
                },
                {
                    "type": "origins:execute_command",
                    "command": "title @s actionbar [\"\",{\"text\":\"AB \",\"bold\":true,\"obfuscated\":true,\"color\":\"black\"},{\"text\":\"Overheat Activated\",\"bold\":true,\"underlined\":true,\"color\":\"gold\"},{\"text\":\" BA\",\"obfuscated\":true,\"color\":\"black\"}]"
                }
            ]
        },
        "falling_action": {
            "type": "origins:and",
            "actions": [
                {
                    "type": "origins:change_resource",
                    "resource": "*:*_regen_limit",
                    "change": 30
                },
                {
                    "type": "origins:spawn_particles",
                    "particle": {
                        "type": "minecraft:large_smoke"
                    },
                    "count": 75,
                    "speed": 0.1,
                    "spread": {
                        "x": 0.4,
                        "y": 0.3,
                        "z": 0.4
                    },
                    "offset_y": 1
                },
                {
                    "type": "origins:play_sound",
                    "sound": "minecraft:block.fire.extinguish",
                    "pitch": 1.6
                },
                {
                    "type": "origins:execute_command",
                    "command": "title @s actionbar [\"\",{\"text\":\"AB \",\"bold\":true,\"obfuscated\":true,\"color\":\"black\"},{\"text\":\"Overheat Deactivated\",\"bold\":true,\"underlined\":true,\"color\":\"white\"},{\"text\":\" BA\",\"obfuscated\":true,\"color\":\"black\"}]"
                }
            ]
        },
        "condition": {
            "type": "origins:and",
            "conditions": [
                {
                    "type": "origins:relative_health",
                    "compare_to": 1,
                    "comparison": "<"
                },
                {
                    "type": "origins:resource",
                    "resource": "kindling:heat_resource",
                    "compare_to": 250,
                    "comparison": ">"
                },
                {
                    "type": "origins:resource",
                    "resource": "*:*_enabled",
                    "compare_to": 1,
                    "comparison": "=="
                }
            ]
        }
    },
    "speed": {
        "type": "origins:modify_attribute",
        "attribute": "minecraft:generic.movement_speed",
        "modifier": {
            "operation": "multiply_base_additive",
            "value": 0.65
        },
        "condition": {
            "type": "origins:resource",
            "resource": "*:*_enabled",
            "compare_to": 1,
            "comparison": "=="
        }
    },
    "jump": {
        "type": "origins:modify_jump",
        "modifier": {
            "operation": "multiply_base_additive",
            "value": 0.325
        },
        "condition": {
            "type": "origins:resource",
            "resource": "*:*_enabled",
            "compare_to": 1,
            "comparison": "=="
        }
    },
    "model_color": {
        "type": "origins:model_color",
        "red": 0.85098039215,
        "green": 0.34117647058,
        "blue": 0.06666666666,
        "condition": {
            "type": "origins:resource",
            "resource": "*:*_enabled",
            "compare_to": 0,
            "comparison": ">"
        }
    },
    "self_glow": {
        "type": "origins:self_glow",
        "red": 0.85098039215,
        "green": 0.34117647058,
        "blue": 0.06666666666,
        "use_teams": false,
        "bientity_condition": {
            "type": "origins:can_see"
        },
        "condition": {
            "type": "origins:resource",
            "resource": "*:*_enabled",
            "compare_to": 0,
            "comparison": ">"
        }
    },
    "overlay": {
        "type": "origins:overlay",
        "hidden": true,
        "texture": "minecraft:textures/misc/nausea.png",
        "red": 0.3,
        "green": 0.3,
        "blue": 0.2,
        "strength": 0.9,
        "draw_mode": "nausea",
        "draw_phase": "above_hud",
        "visible_in_third_person": true,
        "hide_with_hud": true,
        "condition": {
            "type": "origins:resource",
            "resource": "*:*_enabled",
            "compare_to": 1,
            "comparison": "=="
        }
    }
}