{
	"powers": [
		"orchid:fintris/alien_body",
		"orchid:fintris/starlight_mastery",
		"orchid:fintris/tp",
		"orchid:fintris/sharpen",
		"orchid:fintris/blink",
		"orchid:fintris/concentration",
		"orchid:fintris/otherblink",
		"orchid:fintris/track_directions",
		"orchid:fintris/starlight_increase",
		"orchid:fintris/starlight_decrease",
		"orchid:fintris/deflect",
		"orchid:fintris/shock",
		"orchid:fintris/strange_energy",
		"orchid:fintris/credits"
	],
	"icon": {
		"item": "minecraft:ender_eye",
		"tag": "{Unbreakable:1b,Enchantments:[{id:\"minecraft:sharpness\",lvl:5s},{id:\"minecraft:knockback\",lvl:2s},{id:\"minecraft:fire_aspect\",lvl:2s},{id:\"minecraft:looting\",lvl:3s},{id:\"minecraft:sweeping\",lvl:3s}]}"
	},
	"order": 10,
	"impact": 3,
	"name": "§5Entropy's Chosen",
	"description": "Entropy's Chosen are hosts of the Entropy parasite, granting them powers to aid them in combat and exploration, but warping their physiology in service of those abilities."
}