{
  "carvers": {
    "air": [
      "minecraft:cave",
      "minecraft:cave_extra_underground",
      "minecraft:canyon"
    ]
  },
  "downfall": 0.8,
  "effects": {
    "fog_color": 14149375,
    "foliage_color": 9109414,
    "grass_color": 9109414,
    "music": {
      "max_delay": 24000,
      "min_delay": 12000,
      "replace_current_music": false,
      "sound": "minecraft:music.overworld.cherry_grove"
    },
    "sky_color": 12638463,
    "water_color": 10409727,
    "water_fog_color": 10409727
  },
  "features": [
    [],
    [],
    [],
    [],
    [
      "nfb_dimensions:beyond_the_clouds/cherry/water_deltas"
    ],
    [],
    [

    ],
    [],
    [
      "nfb_dimensions:beyond_the_clouds/cherry/cherry_tree"
    ],
    [
      "nfb_dimensions:beyond_the_clouds/glow_lichen",
      "nfb_dimensions:beyond_the_clouds/cherry/bush",
      "nfb_dimensions:beyond_the_clouds/cherry/bamboo",
      "nfb_dimensions:beyond_the_clouds/cherry/rock",
      "nfb_dimensions:beyond_the_clouds/cherry/pink_petals",
      "nfb_dimensions:beyond_the_clouds/cherry/patch_grass_cherry"
    ],
    []
  ],
  "has_precipitation": true,
  "spawn_costs": {},
  "spawners": {
    "ambient": [],
    "axolotls": [],
    "creature": [
      {
        "type": "minecraft:pig",
        "maxCount": 6,
        "minCount": 3,
        "weight": 2
      },
      {
        "type": "minecraft:sheep",
        "maxCount": 6,
        "minCount": 3,
        "weight": 2
      },
      {
        "type": "minecraft:chicken",
        "maxCount": 4,
        "minCount": 2,
        "weight": 2
      },
      {
        "type": "minecraft:allay",
        "maxCount": 4,
        "minCount": 1,
        "weight": 2
      }
    ],
    "misc": [],
    "monster": [
      {
        "type": "minecraft:spider",
        "maxCount": 4,
        "minCount": 4,
        "weight": 100
      },
      {
        "type": "minecraft:zombie",
        "maxCount": 4,
        "minCount": 4,
        "weight": 95
      },
      {
        "type": "minecraft:zombie_villager",
        "maxCount": 1,
        "minCount": 1,
        "weight": 5
      },
      {
        "type": "minecraft:skeleton",
        "maxCount": 4,
        "minCount": 4,
        "weight": 100
      },
      {
        "type": "minecraft:creeper",
        "maxCount": 4,
        "minCount": 4,
        "weight": 100
      },
      {
        "type": "minecraft:slime",
        "maxCount": 4,
        "minCount": 4,
        "weight": 100
      },
      {
        "type": "minecraft:enderman",
        "maxCount": 4,
        "minCount": 1,
        "weight": 10
      },
      {
        "type": "minecraft:witch",
        "maxCount": 1,
        "minCount": 1,
        "weight": 5
      }
    ],
    "underground_water_creature": [],
    "water_ambient": [],
    "water_creature": []
  },
  "temperature": 0.5
}