{
  "carvers": {
    "air": [
      "minecraft:cave",
      "minecraft:cave_extra_underground",
      "minecraft:canyon"
    ]
  },
  "downfall": 0.9,
  "effects": {
    "fog_color": 14149375,
    "foliage_color": 9109414,
    "grass_color": 9109414,
    "sky_color": 12638463,
    "water_color": 10409727,
    "water_fog_color": 10409727
  },
  "features": [
    [],
    [],
    [],
    [],
    [],
    [],
    [],
    [],
    [],
    [
      "nfb_dimensions:beyond_the_clouds/glow_lichen",
      "nfb_dimensions:beyond_the_clouds/frozen_islands/tree"
    ],
    [
      "minecraft:freeze_top_layer"
    ]
  ],
  "has_precipitation": true,
  "spawn_costs": {},
  "spawners": {
    "ambient": [],
    "axolotls": [],
    "creature": [
      {
        "type": "minecraft:fox",
        "maxCount": 4,
        "minCount": 2,
        "weight": 2
      },
      {
        "type": "minecraft:rabbit",
        "maxCount": 6,
        "minCount": 6,
        "weight": 4
      },
      {
        "type": "minecraft:wolf",
        "maxCount": 8,
        "minCount": 6,
        "weight": 2
      },
      {
        "type": "minecraft:goat",
        "maxCount": 4,
        "minCount": 4,
        "weight": 3
      },
      {
        "type": "minecraft:polar_bear",
        "maxCount": 3,
        "minCount": 1,
        "weight": 1
      }
    ],
    "misc": [],
    "monster": [
      {
        "type": "minecraft:spider",
        "maxCount": 4,
        "minCount": 4,
        "weight": 100
      },
      {
        "type": "minecraft:zombie",
        "maxCount": 4,
        "minCount": 4,
        "weight": 95
      },
      {
        "type": "minecraft:zombie_villager",
        "maxCount": 1,
        "minCount": 1,
        "weight": 5
      },
      {
        "type": "minecraft:stray",
        "maxCount": 4,
        "minCount": 4,
        "weight": 100
      },
      {
        "type": "minecraft:creeper",
        "maxCount": 4,
        "minCount": 4,
        "weight": 100
      },
      {
        "type": "minecraft:slime",
        "maxCount": 4,
        "minCount": 4,
        "weight": 100
      },
      {
        "type": "minecraft:enderman",
        "maxCount": 4,
        "minCount": 1,
        "weight": 10
      },
      {
        "type": "minecraft:witch",
        "maxCount": 1,
        "minCount": 1,
        "weight": 5
      }
    ],
    "underground_water_creature": [],
    "water_ambient": [],
    "water_creature": []
  },
  "temperature": -0.7
}