{
  "carvers": {
    "air": [
      "minecraft:cave",
      "minecraft:cave_extra_underground",
      "minecraft:canyon"
    ]
  },
  "downfall": 0.8,
  "effects": {
    "fog_color": 14149375,
    "foliage_color": 6928957,
    "grass_color": 10273896,
    "music": {
      "max_delay": 24000,
      "min_delay": 12000,
      "replace_current_music": false,
      "sound": "minecraft:music.overworld.lush_caves"
    },
    "sky_color": 12638463,
    "water_color": 8060909,
    "water_fog_color": 8060909
  },
  "features": [
    [],
    [],
    [
      "minecraft:amethyst_geode"
    ],
    [],
    [
      "nfb_dimensions:beyond_the_clouds/lush/water_deltas"
    ],
    [],
    [

    ],
    [],
    [
      "minecraft:spring_water"
    ],
    [
      "nfb_dimensions:beyond_the_clouds/glow_lichen",
      "nfb_dimensions:beyond_the_clouds/lush/moss_ceiling",
      "nfb_dimensions:beyond_the_clouds/lush/moss_floor",
      "nfb_dimensions:beyond_the_clouds/lush/trees",
      "nfb_dimensions:beyond_the_clouds/cherry/bamboo"
    ],
    []
  ],
  "has_precipitation": true,
  "spawn_costs": {},
  "spawners": {
    "ambient": [],
    "axolotls": [
      {
        "type": "minecraft:axolotl",
        "maxCount": 6,
        "minCount": 4,
        "weight": 10
      }
    ],
    "creature": [
      {
        "type": "minecraft:frog",
        "maxCount": 6,
        "minCount": 4,
        "weight": 4
      },
      {
        "type": "minecraft:parrot",
        "maxCount": 6,
        "minCount": 2,
        "weight": 4
      },
      {
        "type": "minecraft:ocelot",
        "maxCount": 4,
        "minCount": 2,
        "weight": 4
      }
    ],
    "misc": [],
    "monster": [
      {
        "type": "minecraft:spider",
        "maxCount": 4,
        "minCount": 4,
        "weight": 100
      },
      {
        "type": "minecraft:zombie",
        "maxCount": 4,
        "minCount": 4,
        "weight": 95
      },
      {
        "type": "minecraft:zombie_villager",
        "maxCount": 1,
        "minCount": 1,
        "weight": 5
      },
      {
        "type": "minecraft:skeleton",
        "maxCount": 4,
        "minCount": 4,
        "weight": 100
      },
      {
        "type": "minecraft:creeper",
        "maxCount": 4,
        "minCount": 4,
        "weight": 100
      },
      {
        "type": "minecraft:slime",
        "maxCount": 4,
        "minCount": 4,
        "weight": 100
      },
      {
        "type": "minecraft:enderman",
        "maxCount": 4,
        "minCount": 1,
        "weight": 10
      },
      {
        "type": "minecraft:witch",
        "maxCount": 1,
        "minCount": 1,
        "weight": 5
      }
    ],
    "underground_water_creature": [],
    "water_ambient": [
      {
        "type": "minecraft:tropical_fish",
        "maxCount": 8,
        "minCount": 8,
        "weight": 25
      }
    ],
    "water_creature": []
  },
  "temperature": 1
}