{
	"powers": [
		"hellchained:hellbound",
		"hellchained:soul_harvesting",
		"hellchained:souls",
		"hellchained:manifestation",
		"hellchained:bound/fall_damage",
		"hellchained:bound/stride",
		"hellchained:bound/soul_speed",
		"hellchained:bound/fire_damage",
		"hellchained:bound/mushroom_farming",
		"hellchained:bound/sharp_senses",
		"hellchained:soul/crying",
		"hellchained:soul/hearts",
		"hellchained:soul/environmental",
		"hellchained:soul/floaty",
		"hellchained:soul/lightweight",
		"hellchained:soul/death",
		"hellchained:soul/soul_body",
		"hellchained:soul/overlays",
		"creator_silent:credits"
	],
	"icon": "minecraft:chain",
	"order": 3,
	"impact": 3,
	"name": "Hellchained",
	"description": "A forsaken, brutish mastermind banished to Hell by the Divine for practicing forbidden soul magic."
}
