{
    "type": "origins:multiple",
    "name": "Cloud Body",
    "description": "You have 3 less hearts, and take 2x projectile damage.",
    "health": {
        "type": "origins:attribute",
        "modifier": {
            "attribute": "minecraft:generic.max_health",
            "operation": "addition",
            "value": -6
        }
    },
    "damage": {
        "type": "origins:modify_damage_taken",
        "modifier": {
            "operation": "multiply_base",
            "value": 1
        },
        "damage_condition": {
            "type": "origins:projectile"
        }
    }
}