{
    "type": "origins:action_when_damage_taken",
    "name": "Dissipation",
    "description": "After you take damage, your Cloudskipping, and Raincloud is disabled temporarily.",
    "cooldown": 140,
    "hud_render": {
        "should_render": true,
        "sprite_location": "origins:textures/gui/community/huang/resource_bar_02.png",
        "bar_index": 0
    },
    "entity_action": {
        "type": "origins:play_sound",
        "sound": "minecraft:entity.squid.squirt",
        "pitch": 1.45
    }
}