{
    "type": "origins:multiple",
    "name": "Raincloud",
    "description": "While sneaking midair, you create a rain cloud below you, causing you to hover in place, unable to move or fall. This can't be used at 3 food shanks or lower, and is heavily exhausting.",
    "action_over_time": {
        "type": "origins:action_over_time",
        "interval": 1,
        "entity_action": {
            "type": "origins:and",
            "actions": [
                {
                    "type": "origins:add_velocity",
                    "set": true
                },
                {
                    "type": "origins:spawn_particles",
                    "particle": {
                        "type": "minecraft:dust",
                        "params": "0.3 0.3 0.3 1"
                    },
                    "count": 25,
                    "speed": 0.0001,
                    "offset_y": -0.1,
                    "spread": {
                        "x": 1,
                        "z": 1,
                        "y": 0.3
                    }
                },
                {
                    "type": "origins:if_else",
                    "condition": {
                        "type": "origins:dimension",
                        "dimension": "minecraft:the_nether"
                    },
                    "if_action": {
                        "type": "origins:spawn_particles",
                        "particle": {
                            "type": "minecraft:smoke"
                        },
                        "count": 20,
                        "speed": 0.01,
                        "offset_y": -0.3,
                        "spread": {
                            "x": 1,
                            "z": 1,
                            "y": 0
                        }
                    },
                    "else_action": {
                        "type": "origins:spawn_particles",
                        "particle": {
                            "type": "minecraft:falling_water"
                        },
                        "count": 20,
                        "speed": 0.01,
                        "offset_y": -0.3,
                        "spread": {
                            "x": 1,
                            "z": 1,
                            "y": 0
                        }
                    }
                },
                {
                    "type": "origins:exhaust",
                    "amount": 0.1
                },
                {
                    "type": "origins:play_sound",
                    "sound": "minecraft:weather.rain",
                    "volume": 0.4
                }
            ]
        },
        "condition": {
            "type": "origins:and",
            "conditions": [
                {
                    "type": "origins:sneaking"
                },
                {
                    "type": "origins:on_block",
                    "inverted": true
                },
                {
                    "type": "origins:resource",
                    "resource": "cloudskipper:dissipation",
                    "compare_to": 0,
                    "comparison": "=="
                },
                {
                    "type": "origins:food_level",
                    "compare_to": 6,
                    "comparison": ">"
                },
                {
                    "type": "origins:in_block",
                    "block_condition": {
                        "type": "origins:fluid",
                        "fluid_condition": {
                            "type": "origins:in_tag",
                            "tag": "minecraft:water"
                        }
                    },
                    "inverted": true
                },
                {
                    "type": "origins:gamemode",
                    "gamemode": "spectator",
                    "inverted": true
                },
                {
                    "type": "origins:creative_flying",
                    "inverted": true
                }
            ]
        }
    },
    "velocity": {
        "type": "origins:modify_velocity",
        "axes": [
            "x",
            "y",
            "z"
        ],
        "modifier": {
            "operation": "set_total",
            "value": 0
        },
        "condition": {
            "type": "origins:and",
            "conditions": [
                {
                    "type": "origins:sneaking"
                },
                {
                    "type": "origins:on_block",
                    "inverted": true
                },
                {
                    "type": "origins:resource",
                    "resource": "cloudskipper:dissipation",
                    "compare_to": 0,
                    "comparison": "=="
                },
                {
                    "type": "origins:food_level",
                    "compare_to": 6,
                    "comparison": ">"
                },
                {
                    "type": "origins:in_block",
                    "block_condition": {
                        "type": "origins:fluid",
                        "fluid_condition": {
                            "type": "origins:in_tag",
                            "tag": "minecraft:water"
                        }
                    },
                    "inverted": true
                },
                {
                    "type": "origins:gamemode",
                    "gamemode": "spectator",
                    "inverted": true
                },
                {
                    "type": "origins:creative_flying",
                    "inverted": true
                }
            ]
        }
    }
}