{
    "type": "random_selector",
    "config": {
        "features": [
            {
                "chance": 0.33,
                "feature": {
                    "placement": [
                        {
                            "type": "minecraft:block_predicate_filter",
                            "predicate": {
                                "type": "minecraft:matching_blocks",
                                "blocks": [
                                    "snow_block"
                                ],
                                "offset": [
                                    0,
                                    -1,
                                    0
                                ]
                            }
                        }
                    ],
                    "feature": {
                        "type": "minecraft:tree",
                        "config": {
                          "decorators": [],
                          "dirt_provider": {
                            "type": "minecraft:simple_state_provider",
                            "state": {
                              "Name": "minecraft:dirt"
                            }
                          },
                          "foliage_placer": {
                            "type": "minecraft:pine_foliage_placer",
                            "height": {
                              "type": "minecraft:uniform",
                              "value": {
                                "max_inclusive": 4,
                                "min_inclusive": 3
                              }
                            },
                            "offset": 1,
                            "radius": 1
                          },
                          "foliage_provider": {
                            "type": "minecraft:simple_state_provider",
                            "state": {
                              "Name": "minecraft:spruce_leaves",
                              "Properties": {
                                "distance": "7",
                                "persistent": "false",
                                "waterlogged": "false"
                              }
                            }
                          },
                          "force_dirt": false,
                          "ignore_vines": true,
                          "minimum_size": {
                            "type": "minecraft:two_layers_feature_size",
                            "limit": 2,
                            "lower_size": 0,
                            "upper_size": 2
                          },
                          "trunk_placer": {
                            "type": "minecraft:straight_trunk_placer",
                            "base_height": 16,
                            "height_rand_a": 8,
                            "height_rand_b": 0
                          },
                          "trunk_provider": {
                            "type": "minecraft:simple_state_provider",
                            "state": {
                              "Name": "minecraft:spruce_log",
                              "Properties": {
                                "axis": "y"
                              }
                            }
                          }
                        }
                    }
                }
            }
        ],
        "default": {
            "placement": [
                {
                    "type": "minecraft:block_predicate_filter",
                    "predicate": {
                        "type": "minecraft:matching_blocks",
                        "blocks": [
                            "snow_block"
                        ],
                        "offset": [
                            0,
                            -1,
                            0
                        ]
                    }
                }
            ],
            "feature": {
                "type": "minecraft:tree",
                "config": {
                  "decorators": [],
                  "dirt_provider": {
                    "type": "minecraft:simple_state_provider",
                    "state": {
                      "Name": "minecraft:dirt"
                    }
                  },
                  "foliage_placer": {
                    "type": "minecraft:spruce_foliage_placer",
                    "offset": {
                      "type": "minecraft:uniform",
                      "value": {
                        "max_inclusive": 2,
                        "min_inclusive": 0
                      }
                    },
                    "radius": {
                      "type": "minecraft:uniform",
                      "value": {
                        "max_inclusive": 5,
                        "min_inclusive": 4
                      }
                    },
                    "trunk_height": {
                      "type": "minecraft:uniform",
                      "value": {
                        "max_inclusive": 8,
                        "min_inclusive": 5
                      }
                    }
                  },
                  "foliage_provider": {
                    "type": "minecraft:simple_state_provider",
                    "state": {
                      "Name": "minecraft:spruce_leaves",
                      "Properties": {
                        "distance": "7",
                        "persistent": "false",
                        "waterlogged": "false"
                      }
                    }
                  },
                  "force_dirt": false,
                  "ignore_vines": true,
                  "minimum_size": {
                    "type": "minecraft:two_layers_feature_size",
                    "limit": 2,
                    "lower_size": 0,
                    "upper_size": 2
                  },
                  "trunk_placer": {
                    "type": "minecraft:straight_trunk_placer",
                    "base_height": 12,
                    "height_rand_a": 8,
                    "height_rand_b": 1
                  },
                  "trunk_provider": {
                    "type": "minecraft:simple_state_provider",
                    "state": {
                      "Name": "minecraft:spruce_log",
                      "Properties": {
                        "axis": "y"
                      }
                    }
                  }
                }
              }
        }
    }
}