{
    "type": "nfb_dimensions:beyond_the_clouds",
    "generator": {
        "type": "noise",
        "settings": "nfb_dimensions:beyond_the_clouds",
        "biome_source": {
            "type": "multi_noise",
            "biomes": [
                {
                    "biome": "nfb_dimensions:beyond_the_clouds/sky",
                    "parameters": {
                        "continentalness": -0.8,
                        "depth": 0,
                        "erosion": 0,
                        "humidity": 0,
                        "offset": 0,
                        "temperature": 0,
                        "weirdness": 0
                    }
                },
                {
                    "biome": "nfb_dimensions:beyond_the_clouds/cherry_islands",
                    "parameters": {
                        "continentalness": 0,
                        "depth": 0,
                        "erosion": 0,
                        "humidity": 0.2,
                        "temperature": 0.0,
                        "weirdness": 0,
                        "offset": 0.25
                    }
                },
                {
                    "biome": "nfb_dimensions:beyond_the_clouds/lush_islands",
                    "parameters": {
                        "continentalness": 0,
                        "depth": 0,
                        "erosion": 0,
                        "humidity": 0.6,
                        "temperature": 0.4,
                        "weirdness": 0,
                        "offset": 0
                    }
                },
                {
                    "biome": "nfb_dimensions:beyond_the_clouds/frozen_grove_islands",
                    "parameters": {
                        "continentalness": 0,
                        "depth": 0,
                        "erosion": 0,
                        "humidity": 0.1,
                        "temperature": -0.7,
                        "weirdness": 0,
                        "offset": 0.1
                    }
                },
                {
                    "biome": "nfb_dimensions:beyond_the_clouds/dark_forest_islands",
                    "parameters": {
                        "continentalness": 0,
                        "depth": 0,
                        "erosion": 0,
                        "humidity": 0.5,
                        "temperature": -0.35,
                        "weirdness": 0,
                        "offset": 0.1
                    }
                },
                {
                    "biome": "nfb_dimensions:beyond_the_clouds/flower_forest_islands",
                    "parameters": {
                        "continentalness": 0,
                        "depth": 0,
                        "erosion": 0,
                        "humidity": 0.4,
                        "temperature": 0.2,
                        "weirdness": 0,
                        "offset": 0.2
                    }
                }
            ]
        }
    }
}