{
    "hidden": true,
    "type": "origins:multiple",
    "activate": {
        "type": "origins:active_self",
        "key": {
            "key": "key.use"
        },
        "cooldown": 200,
        "hud_render": {
            "should_render": true,
            "bar_index": 18,
            "sprite_location": "origins:textures/gui/community/huang/resource_bar_01.png"
        },
        "condition": {
            "type": "origins:and",
            "conditions": [
                {
                    "type": "origins:equipped_item",
                    "equipment_slot": "mainhand",
                    "item_condition": {
                        "type": "origins:and",
                        "conditions": [
                            {
                                "type": "origins:nbt",
                                "nbt": "{vheretic_spell:'devoursoul'}"
                            },
                            {
                                "type": "origins:empty",
                                "inverted": true
                            }
                        ]
                    }
                },
                {
                    "type": "origins:advancement",
                    "advancement": "vheretic:sculk1"
                }
            ]
        },
        "entity_action": {
            "type": "origins:and",
            "actions": [
                {
                    "type": "origins:execute_command",
                    "command": "execute store result score @s vheretic.soulhp run data get entity @s Inventory[{Slot:-106b,tag:{vheretic_soul:1}}].tag.vheretic_soulhp"
                },
                {
                    "type": "origins:execute_command",
                    "command": "power grant @s vheretic:sculk1spells/devoursoulheal"
                },
                {
                    "type": "origins:equipped_item_action",
                    "equipment_slot": "offhand",
                    "action": {
                        "type": "origins:consume",
                        "amount": 1
                    }
                },
                {
                    "type": "origins:execute_command",
                    "command": "playsound minecraft:entity.fox.bite master @s ~ ~ ~ 1 0"
                },
                {
                    "type": "origins:execute_command",
                    "command": "function vheretic:util/spell_durability"
                }
            ]
        }
    }
}