{
    "type": "origins:action_on_callback",
    "entity_action_added": {
        "type": "origins:and",
        "actions": [
            {
                "type": "origins:if_else",
                "condition": {
                    "type": "origins:scoreboard",
                    "objective": "vheretic.soulhp",
                    "compare_to": 0,
                    "comparison": ">"
                },
                "if_action": {
                    "type": "origins:heal",
                    "amount": 1
                }
            },
            {
                "type": "origins:execute_command",
                "command": "power revoke @s vheretic:sculk1spells/devoursoulheal"
            },
            {
                "type": "origins:execute_command",
                "command": "scoreboard players remove @s vheretic.soulhp 1"
            },
            {
                "type": "origins:if_else",
                "condition": {
                    "type": "origins:scoreboard",
                    "objective": "vheretic.soulhp",
                    "compare_to": 0,
                    "comparison": ">"
                },
                "if_action": {
                    "type": "origins:execute_command",
                    "command": "power grant @s vheretic:sculk1spells/devoursoulheal"
                }
            }
        ]
    }
}