{
    "hidden": true,
    "type": "origins:multiple",
    "activate": {
        "type": "origins:active_self",
        "key": {
            "key": "key.use"
        },
        "cooldown": 200,
        "hud_render": {
            "should_render": true,
            "bar_index": 19,
            "sprite_location": "origins:textures/gui/community/huang/resource_bar_01.png"
        },
        "condition": {
            "type": "origins:and",
            "conditions": [
                {
                    "type": "origins:equipped_item",
                    "equipment_slot": "mainhand",
                    "item_condition": {
                        "type": "origins:and",
                        "conditions": [
                            {
                                "type": "origins:nbt",
                                "nbt": "{vheretic_spell:'soulharvest'}"
                            },
                            {
                                "type": "origins:empty",
                                "inverted": true
                            }
                        ]
                    }
                },
                {
                    "type": "origins:advancement",
                    "advancement": "vheretic:sculk1"
                }
            ]
        },
        "entity_action": {
            "type": "origins:and",
            "actions": [
                {
                    "type": "origins:raycast",
                    "command_along_ray": "particle soul_fire_flame ~ ~ ~ 0.05 0.05 0.05 0 2",
                    "command_step": 0.25,
                    "distance": 8,
                    "bientity_action": {
                        "type": "origins:and",
                        "actions": [
                            {
                                "type": "origins:actor_action",
                                "action": {
                                    "type": "origins:execute_command",
                                    "command": "tag @s add vheretic.soul_harvesting"
                                }
                            },
                            {
                                "type": "origins:target_action",
                                "action": {
                                    "type": "origins:execute_command",
                                    "command": "function vheretic:spells/soulharvest"
                                }
                            },
                            {
                                "type": "origins:actor_action",
                                "action": {
                                    "type": "origins:execute_command",
                                    "command": "playsound minecraft:entity.evoker.prepare_attack master @s ~ ~ ~ 1 0.5"
                                }
                            }
                        ]
                    }
                },
                {
                    "type": "origins:execute_command",
                    "command": "function vheretic:util/spell_durability"
                },
                {
                    "type": "origins:execute_command",
                    "command": "tag @s remove vheretic.soul_harvesting"
                }
            ]
        }
    }
}