{
    "type": "origins:action_over_time",
    "hidden": true,
    "interval": 4,
    "entity_action": {
        "type": "origins:gain_air",
        "value": 1
    },
    "condition": {
        "type": "origins:and",
        "conditions": [
            {
                "type": "origins:submerged_in",
                "fluid": "minecraft:water",
                "inverted": true
            },
            {
                "type": "origins:equipped_item",
                "equipment_slot": "head",
                "item_condition": {
                    "type": "origins:enchantment",
                    "enchantment": "minecraft:respiration",
                    "comparison": "==",
                    "compare_to": 1
                }
            }
        ]
    }
}