{
	"pools": [
		{
			"rolls": 1,
			"entries": [
				{
					"type": "minecraft:item",
					"name": "minecraft:lodestone",
					"functions": [
						{
							"function": "minecraft:set_name",
							"entity": "this",
							"name": {
								"translate": "stellarity.items.altar_of_light",
								"fallback": "Altar of The Light",
								"color": "light_purple",
								"italic": false
							}
						},
						{
							"function": "minecraft:set_nbt",
							"tag": "{Enchantments:[{}],stellarity.special_item:\"altar_of_light\"}"
						}
					]
				}
			]
		}
	]
}
