{
    "type": "origins:multiple",
    "a": {
        "type": "origins:action_over_time",
        "interval": 2,
        "entity_action": {
            "type": "origins:area_of_effect",
            "radius": 16,
            "bientity_action": {
                "type": "origins:actor_action",
                "action": {
                    "type": "origins:trigger_cooldown",
                    "power": "*:*_b"
                }
            },
            "bientity_condition": {
                "type": "origins:and",
                "conditions": [
                    {
                        "type": "origins:relative_rotation",
                        "actor_rotation": "head",
                        "target_rotation": "body",
                        "comparison": ">=",
                        "compare_to": 0.4
                    },
                    {
                        "type": "origins:can_see"
                    }
                ]
            }
        }
    },
    "b": {
        "type": "origins:cooldown",
        "cooldown": 6,
        "hud_render": {
            "should_render": false
        }
    },
    "c": {
        "type": "origins:modify_attribute",
        "attribute": "minecraft:generic.movement_speed",
        "modifier": {
            "value": 0.3,
            "operation": "multiply_base"
        },
        "condition": {
            "type": "origins:resource",
            "resource": "*:*_b",
            "compare_to": 0,
            "comparison": ">"
        }
    },
    "name": "§4Bloodthirsty",
    "description": "§7◆ §c§oYou move faster towards those who face away from you"
}