{
    "type": "origins:active_self",
    "entity_action": {
        "type": "origins:and",
        "actions": [
            {
                "type": "origins:execute_command",
                "command": "function vtailor:traits/distort_dash"
            },
            {
                "type": "origins:execute_command",
                "command": "execute rotated ~ 0 run tp @s ^ ^ ^6"
            },
            {
                "type": "origins:execute_command",
                "command": "playsound entity.enderman.teleport master @s"
            },
            {
                "type": "origins:execute_command",
                "command": "function vtailor:traits/distort_durability"
            }
        ]
    },
    "name": "§5Distorting",
    "description": "§7◆ §d§oPress §5[§ePrimary§5]§d§o to blink forward, using up durability"
}