{
    "type": "origins:action_over_time",
    "interval": 1,
    "condition": {
        "type": "origins:command",
        "command": "execute if data entity @s ActiveEffects",
        "compare_to": 0,
        "comparison": ">"
    },
    "rising_action": {
        "type": "origins:and",
        "actions": [
            {
                "type": "origins:execute_command",
                "command": "execute at @e[sort=nearest,limit=1,distance=0.1..4] run summon area_effect_cloud ~ ~0.5 ~ {ReapplicationDelay:0,Radius:1f,RadiusPerTick:-0.05f,RadiusOnUse:0f,Duration:40,Age:0,WaitTime:0,Tags:[\"vtailor.sporous_cloud\",\"vtailor.new\"]}"
            },
            {
                "type": "origins:execute_command",
                "command": "data modify entity @e[type=area_effect_cloud,tag=vtailor.new,sort=nearest,limit=1] Effects set from entity @s ActiveEffects"
            },
            {
                "type": "origins:execute_command",
                "command": "tag @e[type=area_effect_cloud,tag=vtailor.new,sort=nearest,limit=1] remove vtailor.new"
            },
            {
                "type": "origins:clear_effect"
            }
        ]
    },
    "name": "§aSporous",
    "description": "&7◆ §a§oApplied effects transfer to nearest entity"
}