{
    "type": "origins:multiple",
    "a": {
        "type": "origins:modify_velocity",
        "axes": [
            "y"
        ],
        "modifier": {
            "value": 0,
            "operation": "set_total"
        },
        "condition": {
            "type": "origins:sprinting"
        }
    },
    "b": {
        "type": "origins:action_over_time",
        "interval": 1,
        "falling_action": {
            "type": "origins:delay",
            "ticks": 1,
            "action": {
                "type": "origins:execute_command",
                "command": "tp @s ~ ~0.001 ~"
            }
        },
        "condition": {
            "type": "origins:sprinting"
        }
    },
    "name": "§6Hovering",
    "description": "§7◆ §e§oSprint to hover in the air"
}