{
    "type": "origins:multiple",
    "drain": {
        "type": "origins:action_over_time",
        "interval": 10,
        "entity_action": {
            "type": "origins:execute_command",
            "command": "function vtailor:traits/phase_durability"
        },
        "condition": {
            "type": "origins:in_block",
            "block_condition": {
                "type": "origins:or",
                "conditions": [
                    {
                        "type": "origins:and",
                        "conditions": [
                            {
                                "type": "origins:movement_blocking"
                            },
                            {
                                "type": "origins:and",
                                "conditions": [
                                    {
                                        "type": "origins:in_tag",
                                        "tag": "slabs",
                                        "inverted": true
                                    }
                                ]
                            }
                        ]
                    },
                    {
                        "type": "origins:and",
                        "conditions": [
                            {
                                "type": "origins:in_tag",
                                "tag": "slabs"
                            },
                            {
                                "type": "origins:block_state",
                                "property": "type",
                                "enum": "double"
                            }
                        ]
                    }
                ]
            }
        }
    },
    "phase": {
        "type": "origins:phasing"
    },
    "name": "§3Phantomized",
    "description": "§7◆ §b§oYou can phase through solid blocks, draining durability"
}