{
    "type": "origins:self_action_on_hit",
    "entity_action": {
        "type": "origins:execute_command",
        "command": "function vtailor:traits/revive_durability"
    },
    "cooldown": 0,
    "condition": {
        "type": "origins:and",
        "conditions": [
            {
                "type": "origins:fall_distance",
                "compare_to": 0,
                "comparison": ">"
            },
            {
                "type": "origins:climbing",
                "inverted": true
            }
        ]
    },
    "name": "§2Siphoning",
    "description": "§7◆ §a§oCritical hits recover durability"
}