{
    "type": "origins:entity_glow",
    "bientity_condition": {
        "type": "origins:and",
        "conditions": [
            {
                "type": "origins:distance",
                "compare_to": 8,
                "comparison": "<="
            },
            {
                "type": "origins:target_condition",
                "condition": {
                    "type": "origins:living"
                }
            }
        ]
    },
    "red": 0,
    "green": 0.42,
    "blue": 0.3,
    "name": "§3Sensitive",
    "description": "§7◆ §b§oYou can see nearby entities through walls"
}