{
  "pools": [
    {
      "rolls": 1,
      "entries": [
        {
          "type": "minecraft:item",
          "name": "minecraft:nether_wart",
          "functions": [
            {
              "function": "set_nbt",
              "tag": "{CustomModelData:888509}"
            },
            {
              "function": "minecraft:set_name",
              "name": {
                "text": "Essence of Eternity",
                "color": "yellow",
                "italic": false
              }
            },
            {
              "function": "minecraft:set_nbt",
              "tag": "{bp.potion:1b,bp:{id:\"potion_modifier\"}}"
            }
          ]
        }
      ]
    }
  ]
}
