{
  "type": "minecraft:chest",
  "pools": [
    {
      "rolls": {
        "min": 7,
        "max": 15
      },
      "entries": [
        {
          "type": "minecraft:item",
          "name": "minecraft:crossbow",
          "conditions": [
            {
              "condition": "minecraft:random_chance",
              "chance": 0.05
            }
          ]
        },
        {
          "type": "loot_table",
          "name": "bracken:item/ability_books/fireball",
          "conditions": [
            {
              "condition": "minecraft:random_chance",
              "chance": 0.03
            }
          ]
        },
        {
          "type": "loot_table",
          "name": "bracken:item/portal_keys/underdark_key",
          "conditions": [
            {
              "condition": "minecraft:random_chance",
              "chance": 0.01
            }
          ]
        },
        {
          "type": "minecraft:item",
          "name": "minecraft:emerald",
          "conditions": [
            {
              "condition": "minecraft:random_chance",
              "chance": 0.2
            }
          ]
        },
        {
          "type": "minecraft:item",
          "name": "minecraft:spider_eye",
          "conditions": [
            {
              "condition": "minecraft:random_chance",
              "chance": 0.3
            }
          ]
        },
        {
          "type": "minecraft:item",
          "name": "minecraft:oak_planks",
          "conditions": [
            {
              "condition": "minecraft:random_chance",
              "chance": 0.1
            }
          ]
        },
        {
          "type": "minecraft:item",
          "name": "minecraft:rotten_flesh",
          "conditions": [
            {
              "condition": "minecraft:random_chance",
              "chance": 0.5
            }
          ]
        },
        {
          "type": "minecraft:item",
          "name": "minecraft:torch",
          "conditions": [
            {
              "condition": "minecraft:random_chance",
              "chance": 0.5
            }
          ]
        },
        {
          "type": "minecraft:item",
          "name": "minecraft:fermented_spider_eye",
          "conditions": [
            {
              "condition": "minecraft:random_chance",
              "chance": 0.2
            }
          ]
        },
        {
          "type": "minecraft:item",
          "name": "minecraft:cobweb",
          "conditions": [
            {
              "condition": "minecraft:random_chance",
              "chance": 0.6
            }
          ]
        },
        {
          "type": "minecraft:item",
          "name": "minecraft:tipped_arrow",
          "conditions": [
            {
              "condition": "minecraft:random_chance",
              "chance": 0.7
            }
          ],
          "functions": [
            {
              "function": "set_nbt",
              "tag": "{Potion:\"minecraft:poison\"}"
            }
          ]
        },
        {
          "type": "loot_table",
          "name": "bracken:item/maps/twice_abandoned_mineshaft",
          "conditions": [
            {
              "condition": "minecraft:random_chance",
              "chance": 0.08
            }
          ]
        }
      ]
    }
  ]
}
