{
  "parent": "bracken:the_faewild/enter_the_faewild",
  "display": {
    "title": {
      "translate": "Smooth Runs the Water"
    },
    "description": {
      "translate": "Reach the fae pool",
      "color": "green"
    },
    "icon": {
      "item": "minecraft:blue_shulker_box"
    },
    "frame": "task",
    "show_toast": true,
    "announce_to_chat": true,
    "hidden": false
  },
  "criteria": {
    "bracken:the_faewild/pool1": {
      "trigger": "minecraft:location",
      "conditions": {
        "player": [
          {
            "condition": "minecraft:entity_properties",
            "entity": "this",
            "predicate": {
              "location": {
                "dimension": "bracken:the_faewild",
                "structure": "bracken:fae_pool"
              }
            }
          }
        ]
      }
    }
  },
  "requirements": [
    [
      "bracken:the_faewild/pool1"
    ]
  ]
}
