{
  "parent": "bracken:the_faewild/enter_the_faewild",
  "display": {
    "title": {
      "translate": "All the World's a Stage"
    },
    "description": {
      "translate": "Visit the fae theatre",
      "color": "green"
    },
    "icon": {
      "item": "minecraft:blue_banner",
      "nbt": "{BlockEntityTag:{Patterns:[{Color:4,Pattern:\"flo\"},{Color:4,Pattern:\"bo\"}]}}"
    },
    "frame": "task",
    "show_toast": true,
    "announce_to_chat": true,
    "hidden": false
  },
  "criteria": {
    "bracken:the_faewild/theatre1": {
      "trigger": "minecraft:location",
      "conditions": {
        "player": [
          {
            "condition": "minecraft:entity_properties",
            "entity": "this",
            "predicate": {
              "location": {
                "dimension": "bracken:the_faewild",
                "structure": "bracken:fae_theatre"
              }
            }
          }
        ]
      }
    }
  },
  "requirements": [
    [
      "bracken:the_faewild/theatre1"
    ]
  ]
}
