{
	"powers": [
		"ordnance:ordnance_passives",
		"ordnance:ordnance_primary",
		"ordnance:swap_weapons",
		"ordnance:ordnance_secondary"
	],
	"icon": "minecraft:tnt",
	"unchoosable": false,
	"order": 1,
	"impact": 3,
	"name": "Ordnance",
	"description": "Equal parts living being and war machine, the Ordnance is a remnant of the technology of a war fought in ancient times come to life. Puppeteered by insects or similar other means, it has been reactivated in a time where fuel sources are abundant once again. It is alive, and it is about to make it everyone's problem."
}
