{
    "hidden": true,
    "type": "origins:multiple",
    "activate": {
        "type": "origins:active_self",
        "key": {
            "key": "key.use"
        },
        "cooldown": 100,
        "hud_render": {
            "should_render": true,
            "bar_index": 17,
            "sprite_location": "origins:textures/gui/community/spiderkolo/resource_bar_01.png"
        },
        "condition": {
            "type": "origins:and",
            "conditions": [
                {
                    "type": "origins:equipped_item",
                    "equipment_slot": "mainhand",
                    "item_condition": {
                        "type": "origins:and",
                        "conditions": [
                            {
                                "type": "origins:nbt",
                                "nbt": "{vheretic_spell:'mindflay'}"
                            },
                            {
                                "type": "origins:empty",
                                "inverted": true
                            }
                        ]
                    }
                },
                {
                    "type": "origins:advancement",
                    "advancement": "vheretic:sculk2"
                }
            ]
        },
        "entity_action": {
            "type": "origins:and",
            "actions": [
                {
                    "type": "origins:raycast",
                    "command_along_ray": "particle entity_effect ~ ~ ~",
                    "command_step": 0.25,
                    "distance": 6,
                    "bientity_action": {
                        "type": "origins:target_action",
                        "action": {
                            "type": "origins:execute_command",
                            "command": "function vheretic:spells/mindflay"
                        }
                    },
                    "bientity_condition": {
                        "type": "origins:target_condition",
                        "condition": {
                            "type": "origins:entity_type",
                            "entity_type": "villager"
                        }
                    }
                },
                {
                    "type": "origins:execute_command",
                    "command": "power grant @e[type=vindicator,tag=vheretic.mindflayed] vheretic:sculk2spells/mindflayed"
                },
                {
                    "type": "origins:execute_command",
                    "command": "playsound minecraft:entity.evoker.prepare_summon master @s"
                },
                {
                    "type": "origins:execute_command",
                    "command": "function vheretic:util/spell_durability"
                }
            ]
        }
    }
}