{
    "type": "origins:action_on_hit",
    "bientity_action": {
        "type": "origins:if_else",
        "condition": {
            "type": "origins:target_condition",
            "condition": {
                "type": "origins:health",
                "compare_to": 0,
                "comparison": "=="
            }
        },
        "if_action": {
            "type": "origins:target_action",
            "action": {
                "type": "origins:execute_command",
                "command": "function vheretic:spells/dropsoul"
            }
        }
    }
}