{
    "type": "origins:multiple",
    "model": {
        "type": "origins:model_color",
        "red": 0.4,
        "green": 0.4,
        "blue": 0.4,
        "alpha": 0.7
    },
    "callback": {
        "type": "origins:action_on_callback",
        "entity_action_added": {
            "type": "origins:and",
            "actions": [
                {
                    "type": "origins:delay",
                    "ticks": 1,
                    "action": {
                        "type": "origins:and",
                        "actions": [
                            {
                                "type": "origins:execute_command",
                                "command": "damage @s 0 minecraft:player_attack by @e[distance=..32,sort=nearest,limit=1,tag=vheretic.raisedead_target]"
                            },
                            {
                                "type": "origins:execute_command",
                                "command": "tag @e[distance=..32,sort=nearest,limit=1,tag=vheretic.raisedead_target] remove vheretic.raisedead_target"
                            }
                        ]
                    }
                }
            ]
        }
    },
    "search": {
        "type": "origins:self_action_on_kill",
        "cooldown": 0,
        "entity_action": {
            "type": "origins:delay",
            "ticks": 1,
            "action": {
                "type": "origins:and",
                "actions": [
                    {
                        "type": "origins:execute_command",
                        "command": "tag @e[type=!player,type=!marker,type=!armor_stand,type=!item,type=!boat,type=!minecart,type=!experience_orb,type=!snowball,type=!arrow,type=!spectral_arrow,type=!ender_pearl,type=!minecart,type=!tnt_minecart,type=!chest_minecart,type=!fireball,type=!small_fireball,type=!leash_knot,type=!spawner_minecart,type=!hopper_minecart,type=!tnt,type=!falling_block,type=!furnace_minecart,type=!lightning_bolt,type=!wither_skull,type=!dragon_fireball,type=!evoker_fangs,type=!llama_spit,type=!shulker_bullet,type=!trident,distance=1..32,sort=nearest,limit=1,tag=!vheretic.risen_dead] add vheretic.raisedead_target"
                    },
                    {
                        "type": "origins:if_else",
                        "condition": {
                            "type": "origins:command",
                            "command": "execute unless entity @e[tag=vheretic.raisedead_target,distance=..32]",
                            "compare_to": 1,
                            "comparison": "=="
                        },
                        "if_action": {
                            "type": "origins:and",
                            "actions": [
                                {
                                    "type": "origins:execute_command",
                                    "command": "particle large_smoke ~ ~1 ~ 0.2 0.4 0.2 0.05 20"
                                },
                                {
                                    "type": "origins:execute_command",
                                    "command": "tp @s ~ -1000 ~"
                                }
                            ]
                        }
                    },
                    {   
                        "type": "origins:delay",
                        "ticks": 1,
                        "action": {
                            "type": "origins:and",
                            "actions": [
                                {
                                    "type": "origins:execute_command",
                                    "command": "damage @s 0 minecraft:player_attack by @e[distance=..32,sort=nearest,limit=1,tag=vheretic.raisedead_target]"
                                },
                                {
                                    "type": "origins:execute_command",
                                    "command": "tag @e[distance=..32,sort=nearest,limit=1,tag=vheretic.raisedead_target] remove vheretic.raisedead_target"
                                }
                            ]
                        }
                    }
                ]
            }
        }
    }
}