{
	"powers": [
		"bloodsucker:vampirism",
		"bloodsucker:bat_transformation",
		"bloodsucker:regeneration",
		"bloodsucker:endurance",
		"bloodsucker:store_blood",
		"bloodsucker:recipes/blood_crafting",
		"bloodsucker:recipes/blood_types",
		"bloodsucker:recipes/concentrate",
		"bloodsucker:recipes/sacrificial_dagger",
		"bloodsucker:heliophobia",
		"bloodsucker:unholy",
		"bloodsucker:shader",
		"creator_silent:credits"
	],
	"icon": "minecraft:redstone",
	"order": 1,
	"impact": 2,
	"name": "Bloodsucker",
	"description": "A noble race of bloodsuckers, descended from ancient vampires."
}
