{
    "type": "vegetation_patch",
    "config": {
        "surface": "ceiling",
        "depth": {
            "type": "uniform",
            "value": {
                "min_inclusive": 1,
                "max_inclusive": 2
            }
        },
        "extra_bottom_block_chance": 0,
        "extra_edge_column_chance": 0.1,
        "ground_state": {
            "type": "minecraft:weighted_state_provider",
            "entries": [
                {
                    "data": {
                        "Name": "minecraft:moss_block"
                    },
                    "weight": 3
                },
                {
                    "data": {
                        "Name": "minecraft:stone"
                    },
                    "weight": 2
                }
            ]
        },
        "replaceable": "#moss_replaceable",
        "vertical_range": 5,
        "xz_radius": {
            "type": "uniform",
            "value": {
                "min_inclusive": 4,
                "max_inclusive": 8
            }
        },
        "vegetation_chance": 0.04,
        "vegetation_feature": {
            "feature": "nfb_dimensions:beyond_the_clouds/lush/glow_vines",
            "placement": []
        }
    }
}