{
    "type": "random_patch",
    "config": {
        "tries": 16,
        "xz_spread": 6,
        "y_spread": 1,
        "feature": {
            "placement": [],
            "feature": {
                "type": "waterlogged_vegetation_patch",
                "config": {
                    "surface": "floor",
                    "depth": 1,
                    "replaceable": "#nfb_dimensions:lush_pond_replaces",
                    "vertical_range": 1,
                    "xz_radius": {
                        "type": "uniform",
                        "value": {
                            "min_inclusive": 2,
                            "max_inclusive": 5
                        }
                    },
                    "ground_state": {
                        "type": "minecraft:weighted_state_provider",
                        "entries": [
                            {
                                "data": {
                                    "Name": "minecraft:moss_block"
                                },
                                "weight": 3
                            },
                            {
                                "data": {
                                    "Name": "minecraft:grass_block"
                                },
                                "weight": 1
                            }
                        ]
                    },
                    "extra_bottom_block_chance": 0,
                    "extra_edge_column_chance": 0.3,
                    "vegetation_chance": 1,
                    "vegetation_feature": {
                        "placement": [],
                        "feature": {
                            "type": "simple_block",
                            "config": {
                                "to_place": {
                                    "type": "minecraft:weighted_state_provider",
                                    "entries": [
                                        {
                                            "data": {
                                                "Name": "minecraft:water"
                                            },
                                            "weight": 10
                                        },
                                        {
                                            "data": {
                                                "Name": "minecraft:sea_pickle",
                                                "Properties": {
                                                    "pickles": "1"
                                                }
                                            },
                                            "weight": 1
                                        },
                                        {
                                            "data": {
                                                "Name": "minecraft:sea_pickle",
                                                "Properties": {
                                                    "pickles": "2"
                                                }
                                            },
                                            "weight": 3
                                        },
                                        {
                                            "data": {
                                                "Name": "minecraft:sea_pickle",
                                                "Properties": {
                                                    "pickles": "3"
                                                }
                                            },
                                            "weight": 2
                                        },
                                        {
                                            "data": {
                                                "Name": "minecraft:sea_pickle",
                                                "Properties": {
                                                    "pickles": "4"
                                                }
                                            },
                                            "weight": 1
                                        }
                                    ]
                                }
                            }
                        }
                    }
                }
            }
        }
    }
}