{
   "powers": [
      "glacies:amphibious/desc",
      "glacies:frigid",
      "glacies:spawn",
      "glacies:arsenal/desc",
      "glacies:carnis/desc",
      "glacies:boomer/desc",
      "glacies:melt",

      "glacies:amphibious/break",
      "glacies:amphibious/drown",
      "glacies:amphibious/aquatic",

      "glacies:amphibious/slip/none",
      "glacies:amphibious/slip/one",
      "glacies:amphibious/slip/two",
      "glacies:amphibious/slip/three",

      "glacies:amphibious/vision/air",
      "glacies:amphibious/vision/water",
      
      "glacies:amphibious/breath/main",
      "glacies:amphibious/breath/resp/none",
      "glacies:amphibious/breath/resp/one",
      "glacies:amphibious/breath/resp/two",
      "glacies:amphibious/breath/resp/three",

      "glacies:arsenal/melee",
      "glacies:arsenal/throw",
      "glacies:arsenal/shell",

      "glacies:carnis/noplants",
      "glacies:carnis/main/raw",
      "glacies:carnis/main/cooked",
      "glacies:carnis/effects/kelp",
      "glacies:carnis/effects/chicken",

      "glacies:boomer/noblockuse",
      "glacies:boomer/nocrossbow"
   ],
   "icon": "minecraft:blue_ice",
   "order": 3,
   "impact": 3,
   "name": "Permafrost",
   "description": "Ancestral cousins of the modern Merlings, these primal hunters were miraculously preserved and survived being trapped in icebergs."
}
