{
    "biomes": "nfb_dimensions:beyond_the_clouds/sky",
    "step": "surface_structures",
    "type": "jigsaw",
    "max_distance_from_center": 80,
    "size": 7,
    "spawn_overrides": {},
    "start_height": {
        "type": "uniform",
        "min_inclusive": {
            "absolute": 96
        },
        "max_inclusive": {
            "absolute": 288
        }
    },
    "start_pool": "nfb_dimensions:beyond_the_clouds/sky_village/start",
    "terrain_adaptation": "none",
    "use_expansion_hack": false
}