{
            "type": "add",
            "argument1": -0.2,
            "argument2": {
                "type": "minecraft:mul",
                "argument1": {
                    "type": "minecraft:y_clamped_gradient",
                    "from_value": 0.0,
                    "from_y": 4,
                    "to_value": 1.0,
                    "to_y": 32
                },
                "argument2": {
                    "type": "add",
                    "argument1": -0.3,
                    "argument2": {
                        "type": "mul",
                        "argument1": {
                            "type": "minecraft:y_clamped_gradient",
                            "from_value": 1.0,
                            "from_y": 288,
                            "to_value": 0.0,
                            "to_y": 316
                        },
                        "argument2": {
                            "type": "mul",
                            "argument1": -1,
                            "argument2": {
                                "type": "noise",
                                "noise": "nfb_dimensions:clouds/base_noise",
                                "xz_scale": 1,
                                "y_scale": 2.5
                            }
                        }
                    }
                }
            }
}