{
    "type": "origins:multiple",
    "kill": {
        "type": "origins:action_over_time",
        "entity_action": {
            "type": "origins:and",
            "actions": [
                {
                    "type": "origins:area_of_effect",
                    "radius": 4,
                    "bientity_action": {
                        "type": "origins:and",
                        "actions": [
                            {
                                "type": "origins:add_velocity",
                                "z": 1,
                                "y": 0.5,
                                "space": "local",
                                "set": true
                            },
                            {
                                "type": "origins:target_action",
                                "action": {
                                    "type": "origins:execute_command",
                                    "command": "particle dust 0.361 0.047 0.769 1 ~ ~.6 ~ 0.5 0.8 0.5 1 5 force"
                                }
                            }
                        ]
                    },
                    "bientity_condition": {
                        "type": "origins:target_condition",
                        "condition": {
                            "type": "origins:and",
                            "conditions": [
                                {
                                    "type": "origins:living"
                                }
                            ]
                        }
                    }
                },
                {
                    "type": "origins:execute_command",
                    "command": "kill @s"
                },
                {
                    "type": "origins:execute_command",
                    "command": "particle dust 0.361 0.047 0.769 1 ~ ~ ~ 0.3 0.2 0.3 1 5 force"
                },
                {
                    "type": "origins:play_sound",
                    "sound": "minecraft:block.ender_chest.open",
                    "pitch": 1.61,
                    "volume": 2
                },
                {
                    "type": "origins:execute_command",
                    "command": "particle flash ~ ~ ~ 0 0 0 0 1 force"
                }
            ]
        },
        "interval": 100
    },
    "grav": {
        "type": "origins:action_over_time",
        "entity_action": {
            "type": "origins:and",
            "actions": [
                {
                    "type": "origins:execute_command",
                    "command": "data modify entity @s NoGravity set value 1"
                },
                {
                    "type": "origins:revoke_power",
                    "power": "*:*_grav",
                    "source": "umbra:umbra"
                },
                {
                    "type": "origins:play_sound",
                    "sound": "minecraft:item.bottle.fill_dragonbreath",
                    "pitch": 0.54,
                    "volume": 1
                },
                {
                    "type": "origins:execute_command",
                    "command": "particle flash ~ ~ ~ 0 0 0 0 1 force"
                }
            ]
        },
        "interval": 20,
        "condition": {
            "type": "origins:resource",
            "resource": "*:*_punchyes",
            "compare_to": 0,
            "comparison": "=="
        }
    },
    "fx": {
        "type": "origins:action_over_time",
        "entity_action": {
            "type": "origins:and",
            "actions": [
                {
                    "type": "origins:execute_command",
                    "command": "particle dust_color_transition 0.306 0.145 0.631 1 0.063 0.788 0.741 ~ ~ ~ 0.2 0.2 0.2 0 1 force"
                },
                {
                    "type": "origins:execute_command",
                    "command": "particle soul_fire_flame ~ ~ ~ 0.2 0.2 0.2 0 1 force"
                },
                {
                    "type": "origins:execute_command",
                    "command": "particle dust_color_transition 0.063 0.788 0.741 1 0.306 0.145 0.631 ~ ~ ~ 0.2 0.2 0.2 0 1 force"
                }
            ]
        },
        "interval": 1
    },
    "lmao": {
        "type": "origins:invulnerability",
        "damage_condition": {
            "type": "origins:and",
            "conditions": [
                {
                    "type": "origins:name",
                    "name": "outOfWorld",
                    "inverted": true
                },
                {
                    "type": "origins:name",
                    "name": "generic_kill",
                    "inverted": true
                }
            ]
        }
    },
    "invis": {
        "type": "origins:invisibility",
        "render_armor": false
    },
    "entity": {
        "type": "origins:prevent_entity_collision"
    },
    "punchyes": {
        "type": "origins:resource",
        "min": 0,
        "max": 2,
        "hud_render": {
            "should_render": false
        },
        "max_action": {
            "type": "origins:and",
            "actions": [
                {
                    "type": "origins:execute_command",
                    "command": "data modify entity @s NoGravity set value 1"
                },
                {
                    "type": "origins:revoke_power",
                    "power": "*:*_grav",
                    "source": "umbra:umbra"
                },
                {
                    "type": "origins:play_sound",
                    "sound": "minecraft:item.bottle.fill_dragonbreath",
                    "pitch": 0.54,
                    "volume": 1
                },
                {
                    "type": "origins:execute_command",
                    "command": "particle flash ~ ~ ~ 0 0 0 0 1 force"
                }
            ]
        }
    },
    "phase": {
        "type": "origins:phasing",
        "blacklist": true,
        "block_condition": {
            "type": "origins:in_tag",
            "tag": "origins:unphasable"
        },
        "phase_down_condition": {
            "type": "origins:and",
            "conditions": [
                {
                    "type": "origins:constant",
                    "value": false
                }
            ]
        },
        "condition": {
            "type": "origins:resource",
            "resource": "*:*_punchyes",
            "compare_to": 1,
            "comparison": "=="
        }
    },
    "depelete_punchyes": {
        "type": "origins:action_over_time",
        "interval": 20,
        "entity_action": {
            "type": "origins:change_resource",
            "resource": "*:*_punchyes",
            "change": 2,
            "operation": "set"
        }
    },
    "slowfall_puncyes": {
        "type": "origins:modify_falling",
        "velocity": 0.001,
        "condition": {
            "type": "origins:resource",
            "resource": "*:*_punchyes",
            "compare_to": 1,
            "comparison": "=="
        }
    },
    "pushforward":{
        "type": "origins:action_over_time",
        "interval": 1,
        "rising_action": {
            "type": "origins:add_velocity",
            "z": 1.9,
            "space": "local",
            "set": true
        },
        "condition": {
            "type": "origins:resource",
            "resource": "*:*_punchyes",
            "compare_to": 1,
            "comparison": "=="
        }
    }
}