{
    "name": "§d§nTwinkling Footsteps",
    "description": "You cannot sprint on the ground, you gain increased aerial velocity while airborne.",
    "badges": [],
    "type": "origins:multiple",
    "timer": {
        "type": "origins:resource",
        "min": 0,
        "max": 3,
        "hud_render": {
            "should_render": false
        }
    },
    "timer_decrease": {
        "type": "origins:action_over_time",
        "interval": 2,
        "entity_action": {
            "type": "origins:change_resource",
            "resource": "*:*_timer",
            "change": -1
        }
    },
    "check": {
        "type": "origins:active_self",
        "entity_action": {
            "type": "origins:and",
            "actions": [
                {
                    "type": "origins:change_resource",
                    "resource": "*:*_timer",
                    "change": 3
                }
            ]
        },
        "cooldown": 2,
        "key": {
            "key": "key.sprint",
            "continuous": true
        }
    },
    "sprint": {
        "type": "origins:prevent_sprinting",
        "condition": {
            "type": "origins:and",
            "conditions": [
                {
                    "type": "origins:fluid_height",
                    "fluid": "minecraft:water",
                    "comparison": "==",
                    "compare_to": 0
                }
            ]
        }
    },
    "fov_increase_no_function":{
        "type": "origins:modify_attribute",
        "attribute": "minecraft:generic.movement_speed",
        "modifier": {
            "operation": "multiply_total",
            "value": 0.35
        },
        "condition": {
            "type": "origins:and",
            "conditions": [
                {
                    "type": "origins:on_block",
                    "inverted": true
                },
                {
                    "type": "origins:resource",
                    "resource": "*:fury_cooldown",
                    "compare_to": 0,
                    "comparison": "=="
                },
                {
                    "type": "origins:resource",
                    "resource": "*:*_timer",
                    "compare_to": 0,
                    "comparison": ">"
                },
                {
                    "type": "origins:fluid_height",
                    "fluid": "minecraft:water",
                    "comparison": "==",
                    "compare_to": 0
                }
            ]
        }
    },
    "quick": {
        "type": "origins:modify_velocity",
        "modifier": {
            "value": 0.35,
            "operation": "multiply_total"
        },
        "axes": [
            "x",
            "z"
        ],
        "condition": {
            "type": "origins:and",
            "conditions": [
                {
                    "type": "origins:on_block",
                    "inverted": true
                },
                {
                    "type": "origins:resource",
                    "resource": "*:fury_cooldown",
                    "compare_to": 0,
                    "comparison": "=="
                },
                {
                    "type": "origins:fluid_height",
                    "fluid": "minecraft:water",
                    "comparison": "==",
                    "compare_to": 0
                }
            ]
        }
    },
    "sprintair": {
        "type": "origins:modify_velocity",
        "modifier": {
            "value": 0.45,
            "operation": "multiply_total"
        },
        "axes": [
            "x",
            "z"
        ],
        "condition": {
            "type": "origins:and",
            "conditions": [
                {
                    "type": "origins:on_block",
                    "inverted": true
                },
                {
                    "type": "origins:resource",
                    "resource": "*:fury_cooldown",
                    "compare_to": 0,
                    "comparison": "=="
                },
                {
                    "type": "origins:resource",
                    "resource": "*:*_timer",
                    "compare_to": 0,
                    "comparison": ">"
                },
                {
                    "type": "origins:fluid_height",
                    "fluid": "minecraft:water",
                    "comparison": "==",
                    "compare_to": 0
                }
            ]
        }
    }
}