{
    "name": "§d§nTwinkling Footsteps",
    "description": "You cannot sprint on the ground, you gain increased aerial velocity while airborne.",
    "badges": [
    ],
    "type": "origins:multiple",
    "sprint": {
        "type": "origins:prevent_sprinting"
    },
    "quick": {
        "type": "origins:modify_velocity",
        "modifier": {
            "value": 0.45,
            "operation": "multiply_total"
        },
        "axes": [
            "x",
            "z"
        ],
        "condition": {
            "type": "origins:and",
            "conditions": [
                {
                    "type": "origins:on_block",
                    "inverted": true
                },
                {
                    "type": "origins:resource",
                    "resource": "*:fury_cooldown",
                    "compare_to": 0,
                    "comparison": "=="
                }
            ]
        }
    }
}