{
    "name": "§c§nWilting Fury",
    "description": "Taking damage whilst in the air will cause you to §cFlare§r, disabling §dMystique§r until you land.",
    "type": "origins:multiple",
    "climbing": {
        "type": "origins:action_over_time",
        "entity_action": {
            "type": "origins:and",
            "actions": [
                {
                    "type": "origins:change_resource",
                    "resource": "*:fury_cooldown",
                    "change": 0,
                    "operation": "set"
                },
                {
                    "type": "origins:execute_command",
                    "command": "particle dust 1.000 0.122 0.765 1 ~ ~.6 ~ 0.5 0.8 0.5 1 15 force"
                },
                {
                    "type": "origins:execute_command",
                    "command": "particle flash ~ ~ ~ 0 0 0 0 1 force"
                },
                {
                    "type": "origins:play_sound",
                    "sound": "minecraft:block.chorus_flower.grow",
                    "pitch": 2,
                    "volume": 3
                },
                {
                    "type": "origins:play_sound",
                    "sound": "minecraft:block.beacon.deactivate",
                    "pitch": 2,
                    "volume": 1
                }
            ]
        },
        "interval": 1,
        "condition": {
            "type": "origins:and",
            "conditions": [
                {
                    "type": "origins:resource",
                    "resource": "*:fury_cooldown",
                    "comparison": "==",
                    "compare_to": 1
                },
                {
                    "type": "origins:or",
                    "conditions": [
                        {
                            "type": "origins:climbing"
                        },
                        {
                            "type": "origins:fluid_height",
                            "fluid": "minecraft:water",
                            "comparison": "!=",
                            "compare_to": 0
                        },
                        {
                            "type": "origins:on_block"
                        }
                    ]
                }
            ]
        }
    },
    "cooldown": {
        "type": "origins:resource",
        "min": 0,
        "max": 1,
        "hud_render": {
            "should_render": false
        }
    },
    "trigger": {
        "type": "origins:action_when_hit",
        "bientity_action": {
            "type": "origins:target_action",
            "action": {
                "type": "origins:and",
                "actions": [
                    {
                        "type": "origins:change_resource",
                        "resource": "*:fury_cooldown",
                        "change": 1,
                        "operation": "set"
                    },
                    {
                        "type": "origins:execute_command",
                        "command": "particle dust 0.361 0.047 0.769 1 ~ ~.6 ~ 0.5 0.8 0.5 1 5 force"
                    },
                    {
                        "type": "origins:execute_command",
                        "command": "particle flash ~ ~ ~ 0 0 0 0 1 force"
                    },
                    {
                        "type": "origins:play_sound",
                        "sound": "minecraft:entity.endermite.step",
                        "pitch": 0.56,
                        "volume": 1
                    },
                    {
                        "type": "origins:play_sound",
                        "sound": "minecraft:entity.squid.squirt",
                        "pitch": 1.85,
                        "volume": 1
                    },
                    {
                        "type": "origins:play_sound",
                        "sound": "minecraft:entity.enderman.hurt",
                        "pitch": 0.74,
                        "volume": 1
                    },
                    {
                        "type": "origins:play_sound",
                        "sound": "minecraft:entity.ender_dragon.hurt",
                        "pitch": 2,
                        "volume": 1
                    }
                ]
            }
        },
        "cooldown": 10,
        "hud_render": {
            "sprite_location": "origins:textures/gui/community/huang/resource_bar_01.png",
            "bar_index": 21,
            "should_render": true
        },
        "condition": {
            "type": "origins:and",
            "conditions": [
                {
                    "type": "origins:on_block",
                    "inverted": true
                },
                {
                    "type": "origins:resource",
                    "resource": "*:fury_cooldown",
                    "compare_to": 0,
                    "comparison": "=="
                },
                {
                    "type": "origins:fluid_height",
                    "fluid": "minecraft:water",
                    "comparison": "==",
                    "compare_to": 0
                },
                {
                    "type": "origins:riding",
                    "inverted": true
                },
                {
                    "type": "origins:climbing",
                    "inverted": true
                },
                {
                    "type": "origins:fluid_height",
                    "fluid": "minecraft:lava",
                    "comparison": "==",
                    "compare_to": 0
                }
            ]
        }
    },
    "flared": {
        "type": "origins:particle",
        "particle": {
            "type": "minecraft:dust",
            "params": "1.000 0.122 0.765 1"
        },
        "frequency": 1,
        "condition": {
            "type": "origins:and",
            "conditions": [
                {
                    "type": "origins:resource",
                    "resource": "*:fury_cooldown",
                    "compare_to": 1,
                    "comparison": "=="
                }
            ]
        }
    }
}