{
    "name": "§9§nNull",
    "description": "Eons of living in the cold vacuum of space has warped your body. You are immune to cold, §eThorns§r, and suffocation.",
    "type": "origins:multiple",
    "air": {
        "type": "origins:modify_air_speed",
        "modifier": {
            "value": 1,
            "operation": "multiply_base"
        },
        "condition": {
            "type": "origins:and",
            "conditions": [
                {
                    "type": "origins:on_block",
                    "inverted": true
                },
                {
                    "type": "origins:resource",
                    "resource": "*:fury_cooldown",
                    "compare_to": 0,
                    "comparison": "=="
                },
                {
                    "type": "origins:fall_flying",
                    "inverted": true
                }
            ]
        }
    },
    "suffocation": {
        "type": "origins:invulnerability",
        "damage_condition": {
            "type": "origins:name",
            "name": "inWall"
        },
        "condition": {
            "type": "origins:in_block",
            "block_condition": {
                "type": "origins:constant",
                "value": true
            }
        }
    },
    "cold": {
        "type": "origins:invulnerability",
        "damage_condition": {
            "type": "origins:name",
            "name": "freeze"
        }
    },
    "ihatethornssomuch": {
        "type": "origins:invulnerability",
        "damage_condition": {
            "type": "origins:and",
            "conditions": [
                {
                    "type": "origins:name",
                    "name": "thorns"
                },
                {
                    "type": "origins:attacker",
                    "entity_condition": {
                        "type": "origins:or",
                        "conditions": [
                            {
                                "type": "origins:entity_type",
                                "entity_type": "minecraft:guardian"
                            },
                            {
                                "type": "origins:entity_type",
                                "entity_type": "minecraft:elder_guardian"
                            }
                        ]
                    },
                    "inverted": true
                }
            ]
        }
    }
}