{
    "name": "§c§nInstability",
    "description": "Your innate energy field causes some beneficial status effects to fade a lot earlier. §eInstant§r \n§eHealth§r, §eRegeneration§r, and §eStrength§r burn away at twice the speed.",
    "type": "origins:multiple",
    "wear_off":{
        "type": "origins:modify_status_effect_duration",
        "modifier": {
            "operation": "multiply_total",
            "value": -0.5
        },
        "status_effects": [
            "minecraft:regeneration",
            "minecraft:instant_health",
            "minecraft:strength"
        ]
    }
}