{
    "name": "§d§nMystique",
    "description": "You fall slower, move faster in the air, and can even step on a cloud of stardust as a second jump. Your jump recharges after a few seconds, or if you touch the ground.",
    "badges": [
        {
            "type": "origins:tooltip",
            "sprite": "origins:textures/gui/badge/active.png",
            "text": [
                "Jump on stardust with [",
                {
                    "keybind": "key.jump",
                    "color": "light_purple"
                },
                "]."
            ]
        }
    ],
    "type": "origins:multiple",
    "break": {
        "type": "origins:modify_break_speed",
        "modifier": {
            "operation": "multiply_base",
            "value": 4
        },
        "condition": {
            "type": "origins:and",
            "conditions": [
                {
                    "inverted": true,
                    "type": "origins:on_block"
                }
            ]
        }
    },
    "count": {
        "type": "origins:resource",
        "min": 0,
        "max": 7,
        "hud_render": {
            "should_render": true,
            "sprite_location": "origins:textures/gui/community/spiderkolo/resource_bar_points_01.png",
            "bar_index": 9
        }
    },
    "cooldown": {
        "type": "origins:resource",
        "min": 0,
        "max": 45,
        "hud_render": {
            "should_render": true,
            "sprite_location": "origins:textures/gui/community/huang/resource_bar_01.png",
            "bar_index": 3,
            "condition": {
                "type": "origins:and",
                "conditions": [
                    {
                        "type": "origins:resource",
                        "resource": "*:*_count",
                        "comparison": "==",
                        "compare_to": 0
                    }
                ]
            }
        },
        "max_action": {
            "type": "origins:and",
            "actions": [
                {
                    "type": "origins:if_else",
                    "condition": {
                        "type": "origins:and",
                        "conditions": [
                            {
                                "type": "origins:equipped_item",
                                "equipment_slot": "chest",
                                "item_condition": {
                                    "type": "origins:ingredient",
                                    "ingredient": {
                                        "item": "minecraft:elytra"
                                    }
                                }
                            },
                            {
                                "type": "origins:equipped_item",
                                "equipment_slot": "chest",
                                "item_condition": {
                                    "type": "origins:ingredient",
                                    "ingredient": {
                                        "item": "minecraft:elytra"
                                    },
                                    "inverted": true
                                },
                                "inverted": true
                            }
                        ]
                    },
                    "if_action": {
                        "type": "origins:change_resource",
                        "resource": "*:*_count",
                        "change": 2,
                        "operation": "set"
                    },
                    "else_action": {
                        "type": "origins:change_resource",
                        "resource": "*:*_count",
                        "change": 1,
                        "operation": "set"
                    }
                },
                {
                    "type": "origins:change_resource",
                    "resource": "*:*_cooldown",
                    "change": 0,
                    "operation": "set"
                },
                {
                    "type": "origins:change_resource",
                    "resource": "*:*_cooldown2",
                    "change": 0,
                    "operation": "set"
                },
                {
                    "type": "origins:if_else",
                    "condition": {
                        "type": "origins:equipped_item",
                        "equipment_slot": "chest",
                        "item_condition": {
                            "type": "origins:ingredient",
                            "ingredient": {
                                "item": "minecraft:elytra"
                            }
                        }
                    },
                    "if_action": {
                        "type": "origins:equipped_item_action",
                        "equipment_slot": "chest",
                        "action": {
                            "type": "origins:damage",
                            "damage": 5
                        }
                    }
                }
            ]
        }
    },
    "cooldown2": {
        "type": "origins:resource",
        "min": 0,
        "max": 45,
        "hud_render": {
            "should_render": false,
            "sprite_location": "origins:textures/gui/community/huang/resource_bar_01.png",
            "bar_index": 3,
            "condition": {
                "type": "origins:resource",
                "resource": "*:*_count",
                "comparison": "==",
                "compare_to": 0
            }
        },
        "max_action": {
            "type": "origins:and",
            "actions": [
                {
                    "type": "origins:if_else",
                    "condition": {
                        "type": "origins:resource",
                        "resource": "*:*_count",
                        "comparison": "==",
                        "compare_to": 0
                    },
                    "if_action": {
                        "type": "origins:change_resource",
                        "resource": "*:*_count",
                        "change": 1,
                        "operation": "set"
                    },
                    "else_action": {
                        "type": "origins:change_resource",
                        "resource": "*:*_count",
                        "change": 2,
                        "operation": "set"
                    }
                },
                {
                    "type": "origins:change_resource",
                    "resource": "*:*_cooldown2",
                    "change": 0,
                    "operation": "set"
                },
                {
                    "type": "origins:change_resource",
                    "resource": "*:*_cooldown",
                    "change": 0,
                    "operation": "set"
                },
                {
                    "type": "origins:if_else",
                    "condition": {
                        "type": "origins:equipped_item",
                        "equipment_slot": "chest",
                        "item_condition": {
                            "type": "origins:ingredient",
                            "ingredient": {
                                "item": "minecraft:elytra"
                            }
                        }
                    },
                    "if_action": {
                        "type": "origins:equipped_item_action",
                        "equipment_slot": "chest",
                        "action": {
                            "type": "origins:damage",
                            "damage": 5
                        }
                    }
                }
            ]
        }
    },
    "recharge": {
        "type": "origins:action_over_time",
        "interval": 1,
        "entity_action": {
            "type": "origins:and",
            "actions": [
                {
                    "type": "origins:change_resource",
                    "resource": "*:*_cooldown2",
                    "change": 1,
                    "operation": "add"
                }
            ]
        },
        "condition": {
            "type": "origins:and",
            "conditions": [
                {
                    "type": "origins:resource",
                    "resource": "*:*_count",
                    "comparison": "<",
                    "compare_to": 2
                },
                {
                    "type": "origins:resource",
                    "resource": "*:*_count",
                    "comparison": "!=",
                    "compare_to": 0
                },
                {
                    "type": "origins:equipped_item",
                    "equipment_slot": "chest",
                    "item_condition": {
                        "type": "origins:ingredient",
                        "ingredient": {
                            "item": "minecraft:elytra"
                        }
                    }
                },
                {
                    "type": "origins:equipped_item",
                    "equipment_slot": "chest",
                    "item_condition": {
                        "type": "origins:ingredient",
                        "ingredient": {
                            "item": "minecraft:elytra"
                        },
                        "inverted": true
                    },
                    "inverted": true
                }
            ]
        }
    },
    "recharge2": {
        "type": "origins:action_over_time",
        "interval": 1,
        "entity_action": {
            "type": "origins:and",
            "actions": [
                {
                    "type": "origins:change_resource",
                    "resource": "*:*_cooldown",
                    "change": 1,
                    "operation": "add"
                }
            ]
        },
        "condition": {
            "type": "origins:and",
            "conditions": [
                {
                    "type": "origins:resource",
                    "resource": "*:*_count",
                    "comparison": "==",
                    "compare_to": 0
                }
            ]
        }
    },
    "climbing": {
        "type": "origins:action_over_time",
        "entity_action": {
            "type": "origins:and",
            "actions": [
                {
                    "type": "origins:if_else",
                    "condition": {
                        "type": "origins:and",
                        "conditions": [
                            {
                                "type": "origins:equipped_item",
                                "equipment_slot": "chest",
                                "item_condition": {
                                    "type": "origins:ingredient",
                                    "ingredient": {
                                        "item": "minecraft:elytra"
                                    }
                                }
                            },
                            {
                                "type": "origins:equipped_item",
                                "equipment_slot": "chest",
                                "item_condition": {
                                    "type": "origins:ingredient",
                                    "ingredient": {
                                        "item": "minecraft:elytra"
                                    },
                                    "inverted": true
                                },
                                "inverted": true
                            }
                        ]
                    },
                    "if_action": {
                        "type": "origins:change_resource",
                        "resource": "*:*_count",
                        "change": 2,
                        "operation": "set"
                    },
                    "else_action": {
                        "type": "origins:change_resource",
                        "resource": "*:*_count",
                        "change": 1,
                        "operation": "set"
                    }
                },
                {
                    "type": "origins:change_resource",
                    "resource": "*:*_cooldown",
                    "change": 0,
                    "operation": "set"
                },
                {
                    "type": "origins:change_resource",
                    "resource": "*:*_cooldown2",
                    "change": 0,
                    "operation": "set"
                },
                {
                    "type": "origins:if_else",
                    "condition": {
                        "type": "origins:equipped_item",
                        "equipment_slot": "chest",
                        "item_condition": {
                            "type": "origins:ingredient",
                            "ingredient": {
                                "item": "minecraft:elytra"
                            }
                        }
                    },
                    "if_action": {
                        "type": "origins:equipped_item_action",
                        "equipment_slot": "chest",
                        "action": {
                            "type": "origins:damage",
                            "damage": 5
                        }
                    }
                }
            ]
        },
        "interval": 1,
        "condition": {
            "type": "origins:and",
            "conditions": [
                {
                    "type": "origins:resource",
                    "resource": "*:*_count",
                    "comparison": "==",
                    "compare_to": 0
                },
                {
                    "type": "origins:or",
                    "conditions": [
                        {
                            "type": "origins:climbing"
                        },
                        {
                            "type": "origins:fluid_height",
                            "fluid": "minecraft:water",
                            "comparison": "!=",
                            "compare_to": 0
                        },
                        {
                            "type": "origins:on_block"
                        }
                    ]
                }
            ]
        }
    },
    "land": {
        "type": "origins:action_on_land",
        "entity_action": {
            "type": "origins:and",
            "actions": [
                {
                    "type": "origins:if_else",
                    "condition": {
                        "type": "origins:and",
                        "conditions": [
                            {
                                "type": "origins:equipped_item",
                                "equipment_slot": "chest",
                                "item_condition": {
                                    "type": "origins:ingredient",
                                    "ingredient": {
                                        "item": "minecraft:elytra"
                                    }
                                }
                            },
                            {
                                "type": "origins:equipped_item",
                                "equipment_slot": "chest",
                                "item_condition": {
                                    "type": "origins:ingredient",
                                    "ingredient": {
                                        "item": "minecraft:elytra"
                                    },
                                    "inverted": true
                                },
                                "inverted": true
                            }
                        ]
                    },
                    "if_action": {
                        "type": "origins:change_resource",
                        "resource": "*:*_count",
                        "change": 2,
                        "operation": "set"
                    },
                    "else_action": {
                        "type": "origins:change_resource",
                        "resource": "*:*_count",
                        "change": 1,
                        "operation": "set"
                    }
                },
                {
                    "type": "origins:change_resource",
                    "resource": "*:*_cooldown",
                    "change": 0,
                    "operation": "set"
                },
                {
                    "type": "origins:change_resource",
                    "resource": "*:*_cooldown2",
                    "change": 0,
                    "operation": "set"
                }
            ]
        }
    },
    "activating_jump": {
        "type": "origins:active_self",
        "key": {
            "key": "key.jump"
        },
        "cooldown": 0,
        "hud_render": {
            "should_render": false
        },
        "condition": {
            "type": "origins:and",
            "conditions": [
                {
                    "type": "origins:on_block",
                    "inverted": true
                },
                {
                    "type": "origins:resource",
                    "resource": "*:*_count",
                    "comparison": ">",
                    "compare_to": 0
                },
                {
                    "type": "origins:fluid_height",
                    "fluid": "minecraft:water",
                    "comparison": "==",
                    "compare_to": 0
                },
                {
                    "type": "origins:gamemode",
                    "gamemode": "creative",
                    "inverted": true
                },
                {
                    "type": "origins:gamemode",
                    "gamemode": "spectator",
                    "inverted": true
                },
                {
                    "type": "origins:riding",
                    "inverted": true
                },
                {
                    "type": "origins:sneaking",
                    "inverted": true
                },
                {
                    "type": "origins:fluid_height",
                    "fluid": "minecraft:lava",
                    "comparison": "==",
                    "compare_to": 0
                },
                {
                    "type": "origins:resource",
                    "resource": "*:fury_cooldown",
                    "compare_to": 0,
                    "comparison": "=="
                },
                {
                    "type": "origins:climbing",
                    "inverted": true
                }
            ]
        },
        "entity_action": {
            "type": "origins:and",
            "actions": [
                {
                    "type": "origins:change_resource",
                    "resource": "*:*_count",
                    "change": -1,
                    "operation": "add"
                },
                {
                    "type": "origins:add_velocity",
                    "set": true,
                    "y": 0.3
                },
                {
                    "type": "origins:add_velocity",
                    "space": "local",
                    "z": 0.7
                },
                {
                    "type": "origins:play_sound",
                    "sound": "minecraft:entity.phantom.flap",
                    "volume": 1,
                    "pitch": 2
                },
                {
                    "type": "origins:execute_command",
                    "command": "execute at @s run particle minecraft:dust 0.361 0.047 0.769 1 ~ ~ ~ 0.6 0.3 0.6 0.1 25 force"
                },
                {
                    "type": "origins:execute_command",
                    "command": "execute at @s run particle dust_color_transition 0.063 0.788 0.741 1 0.306 0.145 0.631 ~ ~ ~ 0.6 0.3 0.6 0.1 25 force"
                },
                {
                    "type": "origins:execute_command",
                    "command": "execute at @s run particle soul_fire_flame ~ ~ ~ 0.6 0.3 0.6 0.01 10 force"
                }
            ]
        }
    },
    "fx": {
        "type": "origins:action_on_land",
        "entity_action": {
            "type": "origins:and",
            "actions": [
                {
                    "type": "origins:execute_command",
                    "command": "execute at @s run particle minecraft:dust 0.361 0.047 0.769 1 ~ ~ ~ 0.6 0 0.6 0.1 10 force"
                },
                {
                    "type": "origins:execute_command",
                    "command": "execute at @s run particle dust_color_transition 0.063 0.788 0.741 1 0.306 0.145 0.631 ~ ~ ~ 0.6 0 0.6 0.1 10 force"
                },
                {
                    "type": "origins:execute_command",
                    "command": "execute at @s run particle soul_fire_flame ~ ~ ~ 0.6 0.3 0.6 0.01 10 force"
                }
            ]
        },
        "condition": {
            "type": "origins:and",
            "conditions": [
                {
                    "type": "origins:fall_distance",
                    "comparison": ">=",
                    "compare_to": 4
                }
            ]
        }
    },
    "floaty": {
        "type": "origins:modify_falling",
        "velocity": 0.01,
        "take_fall_damage": false,
        "condition": {
            "type": "origins:and",
            "conditions": [
                {
                    "type": "origins:sneaking",
                    "inverted": true
                },
                {
                    "type": "origins:resource",
                    "resource": "*:fury_cooldown",
                    "compare_to": 0,
                    "comparison": "=="
                }
            ]
        }
    },
    "fall": {
        "type": "origins:invulnerability",
        "damage_condition": {
            "type": "origins:name",
            "name": "fall"
        },
        "condition": {
            "type": "origins:resource",
            "resource": "*:fury_cooldown",
            "compare_to": 0,
            "comparison": "=="
        }
    },
    "jump": {
        "type": "origins:modify_jump",
        "modifier": {
            "value": 0.125,
            "operation": "multiply_base"
        }
    }
}