{
    "hidden": true,
    "type": "origins:multiple",
    "raw": {
        "type": "origins:particle",
        "particle": {
            "type": "minecraft:dust",
            "params": "0.361 0.047 0.769 1 ~ ~ ~ 0.2 0.8 0.2 0.4 10 force"
        },
        "frequency": 9,
        "condition": {
            "type": "origins:and",
            "conditions": [
                {
                    "type": "origins:invisible",
                    "inverted": true
                }
            ]
        }
    },
    "fade": {
        "type": "origins:particle",
        "particle": {
            "type": "minecraft:dust_color_transition",
            "params": "0.063 0.788 0.741 1 0.306 0.145 0.631"
        },
        "frequency": 4,
        "condition": {
            "type": "origins:and",
            "conditions": [
                {
                    "type": "origins:invisible",
                    "inverted": true
                }
            ]
        }
    },
    "purity": {
        "type": "origins:particle",
        "particle": {
            "type": "minecraft:dust_color_transition",
            "params": "0.306 0.145 0.631 1 0.063 0.788 0.741"
        },
        "frequency": 3,
        "condition": {
            "type": "origins:and",
            "conditions": [
                {
                    "type": "origins:invisible",
                    "inverted": true
                }
            ]
        }
    },
    "fire": {
        "type": "origins:particle",
        "particle": {
            "type": "minecraft:soul_fire_flame",
            "params": "~ ~ ~ 0.2 0.8 0.2 0.4 10 force"
        },
        "frequency": 5,
        "condition": {
            "type": "origins:and",
            "conditions": [
                {
                    "type": "origins:invisible",
                    "inverted": true
                }
            ]
        }
    },
    "shaking": {
        "type": "origins:shaking",
        "condition": {
            "type": "origins:on_block"
        }
    }
}