{
    "name": "§d§nDazzling Punch§r",
    "description": "Punching your §bCluster§r will increase its velocity, sending it through blocks at a faster speed.",
    "badges": [],
    "type": "origins:active_self",
    "entity_action": {
        "type": "origins:and",
        "actions": [
            {
                "type": "origins:raycast",
                "distance": 10,
                "block": true,
                "entity": true,
                "bientity_condition": {
                    "type": "origins:target_condition",
                    "condition": {
                        "type": "origins:and",
                        "conditions": [
                            {
                                "type": "origins:power",
                                "power": "umbra:essence",
                                "source": "umbra:umbra"
                            },
                            {
                                "type": "origins:resource",
                                "resource": "*:essence_punchyes",
                                "compare_to": 0,
                                "comparison": "=="
                            },
                            {
                                "type": "origins:nbt",
                                "nbt": "{NoGravity:1b}",
                                "inverted": true
                            }
                        ]
                    }
                },
                "bientity_action": {
                    "type": "origins:and",
                    "actions": [
                        {
                            "type": "origins:target_action",
                            "action": {
                                "type": "origins:and",
                                "actions": [
                                    {
                                        "type": "origins:execute_command",
                                        "command": "particle flash ~ ~ ~ 0 0 0 0 1 force"
                                    },
                                    {
                                        "type": "origins:play_sound",
                                        "sound": "minecraft:entity.dragon_fireball.explode",
                                        "pitch": 1.79,
                                        "volume": 0.07
                                    },
                                    {
                                        "type": "origins:play_sound",
                                        "sound": "minecraft:entity.blaze.hurt",
                                        "pitch": 1.67,
                                        "volume": 1
                                    },
                                    {
                                        "type": "origins:change_resource",
                                        "resource": "*:essence_punchyes",
                                        "change": 1,
                                        "operation": "set"
                                    }
                                ]
                            }
                        }
                    ]
                }
            }
        ]
    },
    "key": {
        "key": "key.attack"
    }
}