{
    "name": "§9§nReanimation",
    "description": "Your body exhausts less and heals only while stable. All natural regeneration is paused while airborne.",
    "type": "origins:multiple",
    "regen": {
        "type": "origins:disable_regen",
        "condition": {
            "type": "origins:on_block",
            "inverted": true
        }
    },
    "hunger": {
        "type": "origins:modify_exhaustion",
        "modifier": {
            "operation": "multiply_base",
            "value": -0.5
        }
    }
}