{
    "name": "§d§nVein of Aurora",
    "description": "You may command a §bCluster§r of cosmic energy, shooting it as a manifestation that resembles a ball.",
    "badges": [
        {
            "type": "origins:tooltip",
            "sprite": "origins:textures/gui/badge/active.png",
            "text": [
                "Activate with [",
                {
                    "keybind": "key.origins.primary_active",
                    "color": "light_purple"
                },
                "]."
            ]
        },
        {
            "type": "origins:tooltip",
            "sprite": "origins:textures/gui/badge/info.png",
            "text": "This §bCluster§r will detonate after 6 seconds, pushing back nearby entities."
        },
        {
            "type": "origins:tooltip",
            "sprite": "origins:textures/gui/badge/star.png",
            "text": [
                "Activate with [",
                {
                    "keybind": "key.origins.primary_active",
                    "color": "light_purple"
                },
                " + ",
                {
                    "keybind": "key.sneak",
                    "color": "light_purple"
                },
                "] to plant a frozen §bCluster§r."
            ]
        }
    ],
    "type": "origins:multiple",
    "trigger": {
        "type": "origins:active_self",
        "entity_action": {
            "type": "origins:and",
            "actions": [
                {
                    "type": "origins:if_else",
                    "condition": {
                        "type": "origins:sneaking"
                    },
                    "else_action": {
                        "type": "origins:fire_projectile",
                        "entity_type": "minecraft:armor_stand",
                        "projectile_action": {
                            "type": "origins:and",
                            "actions": [
                                {
                                    "type": "origins:execute_command",
                                    "command": "particle dust 0.361 0.047 0.769 1 ~ ~ ~ 0.3 0.2 0.3 1 5 force"
                                },
                                {
                                    "type": "origins:play_sound",
                                    "sound": "minecraft:block.end_portal_frame.fill",
                                    "pitch": 0.54,
                                    "volume": 1
                                }
                            ]
                        },
                        "count": 1,
                        "interval": 0,
                        "start_delay": 1,
                        "speed": 2.35,
                        "divergence": 0,
                        "tag": "{Tags:[\"umbra.orb\",\"umbra.new\"],DisabledSlots:4144959,Silent:1b,Small:1b,Invisible:1b,cardinal_components:{\"apoli:powers\":{Powers:[{Type:\"umbra:essence\",Data:{},Sources:[\"umbra:umbra\"]}]}}}"
                    },
                    "if_action": {
                        "type": "origins:fire_projectile",
                        "entity_type": "minecraft:armor_stand",
                        "projectile_action": {
                            "type": "origins:and",
                            "actions": [
                                {
                                    "type": "origins:execute_command",
                                    "command": "particle dust 0.361 0.047 0.769 1 ~ ~ ~ 0.3 0.2 0.3 1 5 force"
                                },
                                {
                                    "type": "origins:play_sound",
                                    "sound": "minecraft:entity.ender_dragon.hurt",
                                    "pitch": 1.74,
                                    "volume": 1
                                }
                            ]
                        },
                        "count": 1,
                        "interval": 0,
                        "start_delay": 1,
                        "speed": 1,
                        "divergence": 0,
                        "tag": "{Tags:[\"umbra.orb\",\"umbra.new\"],DisabledSlots:4144959,NoGravity:1b,Silent:1b,Small:1b,Invisible:1b,cardinal_components:{\"apoli:powers\":{Powers:[{Type:\"umbra:essence\",Data:{},Sources:[\"umbra:umbra\"]}]}}}"
                    }
                },
                {
                    "type": "origins:delay",
                    "action": {
                        "type": "origins:execute_command",
                        "command": "function umbra:clustersummon"
                    },
                    "ticks": 3
                }
            ]
        },
        "cooldown": 120,
        "hud_render": {
            "should_render": true,
            "sprite_location": "origins:textures/gui/community/huang/resource_bar_01.png",
            "bar_index": 0
        },
        "key": {
            "key": "key.origins.primary_active"
        }
    }
}