{
    "name": "§d§nStarlight Warp",
    "description": "Channel a beacon of starlight, calling your body to your §bCluster§r. This teleports you to it, detonating it and dealing damage to all nearby entities.",
    "badges": [
        {
            "type": "origins:tooltip",
            "sprite": "origins:textures/gui/badge/active.png",
            "text": [
                "Activate with [",
                {
                    "keybind": "key.origins.secondary_active",
                    "color": "light_purple"
                },
                "]."
            ]
        },
        {
            "type": "origins:tooltip",
            "sprite": "origins:textures/gui/badge/arrow_up.png",
            "text": "Teleport while sneaking to contain your §bCluster§r's explosion."
        }
    ],
    "type": "origins:multiple",
    "warp": {
        "type": "origins:active_self",
        "entity_action": {
            "type": "origins:and",
            "actions": [
                {
                    "type": "origins:execute_command",
                    "command": "function umbra:clusterwarp"
                },
                {
                    "type": "origins:set_fall_distance",
                    "fall_distance": 0
                },
                {
                    "type": "origins:extinguish"
                },
                {
                    "type": "origins:if_else",
                    "condition": {
                        "type": "origins:sneaking"
                    },
                    "if_action": {
                        "type": "origins:and",
                        "actions": [
                            {
                                "type": "origins:play_sound",
                                "sound": "minecraft:item.lodestone_compass.lock",
                                "pitch": 1.74,
                                "volume": 1
                            },
                            {
                                "type": "origins:play_sound",
                                "sound": "minecraft:item.trident.return",
                                "pitch": 2,
                                "volume": 1
                            },
                            {
                                "type": "origins:play_sound",
                                "sound": "minecraft:item.chorus_fruit.teleport",
                                "pitch": 0.74,
                                "volume": 1
                            }
                        ]
                    },
                    "else_action": {
                        "type": "origins:and",
                        "actions": [
                            {
                                "type": "origins:play_sound",
                                "sound": "minecraft:block.ender_chest.open",
                                "pitch": 1.61,
                                "volume": 2
                            },
                            {
                                "type": "origins:play_sound",
                                "sound": "minecraft:block.respawn_anchor.set_spawn",
                                "pitch": 1.61,
                                "volume": 2
                            },
                            {
                                "type": "origins:area_of_effect",
                                "radius": 4,
                                "bientity_action": {
                                    "type": "origins:and",
                                    "actions": [
                                        {
                                            "type": "origins:add_velocity",
                                            "z": 1,
                                            "y": 0.5,
                                            "space": "local",
                                            "set": true
                                        },
                                        {
                                            "type": "origins:damage",
                                            "amount": 4,
                                            "source": {
                                                "name": "magic",
                                                "unblockable": false,
                                                "bypasses_armor": false
                                            }
                                        },
                                        {
                                            "type": "origins:target_action",
                                            "action": {
                                                "type": "origins:execute_command",
                                                "command": "particle dust 0.361 0.047 0.769 1 ~ ~.6 ~ 0.5 0.8 0.5 1 5 force"
                                            }
                                        }
                                    ]
                                },
                                "bientity_condition": {
                                    "type": "origins:target_condition",
                                    "condition": {
                                        "type": "origins:and",
                                        "conditions": [
                                            {
                                                "type": "origins:living"
                                            }
                                        ]
                                    }
                                }
                            }
                        ]
                    }
                },
                {
                    "type": "origins:execute_command",
                    "command": "particle dust_color_transition 0.063 0.788 0.741 1 0.306 0.145 0.631 ~ ~ ~ 0.5 0.6 0.5 0.5 50 force"
                },
                {
                    "type": "origins:execute_command",
                    "command": "particle minecraft:soul_fire_flame ~ ~.6 ~ 0.2 0.5 0.2 0.05 10 force"
                },
                {
                    "type": "origins:execute_command",
                    "command": "particle flash ~ ~ ~ 0 0 0 0 1 force"
                },
                {
                    "type": "origins:if_else",
                    "condition": {
                        "type": "origins:equipped_item",
                        "equipment_slot": "chest",
                        "item_condition": {
                            "type": "origins:ingredient",
                            "ingredient": {
                                "item": "minecraft:elytra"
                            }
                        }
                    },
                    "if_action": {
                        "type": "origins:change_resource",
                        "resource": "*:mystique_count",
                        "change": 2,
                        "operation": "set"
                    },
                    "else_action": {
                        "type": "origins:change_resource",
                        "resource": "*:mystique_count",
                        "change": 1,
                        "operation": "set"
                    }
                },
                {
                    "type": "origins:change_resource",
                    "resource": "*:mystique_cooldown",
                    "change": 0,
                    "operation": "set"
                },
                {
                    "type": "origins:change_resource",
                    "resource": "*:mystique_cooldown2",
                    "change": 0,
                    "operation": "set"
                },
                {
                   
                        "type": "origins:if_else",
                        "condition": {
                            "type": "origins:in_block",
                            "block_condition": {
                              "type": "origins:in_tag",
                              "tag": "umbra:nonsolid"
                            },
                            "inverted": true
                        },
                        "if_action": {
                            "type": "origins:execute_command",
                            "command": "function umbra:cave"
                        }
                }
            ]
        },
        "cooldown": 100,
        "hud_render": {
            "sprite_location": "origins:textures/gui/community/spiderkolo/resource_bar_03.png",
            "bar_index": 7
        },
        "key": {
            "key": "key.origins.secondary_active"
        },
        "condition": {
            "type": "origins:and",
            "conditions": [
                {
                    "type": "origins:command",
                    "command": "function umbra:checkid",
                    "compare_to": 0,
                    "comparison": ">"
                },
                {
                    "type": "origins:nbt",
                    "nbt": "{Tags:[\"umbra.orbExists\"]}"
                }
            ]
        }
    }
}