{
	"credit": "Made with Blockbench",
	"texture_size": [64, 64],
	"textures": {
		"0": "manic:block/corpsebulb/base",
		"particle": "manic:block/corpsebulb/base"
	},
	"elements": [
		{
			"name": "bulb",
			"from": [4, 5, 4],
			"to": [12, 13, 12],
			"faces": {
				"north": {"uv": [5.25, 2, 7.25, 4], "texture": "#0", "tintindex": 0},
				"east": {"uv": [3.25, 2, 5.25, 4], "texture": "#0", "tintindex": 0},
				"south": {"uv": [9.25, 2, 11.25, 4], "texture": "#0", "tintindex": 0},
				"west": {"uv": [7.25, 2, 9.25, 4], "texture": "#0", "tintindex": 0},
				"up": {"uv": [5.25, 0, 7.25, 2], "texture": "#0", "tintindex": 0},
				"down": {"uv": [7.25, 0, 9.25, 2], "texture": "#0", "tintindex": 0}
			}
		},
		{
			"name": "stem",
			"from": [8, 0, 1],
			"to": [8, 31, 15],
			"rotation": {"angle": -45, "axis": "y", "origin": [8, 15.5, 8]},
			"faces": {
				"north": {"uv": [0, 0, 0, 7.75], "texture": "#missing"},
				"east": {"uv": [0, 8, 3, 15.75], "texture": "#0", "tintindex": 0},
				"south": {"uv": [0, 0, 0, 7.75], "texture": "#missing"},
				"west": {"uv": [0, 8, 3, 15.75], "texture": "#0", "tintindex": 0},
				"up": {"uv": [0, 0, 3, 0], "rotation": 90, "texture": "#missing"},
				"down": {"uv": [0, 0, 3, 0], "rotation": 270, "texture": "#missing"}
			}
		},
		{
			"name": "stem",
			"from": [1, 0, 8],
			"to": [15, 31, 8],
			"rotation": {"angle": -45, "axis": "y", "origin": [8, 15.5, 8]},
			"faces": {
				"north": {"uv": [0, 8, 3, 15.75], "texture": "#0", "tintindex": 0},
				"east": {"uv": [0, 0, 0, 7.75], "texture": "#missing"},
				"south": {"uv": [0, 8, 3, 15.75], "texture": "#0", "tintindex": 0},
				"west": {"uv": [0, 0, 0, 7.75], "texture": "#missing"},
				"up": {"uv": [0, 0, 3, 0], "texture": "#missing"},
				"down": {"uv": [0, 0, 3, 0], "texture": "#missing"}
			}
		}
	],
	"groups": [
		0,
		{
			"name": "stem",
			"origin": [8, 15.5, 8],
			"color": 0,
			"children": [1, 2]
		}
	]
}