{
  "pools": [
    {
      "rolls": 1,
      "entries": [
        {
          "type": "item",
          "name": "minecraft:melon_seeds",
          "functions": [
            {
              "function": "set_nbt",
              "tag": "{CustomModelData:888502}"
            },
            {
              "function": "set_name",
              "name": [
                {
                  "translate": "Panaspore"
                }
              ]
            }
          ]
        }
      ]
    }
  ]
}
