{
    "values": [
        {
            "id": "minecraft:coal",
            "required": false
        },
        {
            "id": "minecraft:charcoal",
            "required": false
        },
        {
            "id": "minecraft:dried_kelp_block",
            "required": false
        },
        {
            "id": "minecraft:blaze_rod",
            "required": false
        },
        {
            "id": "#minecraft:boats",
            "required": false
        },
        {
            "id": "#minecraft:chest_boats",
            "required": false
        },
        {
            "id": "#kindling:hot",
            "required": false
        }
    ]
}