{
  "aquifers_enabled": false,
  "default_block": {
    "Name": "minecraft:stone"
  },
  "default_fluid": {
    "Name": "minecraft:water",
    "Properties": {
      "level": "0"
    }
  },
  "disable_mob_generation": false,
  "legacy_random_source": true,
  "noise": {
    "height": 320,
    "min_y": 0,
    "size_horizontal": 2,
    "size_vertical": 1
  },
  "noise_router": {
    "barrier": 0.0,
    "continents": "nfb_dimensions:clouds/base_noise",
    "depth": {
      "type": "y_clamped_gradient",
      "from_value": -1,
      "from_y": 0,
      "to_value": 1,
      "to_y": 320
    },
    "erosion": 0.0,
    "final_density": {
      "type": "min",
      "argument1": {
        "type": "minecraft:interpolated",
        "argument": {
          "type": "minecraft:blend_density",
          "argument": "nfb_dimensions:clouds/base_noise"
        }
      },
      "argument2": "minecraft:overworld/caves/noodle"
    },
    "fluid_level_floodedness": 0.0,
    "fluid_level_spread": 0.0,
    "initial_density_without_jaggedness": 0,
    "lava": 0.0,
    "ridges": 0.0,
    "temperature": {
      "type": "minecraft:shifted_noise",
      "noise": "minecraft:temperature",
      "shift_x": "minecraft:shift_x",
      "shift_y": 0.0,
      "shift_z": "minecraft:shift_z",
      "xz_scale": 0.25,
      "y_scale": 0.0
    },
    "vegetation": {
      "type": "minecraft:shifted_noise",
      "noise": "minecraft:vegetation",
      "shift_x": "minecraft:shift_x",
      "shift_y": 0.0,
      "shift_z": "minecraft:shift_z",
      "xz_scale": 0.25,
      "y_scale": 0.0
    },
    "vein_gap": 0.0,
    "vein_ridged": 0.0,
    "vein_toggle": 0.0
  },
  "ore_veins_enabled": false,
  "sea_level": -64,
  "spawn_target": [],
  "surface_rule": {
    "type": "sequence",
    "sequence": [
      {
        "type": "condition",
        "if_true": {
          "type": "minecraft:biome",
          "biome_is": [
            "nfb_dimensions:beyond_the_clouds/lush_islands",
            "nfb_dimensions:beyond_the_clouds/cherry_islands",
            "nfb_dimensions:beyond_the_clouds/dark_forest_islands",
            "nfb_dimensions:beyond_the_clouds/flower_forest_islands",
            "nfb_dimensions:beyond_the_clouds/autumnal_forest"
          ]
        },
        "then_run": {
          "type": "sequence",
          "sequence": [
            {
              "type": "condition",
              "if_true": {
                "type": "stone_depth",
                "add_surface_depth": false,
                "secondary_depth_range": 0,
                "offset": 0,
                "surface_type": "floor"
              },
              "then_run": {
                "type": "block",
                "result_state": {
                  "Name": "minecraft:grass_block",
                  "Properties": {
                    "snowy": "false"
                  }
                }
              }
            },
            {
              "type": "condition",
              "if_true": {
                "type": "stone_depth",
                "add_surface_depth": true,
                "secondary_depth_range": 0,
                "offset": 0,
                "surface_type": "floor"
              },
              "then_run": {
                "type": "minecraft:block",
                "result_state": {
                  "Name": "minecraft:dirt"
                }
              }
            }
          ]
        }
      },
      {
        "type": "condition",
        "if_true": {
          "type": "minecraft:biome",
          "biome_is": [
            "nfb_dimensions:beyond_the_clouds/frozen_grove_islands"
          ]
        },
        "then_run": {
          "type": "sequence",
          "sequence": [
            {
              "type": "condition",
              "if_true": {
                "type": "minecraft:stone_depth",
                "add_surface_depth": true,
                "secondary_depth_range": 0,
                "offset": 0,
                "surface_type": "floor"
              },
              "then_run": {
                "type": "minecraft:condition",
                "if_true": {
                  "type": "minecraft:noise_threshold",
                  "max_threshold": 0.6,
                  "min_threshold": 0.3,
                  "noise": "minecraft:powder_snow"
                },
                "then_run": {
                  "type": "minecraft:condition",
                  "if_true": {
                    "type": "minecraft:water",
                    "add_stone_depth": false,
                    "offset": 0,
                    "surface_depth_multiplier": 0
                  },
                  "then_run": {
                    "type": "minecraft:block",
                    "result_state": {
                      "Name": "minecraft:powder_snow"
                    }
                  }
                }
              }
            },
            {
              "type": "condition",
              "if_true": {
                "type": "stone_depth",
                "add_surface_depth": true,
                "secondary_depth_range": 0,
                "offset": 0,
                "surface_type": "floor"
              },
              "then_run": {
                "type": "minecraft:block",
                "result_state": {
                  "Name": "minecraft:snow_block"
                }
              }
            }
          ]
        }
      },
      {
        "type": "block",
        "result_state": {
          "Name": "minecraft:stone"
        }
      }
    ]
  }
}