{
    "type": "minecraft:crafting_shaped",
    "category": "misc",
    "key": {
      "#": {
        "item": "minecraft:crying_obsidian"
      },
      "A": {
        "item": "amarite:amarite_shard"
      },
      "B": {
        "item": "minecraft:book"
      },
      "T": {
        "item": "enchantinginfuser:enchanting_infuser"
      },
      "O": {
        "item": "minecraft:netherite_block"
      }
    },
    "pattern": [
      " B ",
      "AOA",
      "#T#"
    ],
    "result": {
      "item": "enchantinginfuser:advanced_enchanting_infuser"
    },
    "show_notification": true
  }