{
	"name": "§d§nStarlight Metabolism",
	"description": "In place of normal regeneration, you use §3Starlight§r to heal. Many of your abilities gather §3Starlight§r, but you can also generate it at the cost of hunger by crouching while you have missing health. \nOnce 5 seconds have passed without collecting §3Starlight§r, your current §3Starlight§r will be consumed, healing you and reducing the cooldown of §dEntropic§r \n§dStep§r. Reaching a full meter of §3Starlight§r will consume it instantly, fully healing you and completely negating §dEntropic Step§r's cooldown.",
	"badges": [
		{
			"sprite": "minecraft:textures/item/knowledge_book.png",
			"text": "§3Starlight§r will be consumed instantly if you gather enough of it to heal to full health. For every 5% of the §3Starlight§r meter that you consume, you'll heal 1 health and reduce §dEntropic Step§r's cooldown by 1.5 seconds."
		},
		{
			"sprite": "minecraft:textures/item/enchanted_book.png",
			"text": "Generating §3Starlight§r by crouching is one of the most reliable ways to obtain it, but has a huge cost on your hunger bar. If you don't have much food but need §3Starlight§r, it may be a better idea to rely on your other abilities to gather it."
		}
	],
	"type": "origins:multiple",
	"starlight": {
		"type": "origins:resource",
		"min": 0,
		"max": 2000,
		"start_value": 0,
		"hud_render": {
			"should_render": true,
			"sprite_location": "origins:textures/gui/community/spiderkolo/resource_bar_03.png",
			"bar_index": 18
		},
		"max_action": {
			"type": "origins:and",
			"actions": [
				{
					"type": "origins:execute_command",
					"command": "function orchid:fintris/starlight_full_heal"
				}
			]
		}
	},
	"starlight_qol": {
		"type": "origins:action_on_callback",
		"entity_action_respawned": {
			"type": "origins:and",
			"actions": [
				{
					"type": "origins:change_resource",
					"resource": "*:*_starlight",
					"change": 0,
					"operation": "set"
				},
				{
					"type": "origins:execute_command",
					"command": "tag @s add starlight.clear"
				},
				{
					"type": "origins:change_resource",
					"resource": "orchid:fintris/tp_cooldown",
					"change": 600,
					"operation": "set"
				}
			]
		},
		"entity_action_removed": {
			"type": "origins:and",
			"actions": [
				{
					"type": "origins:revoke_power",
					"power": "orchid:fintris/sharpenactual",
					"source": "orchid:fintris"
				},
				{
					"type": "origins:revoke_power",
					"power": "orchid:fintris/shocked",
					"source": "orchid:fintris"
				},
				{
					"type": "origins:revoke_power",
					"power": "orchid:fintris/blinkbenefit",
					"source": "orchid:fintris"
				},
				{
					"type": "origins:revoke_power",
					"power": "orchid:fintris/blinkgranted",
					"source": "orchid:fintris"
				},
				{
					"type": "origins:revoke_power",
					"power": "orchid:fintris/starlight_charged",
					"source": "orchid:fintris"
				},
				{
					"type": "origins:revoke_power",
					"power": "orchid:fintris/dodgerun",
					"source": "orchid:fintris"
				}
			]
		},
		"entity_action_lost": {
			"type": "origins:and",
			"actions": [
				{
					"type": "origins:revoke_power",
					"power": "orchid:fintris/sharpenactual",
					"source": "orchid:fintris"
				},
				{
					"type": "origins:revoke_power",
					"power": "orchid:fintris/shocked",
					"source": "orchid:fintris"
				},
				{
					"type": "origins:revoke_power",
					"power": "orchid:fintris/blinkbenefit",
					"source": "orchid:fintris"
				},
				{
					"type": "origins:revoke_power",
					"power": "orchid:fintris/blinkgranted",
					"source": "orchid:fintris"
				},
				{
					"type": "origins:revoke_power",
					"power": "orchid:fintris/starlight_charged",
					"source": "orchid:fintris"
				},
				{
					"type": "origins:revoke_power",
					"power": "orchid:fintris/dodgerun",
					"source": "orchid:fintris"
				}
			]
		}
	},
	"no_heal": {
		"type": "origins:disable_regen"
	},
	"timer": {
		"type": "origins:resource",
		"min": 0,
		"max": 3,
		"hud_render": {
			"should_render": false
		}
	},
	"timer_decrease": {
		"type": "origins:action_over_time",
		"interval": 2,
		"entity_action": {
			"type": "origins:change_resource",
			"resource": "*:*_timer",
			"change": -1
		}
	},
	"check": {
		"type": "origins:active_self",
		"entity_action": {
			"type": "origins:and",
			"actions": [
				{
					"type": "origins:change_resource",
					"resource": "*:*_timer",
					"change": 3
				}
			]
		},
		"cooldown": 2,
		"key": {
			"key": "key.sprint",
			"continuous": true
		}
	}
}