{
    "type": "origins:multiple",
    "tick": {
        "type": "origins:resource",
        "min": 0,
        "max": 6,
        "start_value": 6,
        "hud_render": {
            "should_render": false
        }
    },
    "loop": {
        "type": "origins:action_over_time",
        "interval": 1,
        "entity_action": {
            "type": "origins:if_else_list",
            "actions": [
                {
                    "condition": {
                        "type": "origins:resource",
                        "resource": "orchid:fintris/arry_tick",
                        "comparison": "==",
                        "compare_to": 0
                    },
                    "action": {
                        "type": "origins:revoke_power",
                        "power": "orchid:fintris/arry",
                        "source": "orchid:fintris"
                    }
                },
                {
                    "condition": {
                        "type": "origins:constant",
                        "value": true
                    },
                    "action": {
                        "type": "origins:and",
                        "actions": [
                            {
                                "type": "origins:change_resource",
                                "resource": "orchid:fintris/arry_tick",
                                "change": -1
                            },
                            {
                                "type": "origins:area_of_effect",
                                "radius": 3.5,
                                "bientity_condition": {
                                    "type": "origins:target_condition",
                                    "condition": {
                                        "type": "origins:and",
                                        "conditions": [
                                            {
                                                "type": "origins:in_tag",
                                                "tag": "minecraft:impact_projectiles"
                                            },
                                            {
                                                "type": "origins:nbt",
                                                "nbt": "{inGround:0b}"
                                            }
                                        ]
                                    }
                                },
                                "bientity_action": {
                                    "type": "origins:and",
                                    "actions": [
                                        {
                                            "type": "origins:target_action",
                                            "action": {
                                                "type": "origins:execute_command",
                                                "command": "data modify storage fintris deflectID set from entity @s Owner"
                                            }
                                        },
                                        {
                                            "type": "origins:actor_action",
                                            "action": {
                                                "type": "origins:execute_command",
                                                "command": "execute store success score #isOwner fintris.dummy1 run data modify storage fintris deflectID set from entity @s UUID"
                                            }
                                        },
                                        {
                                            "type": "origins:if_else",
                                            "condition": {
                                                "type": "origins:actor_condition",
                                                "condition": {
                                                    "type": "origins:scoreboard",
                                                    "objective": "fintris.dummy1",
                                                    "name": "#isOwner",
                                                    "comparison": "==",
                                                    "compare_to": 1
                                                }
                                            },
                                            "if_action": {
                                                "type": "origins:and",
                                                "actions": [
                                                    {
                                                        "type": "origins:target_action",
                                                        "action": {
                                                            "type": "origins:execute_command",
                                                            "command": "function orchid:fintris/deflect"
                                                        }
                                                    },
                                                    {
                                                        "type": "origins:actor_action",
                                                        "action": {
                                                            "type": "origins:execute_command",
                                                            "command": "function orchid:fintris/thing"
                                                        }
                                                    }
                                                ]
                                            }
                                        },
                                        {
                                            "type": "origins:actor_action",
                                            "action": {
                                                "type": "origins:change_resource",
                                                "resource": "orchid:fintris/track_directions_charge",
                                                "change": 1
                                            }
                                        },
                                        {
                                            "type": "origins:target_action",
                                            "action": {
                                                "type": "origins:execute_command",
                                                "command": "tag @s remove NoCooldown"
                                            }
                                        }
                                    ]
                                }
                            }
                        ]
                    }
                }
            ]
        }
    }
}