{
  "hidden": true,
  "type": "origins:multiple",
  "granted": {
    "type": "origins:invisibility",
    "render_armor": false,
    "render_outline": true
  },
  "invis": {
    "type": "origins:action_over_time",
    "entity_action": {
      "type": "origins:and",
      "actions": [
        {
          "type": "origins:revoke_power",
          "power": "orchid:fintris/backstab",
          "source": "orchid:fintris"
        }
      ]
    },
    "interval": 5
  },
  "invul": {
    "type": "origins:invulnerability",
    "damage_condition": {
      "type": "origins:and",
      "conditions": [
        {
          "type": "origins:name",
          "name": "wither",
          "inverted": true
        },
        {
          "type": "origins:name",
          "name": "player",
          "inverted": true
        },
        {
          "type": "origins:name",
          "name": "mob",
          "inverted": true
        },
        {
          "type": "origins:name",
          "name": "arrow",
          "inverted": true
        },
        {
          "type": "origins:name",
          "name": "trident",
          "inverted": true
        }
      ]
    }
  },
  "glowactive": {
    "type": "origins:modify_damage_taken",
    "damage_condition": {
      "type": "origins:or",
      "conditions": [
        {
          "type": "origins:name",
          "name": "player"
        },
        {
          "type": "origins:name",
          "name": "mob"
        },
        {
          "type": "origins:name",
          "name": "arrow"
        },
        {
          "type": "origins:name",
          "name": "trident"
        }
      ]
    },
    "modifier": {
      "operation": "set_total",
      "value": 0
    },
    "self_action": {
      "type": "origins:and",
      "actions": [
        {
          "type": "origins:trigger_cooldown",
          "power": "orchid:fintris/backstab_glowbar"
        }
      ]
    }
  },
  "frozen": {
    "type": "origins:modify_velocity",
    "modifier": {
      "value": -1,
      "operation": "multiply_total"
    },
    "axes": [
      "x",
      "z"
    ]
  },
  "glowbar": {
    "type": "origins:cooldown",
    "cooldown": 5,
    "hud_render": {
      "should_render": false
    }
  },
  "glow": {
    "type": "origins:self_glow",
    "use_teams": false,
    "red": 0.58039215686,
    "green": 0.3294117647,
    "blue": 0.70196078431,
    "bientity_condition": {
      "type": "origins:actor_condition",
      "condition": {
        "type": "origins:resource",
        "resource": "orchid:fintris/backstab_glowbar",
        "compare_to": 0,
        "comparison": ">"
      }
    }
  }
}