{
	"type": "origins:multiple",
	"revoked": {
		"type": "origins:action_on_callback",
		"entity_action_removed": {
			"type": "origins:and",
			"actions": [
				{
					"type": "origins:trigger_cooldown",
					"power": "orchid:fintris/blink_long_cooldown"
				}
			]
		}
	},
	"velocity": {
		"type": "origins:modify_velocity",
		"modifier": {
			"value": -1,
			"operation": "multiply_total"
		},
		"axes": [
			"x",
			"z",
			"y"
		]
	},
	"every_tick": {
		"type": "origins:action_over_time",
		"entity_action": {
			"type": "origins:and",
			"actions": [
				{
					"type": "origins:raycast",
					"distance": 12,
					"block": true,
					"entity": false,
					"shape_type": "visual",
					"fluid_handling": "none",
					"miss_action": {
						"type": "origins:and",
						"actions": [
							{
								"type": "origins:execute_command",
								"command": "execute anchored eyes positioned ^ ^ ^12 run execute positioned ~ ~-0.5 ~ run particle minecraft:dust 0.302 1.000 0.859 1 ~ ~1 ~0 .3 0.7 .3 0 15 force @a"
							}
						]
					},
					"command_step": 0.1,
					"command_at_hit": "function orchid:fintris/fx/rift"
				},
				{
					"type": "origins:execute_command",
					"command": "particle dust_color_transition 0.600 0.212 0.812 1 0.702 0.961 1.000 ~ ~ ~ .5 .9999 .5 0.1 15"
				}
			]
		},
		"interval": 1
	},
	"tick_down": {
		"type": "origins:action_over_time",
		"entity_action": {
			"type": "origins:and",
			"actions": [
				{
					"type": "origins:revoke_power",
					"power": "orchid:fintris/blinkgranted",
					"source": "orchid:fintris"
				},
				{
					"type": "origins:if_else",
					"condition": {
						"type": "origins:power",
						"power": "orchid:fintris/shocked",
						"source": "orchid:fintris"
					},
					"if_action": {
						"type": "origins:and",
						"actions": [
							{
								"type": "origins:execute_command",
								"command": "scoreboard players set #shockValue fintris.dummy1 45"
							},
							{
								"type": "origins:grant_power",
								"power": "orchid:fintris/shock_taxes",
								"source": "orchid:fintris"
							}
						]
					}
				},
				{
					"type": "origins:delay",
					"action": {
						"type": "origins:and",
						"actions": [
							{
								"type": "origins:raycast",
								"distance": 12,
								"block": true,
								"entity": false,
								"shape_type": "visual",
								"fluid_handling": "none",
								"miss_action": {
									"type": "origins:and",
									"actions": [
										{
											"type": "origins:execute_command",
											"command": "function orchid:fintris/fx/entrance"
										},
										{
											"type": "origins:execute_command",
											"command": "execute anchored eyes run tp @s ^ ^ ^12"
										},
										{
											"type": "origins:if_else",
											"condition": {
												"type": "origins:power",
												"power": "orchid:fintris/backstab",
												"source": "orchid:fintris"
											},
											"if_action": {
												"type": "origins:and",
												"actions": [
													{
														"type": "origins:revoke_power",
														"power": "orchid:fintris/backstab",
														"source": "orchid:fintris"
													},
													{
														"type": "origins:grant_power",
														"power": "orchid:fintris/backstab",
														"source": "orchid:fintris"
													}
												]
											},
											"else_action": {
												"type": "origins:and",
												"actions": [
													{
														"type": "origins:grant_power",
														"power": "orchid:fintris/backstab",
														"source": "orchid:fintris"
													}
												]
											}
										},
										{
											"type": "origins:delay",
											"action": {
												"type": "origins:execute_command",
												"command": "function orchid:fintris/fx/blink"
											},
											"ticks": 5
										},
										{
											"type": "origins:delay",
											"action": {
												"type": "origins:execute_command",
												"command": "particle minecraft:dust 0.302 1.000 0.859 1 ~ ~1 ~0 .3 0.7 .3 0 15 force @a"
											},
											"ticks": 5
										},
										{
											"type": "origins:extinguish"
										},
										{
											"type": "origins:set_fall_distance",
											"fall_distance": 0
										},
										{
											"type": "origins:if_else",
											"condition": {
												"type": "origins:fall_flying"
											},
											"if_action": {
												"type": "origins:and",
												"actions": [
													{
														"type": "origins:add_velocity",
														"z": 0.7,
														"space": "local"
													},
													{
														"type": "origins:execute_command",
														"command": "advancement grant @s only orchid:different"
													}
												]
											},
											"else_action": {
												"type": "origins:add_velocity",
												"set": true
											}
										},
										{
											"type": "origins:area_of_effect",
											"radius": 3,
											"bientity_action": {
												"type": "origins:and",
												"actions": [
													{
														"type": "origins:target_action",
														"action": {
															"type": "origins:and",
															"actions": [
																{
																	"type": "origins:add_velocity",
																	"z": 0.7,
																	"y": 0.2,
																	"space": "velocity"
																},
																{
																	"type": "origins:execute_command",
																	"command": "function orchid:fintris/fx/puncture"
																}
															]
														}
													},
													{
														"type": "origins:damage",
														"amount": 1,
														"source": {
															"name": "magic",
															"bypasses_armor": false,
															"unblockable": false
														}
													},
													{
														"type": "origins:actor_action",
														"action": {
															"type": "origins:and",
															"actions": [
																{
																	"type": "origins:grant_power",
																	"power": "orchid:fintris/blinkbenefit",
																	"source": "orchid:fintris"
																},
																{
																	"type": "origins:execute_command",
																	"command": "advancement grant @s only orchid:puncture"
																},
																{
																	"type": "origins:revoke_power",
																	"power": "orchid:fintris/shocked",
																	"source": "orchid:fintris"
																},
																{
																	"type": "origins:if_else",
																	"condition": {
																		"type": "origins:nbt",
																		"nbt": "{Tags:[\"starlight.clear\"]}"
																	},
																	"if_action": {
																		"type": "origins:and",
																		"actions": [
																			{
																				"type": "origins:grant_power",
																				"power": "orchid:fintris/decrease_reset",
																				"source": "orchid:fintris"
																			}
																		]
																	}
																}
															]
														}
													}
												]
											},
											"bientity_condition": {
												"type": "origins:target_condition",
												"condition": {
													"type": "origins:living"
												}
											}
										}
									]
								},
								"hit_action": {
									"type": "origins:and",
									"actions": [
										{
											"type": "origins:execute_command",
											"command": "function orchid:fintris/fx/entrance"
										},
										{
											"type": "origins:if_else",
											"condition": {
												"type": "origins:power",
												"power": "orchid:fintris/backstab",
												"source": "orchid:fintris"
											},
											"if_action": {
												"type": "origins:and",
												"actions": [
													{
														"type": "origins:revoke_power",
														"power": "orchid:fintris/backstab",
														"source": "orchid:fintris"
													},
													{
														"type": "origins:grant_power",
														"power": "orchid:fintris/backstab",
														"source": "orchid:fintris"
													}
												]
											},
											"else_action": {
												"type": "origins:and",
												"actions": [
													{
														"type": "origins:grant_power",
														"power": "orchid:fintris/backstab",
														"source": "orchid:fintris"
													}
												]
											}
										},
										{
											"type": "origins:delay",
											"action": {
												"type": "origins:execute_command",
												"command": "function orchid:fintris/fx/blink"
											},
											"ticks": 5
										},
										{
											"type": "origins:delay",
											"action": {
												"type": "origins:execute_command",
												"command": "function orchid:fintris/fx/rift"
											},
											"ticks": 5
										},
										{
											"type": "origins:extinguish"
										},
										{
											"type": "origins:add_velocity",
											"set": true
										},
										{
											"type": "origins:set_fall_distance",
											"fall_distance": 0
										},
										{
											"type": "origins:delay",
											"action": {
												"type": "origins:if_else",
												"condition": {
													"type": "origins:in_block",
													"block_condition": {
														"type": "origins:constant",
														"value": true
													}
												},
												"if_action": {
													"type": "origins:execute_command",
													"command": "function orchid:fintris/cave"
												}
											},
											"ticks": 4
										},
										{
											"type": "origins:execute_command",
											"command": "particle minecraft:dust_color_transition 0.600 0.212 0.812 1 0.702 0.961 1.000 ~ ~1 ~0 3 0.7 3 0 15 force @a"
										}
									]
								},
								"command_step": 0.1,
								"command_at_hit": "tp @s ~ ~ ~",
								"command_along_ray": "particle dust 0.302 1.000 0.859 1 ~ ~ ~ 0 0 0 1 0 force"
							}
						]
					},
					"ticks": 1
				}
			]
		},
		"interval": 9
	},
	"cancel": {
		"type": "origins:self_action_when_hit",
		"entity_action": {
			"type": "origins:and",
			"actions": [
				{
					"type": "origins:revoke_power",
					"power": "orchid:fintris/blinkgranted",
					"source": "orchid:fintris"
				},
				{
					"type": "origins:execute_command",
					"command": "title @s actionbar {\"text\":\"Blink Canceled!\",\"color\":\"light_purple\",\"bold\":false,\"italic\":false}"
				},
				{
					"type": "origins:execute_command",
					"command": "function orchid:fintris/fx/canceled"
				},
				{
					"type": "origins:execute_command",
					"command": "advancement grant @s only orchid:lolnope"
				}
			]
		},
		"cooldown": 0,
		"damage_condition": {
			"type": "origins:or",
			"conditions": [
				{
					"type": "origins:name",
					"name": "mob"
				},
				{
					"type": "origins:name",
					"name": "player"
				},
				{
					"type": "origins:name",
					"name": "arrow"
				},
				{
					"type": "origins:name",
					"name": "dragonBreath"
				},
				{
					"type": "origins:name",
					"name": "explosion"
				},
				{
					"type": "origins:name",
					"name": "fireworks"
				},
				{
					"type": "origins:name",
					"name": "trident"
				},
				{
					"type": "origins:name",
					"name": "lightningBolt"
				},
				{
					"type": "origins:name",
					"name": "anvil"
				},
				{
					"type": "origins:name",
					"name": "magic"
				},
				{
					"type": "origins:name",
					"name": "generic"
				}
			]
		}
	}
}