{
	"name": "§d§nEntropic Blink",
	"description": "Press §ePrimary§r while sprinting to activate a medium-range teleport with a brief charge time. If the teleport is unobstructed, and ends near another entity, you will activate a §bPower§r \n§bSurge§r. \n§bPower Surges§r grant §3Starlight§r, and briefly increase speed and damage by 50%.",
	"badges": [
		{
			"type": "origins:tooltip",
			"sprite": "origins:textures/gui/badge/active.png",
			"text": [
				"Activate with §b[",
				{
					"keybind": "key.origins.primary_active",
					"color": "yellow"
				},
				"§r §b+§r ",
				{
					"keybind": "key.sprint",
					"color": "yellow"
				},
				"§b]§r."
			]
		},
		{
			"sprite": "minecraft:textures/item/enchanted_book.png",
			"text": " You can tell if the teleport reached max range, allowing for a §bPower Surge§r, if the particles at the destination are blue. If they are purple instead, this means it was obstructed a block or entity."
		}
	],
	"type": "origins:multiple",
	"long_cooldown": {
		"type": "origins:cooldown",
		"cooldown": 40,
		"hud_render": {
			"should_render": true,
			"sprite_location": "origins:textures/gui/community/huang/resource_bar_01.png",
			"bar_index": 3,
			"inverted": true
		}
	},
	"activate": {
		"type": "origins:active_self",
		"entity_action": {
			"type": "origins:and",
			"actions": [
				{
					"type": "origins:grant_power",
					"power": "orchid:fintris/blinkgranted",
					"source": "orchid:fintris"
				},
				{
					"type": "origins:execute_command",
					"command": "particle minecraft:dust_color_transition 0.600 0.212 0.812 1 0.702 0.961 1.000 ~ ~1 ~ 1 1 1 0.1 20 normal"
				},
				{
					"type": "origins:if_else",
					"condition": {
						"type": "origins:resource",
						"comparison": ">",
						"resource": "*:*_state",
						"compare_to": 0
					},
					"if_action": {
						"type": "origins:execute_command",
						"command": "function orchid:fintris/fx/cancelcharge"
					}
				}
			]
		},
		"cooldown": 20,
		"hud_render": {
			"should_render": false,
			"sprite_location": "orchid:textures/gui/resource_bar.png",
			"bar_index": 4,
			"inverted": true
		},
		"condition": {
			"type": "origins:and",
			"conditions": [
				{
					"type": "origins:resource",
					"resource": "*:fintris/alien_body_timer",
					"comparison": ">",
					"compare_to": 0
				},
				{
					"type": "origins:resource",
					"comparison": "==",
					"resource": "*:*_long_cooldown",
					"compare_to": 0
				},
				{
					"type": "origins:resource",
					"comparison": "==",
					"resource": "*:fintris/tp_cooldown",
					"compare_to": 0
				}
			]
		},
		"key": {
			"key": "key.origins.primary_active"
		}
	}
}