{
    "type": "origins:simple",
    "name": "§d§nCosmic Concentration",
    "description": "Being attacked while charging §dEntropic Step§r or §dEntropic Blink§r will cancel them. Getting attacked while teleporting will not damage you, instead providing a purple outline of your body as you relocate.",
    "badges": [
        {
            "sprite": "minecraft:textures/item/knowledge_book.png",
            "text": "This can only be triggered with an attack, such as a potion or a stab."
        }
    ]
}