{
	"name": "§ke§r§n§aCredits§r§ke",
	"description": "Original creator: §fFintrisOrchid§r \nCo-creator: §fTheViralMelon§r. \nInspired By: Distorter by §fSilent04§r, and Fused by §fTheViralMelon§r. \nCoding, Design, and Descriptions assistance: §fTheViralMelon§r. \nCreator of Icon: §f8hiny§r \nMcfunction assistance: §fvexxen_§r",
	"type": "origins:action_on_callback",
	"entity_action_respawned": {
		"type": "origins:and",
		"actions": [
			{
				"type": "origins:execute_command",
				"command": "function orchid:main"
			}
		]
	},
	"entity_action_added": {
		"type": "origins:and",
		"actions": [
			{
				"type": "origins:execute_command",
				"command": "function orchid:main"
			}
		]
	},
	"entity_action_chosen": {
		"type": "origins:and",
		"actions": [
			{
				"type": "origins:execute_command",
				"command": "function orchid:main"
			}
		]
	}
}