{
    "type": "origins:multiple",
    "cancerinmyfuckingbrainhead": {
        "type": "origins:action_on_callback",
        "entity_action_gained": {
            "type": "origins:and",
            "actions": [
                {
                    "type": "origins:change_resource",
                    "resource": "orchid:fintris/starlight_decrease_resource",
                    "change": 0,
                    "operation": "set"
                },
                {
                    "type": "origins:revoke_power",
                    "power": "orchid:fintris/starlight_decrease",
                    "source": "orchid:fintris"
                },
                {
                    "type": "origins:grant_power",
                    "power": "orchid:fintris/starlight_decrease",
                    "source": "orchid:fintris"
                },
                {
                    "type": "origins:if_else",
                    "condition": {
                        "type": "origins:relative_health",
                        "comparison": "<",
                        "compare_to": 1
                    },
                    "if_action": {
                        "type": "origins:execute_command",
                        "command": "function orchid:fintris/starlight_autoheal"
                    }
                },
                {
                    "type": "origins:execute_command",
                    "command": "power remove @s orchid:fintris/decrease_reset"
                }
            ]
        }
    },
    "killyourselffuckinghatethismodkillme": {
        "type": "origins:action_over_time",
        "entity_action": {
            "type": "origins:execute_command",
            "command": "power remove @s orchid:fintris/decrease_reset"
        },
        "interval": 2
    }
}