{
    "hidden": true,
    "type": "origins:multiple",
    "count": {
        "type": "origins:resource",
        "min": 0,
        "max": 5,
        "start_value": 0,
        "hud_render": {
            "should_render": false
        },
        "max_action": {
            "type": "origins:execute_command",
            "command": "advancement grant @s only orchid:reflexes"
        }
    },
    "arrow": {
        "type": "apoli:modify_projectile_damage",
        "target_action": {
            "type": "origins:and",
            "actions": [
                {
                    "type": "origins:execute_command",
                    "command": "function orchid:fintris/fx/strike"
                },
                {
                    "type": "origins:grant_power",
                    "power": "orchid:fintris/rift_curse",
                    "source": "orchid:fintris"
                }
            ]
        },
        "self_action": {
            "type": "origins:and",
            "actions": [
                {
                    "type": "origins:change_resource",
                    "resource": "orchid:fintris/alien_body_starlight",
                    "change": 200
                },
                {
                    "type": "origins:revoke_power",
                    "power": "orchid:fintris/shocked",
                    "source": "orchid:fintris"
                },
                {
                    "type": "origins:if_else",
                    "condition": {
                        "type": "origins:nbt",
                        "nbt": "{Tags:[\"starlight.clear\"]}"
                    },
                    "if_action": {
                        "type": "origins:and",
                        "actions": [
                            {
                                "type": "origins:grant_power",
                                "power": "orchid:fintris/decrease_reset",
                                "source": "orchid:fintris"
                            }
                        ]
                    }
                },
                {
                    "type": "origins:execute_command",
                    "command": "advancement grant @s only orchid:bug"
                }
            ]
        },
        "damage_condition": {
            "type": "origins:projectile",
            "projectile_condition": {
                "type": "origins:nbt",
                "nbt": "{Tags:['EC.deflected']}"
            }
        }
    }
}