{
    "type": "origins:multiple",
    "action": {
        "type": "origins:action_over_time",
        "entity_action": {
            "type": "origins:grant_power",
            "power": "orchid:fintris/arry",
            "source": "orchid:fintris"
        },
        "interval": 1
    },
    "remove":{
        "type": "origins:action_over_time",
        "interval": 3,
        "entity_action": {
            "type": "origins:revoke_power",
            "power": "orchid:fintris/dodgerun",
            "source": "orchid:fintris"
        }
    }
}