{
    "type": "origins:multiple",
    "starlit": {
        "type": "origins:modify_damage_dealt",
        "modifier": {
            "operation": "multiply_total_multiplicative",
            "value": 0.25
        },
        "damage_condition": {
            "type": "origins:name",
            "name": "player"
        },
        "condition": {
            "type": "origins:and",
            "conditions": [
                {
                    "type": "origins:equipped_item",
                    "equipment_slot": "mainhand",
                    "item_condition": {
                        "type": "origins:has_power",
                        "power": "orchid:fintris/doused"
                    }
                },
                {
                    "type": "origins:origin",
                    "origin": "orchid:fintris"
                }
            ]
        },
        "self_action": {
            "type": "origins:and",
            "actions": [
                {
                    "type": "origins:equipped_item_action",
                    "equipment_slot": "mainhand",
                    "action": {
                        "type": "origins:modify",
                        "modifier": "orchid:remove"
                    }
                },
                {
                    "type": "origins:change_resource",
                    "resource": "orchid:fintris/alien_body_starlight",
                    "change": 500
                },
                {
                    "type": "origins:if_else",
                    "condition": {
                        "type": "origins:nbt",
                        "nbt": "{Tags:[\"starlight.clear\"]}"
                    },
                    "if_action": {
                        "type": "origins:and",
                        "actions": [
                            {
                                "type": "origins:grant_power",
                                "power": "orchid:fintris/decrease_reset",
                                "source": "orchid:fintris"
                            }
                        ]
                    }
                }
            ]
        },
        "target_action": {
            "type": "origins:execute_command",
            "command": "function orchid:fintris/fx/spew"
        }
    },
    "projectile": {
        "type": "apoli:modify_projectile_damage",
        "condition": {
            "type": "origins:and",
            "conditions": [
                {
                    "type": "origins:equipped_item",
                    "equipment_slot": "mainhand",
                    "item_condition": {
                        "type": "origins:has_power",
                        "power": "orchid:fintris/doused"
                    }
                },
                {
                    "type": "origins:origin",
                    "origin": "orchid:fintris"
                }
            ]
        },
        "self_action": {
            "type": "origins:and",
            "actions": [
                {
                    "type": "origins:equipped_item_action",
                    "equipment_slot": "mainhand",
                    "action": {
                        "type": "origins:modify",
                        "modifier": "orchid:remove"
                    }
                },
                {
                    "type": "origins:change_resource",
                    "resource": "orchid:fintris/alien_body_starlight",
                    "change": 500
                },
                {
                    "type": "origins:if_else",
                    "condition": {
                        "type": "origins:nbt",
                        "nbt": "{Tags:[\"starlight.clear\"]}"
                    },
                    "if_action": {
                        "type": "origins:and",
                        "actions": [
                            {
                                "type": "origins:grant_power",
                                "power": "orchid:fintris/decrease_reset",
                                "source": "orchid:fintris"
                            }
                        ]
                    }
                }
            ]
        },
        "target_action": {
            "type": "origins:execute_command",
            "command": "function orchid:fintris/fx/spew"
        },
        "modifier": {
            "operation": "multiply_total_multiplicative",
            "value": 0.25
        }
    },
    "eat_food": {
        "type": "origins:action_on_item_use",
        "entity_action": {
            "type": "origins:and",
            "actions": [
                {
                    "type": "origins:execute_command",
                    "command": "function orchid:fintris/fx/bottle"
                },
                {
                    "type": "origins:if_else",
                    "condition": {
                        "type": "origins:power",
                        "power": "orchid:fintris/starlight_charged",
                        "source": "orchid:fintris"
                    },
                    "if_action": {
                        "type": "origins:and",
                        "actions": [
                            {
                                "type": "origins:revoke_power",
                                "power": "orchid:fintris/starlight_charged",
                                "source": "orchid:fintris"
                            },
                            {
                                "type": "origins:grant_power",
                                "power": "orchid:fintris/starlight_charged",
                                "source": "orchid:fintris"
                            }
                        ]
                    },
                    "else_action": {
                        "type": "origins:grant_power",
                        "power": "orchid:fintris/starlight_charged",
                        "source": "orchid:fintris"
                    }
                },
                {
                    "type": "origins:if_else",
                    "condition": {
                        "type": "origins:nbt",
                        "nbt": "{Tags:[\"starlight.clear\"]}"
                    },
                    "if_action": {
                        "type": "origins:and",
                        "actions": [
                            {
                                "type": "origins:grant_power",
                                "power": "orchid:fintris/decrease_reset",
                                "source": "orchid:fintris"
                            }
                        ]
                    }
                }
            ]
        },
        "item_condition": {
            "type": "origins:and",
            "conditions": [
                {
                    "type": "origins:has_power",
                    "power": "orchid:fintris/doused"
                },
                {
                    "type": "origins:food"
                }
            ]
        },
        "condition": {
            "type": "origins:origin",
            "origin": "orchid:fintris"
        }
    },
    "thisguyislame": {
        "type": "origins:action_over_time",
        "interval": 1,
        "entity_action": {
            "type": "origins:and",
            "actions": [
                {
                    "type": "origins:execute_command",
                    "command": "particle dust 0.467 0.000 1.000 1 ~ ~.8 ~ 0.3 -0.6 0.3 0.1 1 force"
                }
            ]
        },
        "condition": {
            "type": "origins:and",
            "conditions": [
                {
                    "type": "origins:equipped_item",
                    "equipment_slot": "mainhand",
                    "item_condition": {
                        "type": "origins:has_power",
                        "power": "orchid:fintris/doused"
                    }
                }
            ]
        }
    }
}