{
    "hidden": true,
    "type": "origins:action_on_callback",
    "entity_action_added": {
        "type": "origins:and",
        "actions": [
            {
                "type": "origins:change_resource",
                "resource": "orchid:fintris/starlight_increase_resource",
                "change": 0,
                "operation": "set"
            },
            {
                "type": "origins:revoke_power",
                "power": "orchid:fintris/starlight_increase",
                "source": "orchid:fintris"
            },
            {
                "type": "origins:grant_power",
                "power": "orchid:fintris/starlight_increase",
                "source": "orchid:fintris"
            },
            {
                "type": "origins:revoke_power",
                "power": "orchid:fintris/increase_reset",
                "source": "orchid:fintris"
            }
        ]
    }
}