{
    "type": "origins:action_over_time",
    "interval": 1,
    "entity_action": {
        "type": "origins:and",
        "actions": [
            {
                
                "type": "origins:if_else",
                "condition": {
                    "type": "origins:resource",
                    "resource": "orchid:fintris/track_directions_charge",
                    "comparison": "<",
                    "compare_to": 2
                },
                "if_action": {
                    "type": "origins:change_resource",
                    "resource": "orchid:fintris/track_directions_cooldown",
                    "change": 1
                }
            },
            {
                "type": "origins:if_else",
                "condition": {
                    "type": "origins:command",
                    "command": "execute if entity @s[tag=secondary] run scoreboard players get 1 num",
                    "comparison": "==",
                    "compare_to": 1
                },
                "if_action": {
                    "type": "origins:and",
                    "actions": [
                        {
                            "type": "origins:execute_command",
                            "command": "function orchid:fintris/fx/entrance"
                        },
                        {
                            "type": "origins:execute_command",
                            "command": "execute at @s run function orchid:secondary"
                    
                        },
                        {
                            "type": "origins:if_else",
                            "condition": {
                                "type": "origins:fall_flying"
                            },
                            "if_action": {
                                "type": "origins:and",
                                "actions": [
                                    {
                                        "type": "origins:add_velocity",
                                        "z": 0.7,
                                        "space": "local"
                                    },
                                    {
                                        "type": "origins:execute_command",
                                        "command": "advancement grant @s only orchid:different"
                                    }
                                ]
                            }
                        },
                        {
                            "type": "origins:if_else",
                            "condition": {
                                "type": "origins:power",
                                "power": "orchid:fintris/backstab",
                                "source": "orchid:fintris"
                            },
                            "if_action": {
                                "type": "origins:and",
                                "actions": [
                                    {
                                        "type": "origins:revoke_power",
                                        "power": "orchid:fintris/backstab",
                                        "source": "orchid:fintris"
                                    },
                                    {
                                        "type": "origins:grant_power",
                                        "power": "orchid:fintris/backstab",
                                        "source": "orchid:fintris"
                                    }
                                ]
                            },
                            "else_action": {
                                "type": "origins:and",
                                "actions": [
                                    {
                                        "type": "origins:grant_power",
                                        "power": "orchid:fintris/backstab",
                                        "source": "orchid:fintris"
                                    }
                                ]
                            }
                        },
                        {
                            "type": "origins:delay",
                            "action": {
                                "type": "origins:execute_command",
                                "command": "function orchid:fintris/fx/dodge"
                            },
                            "ticks": 3
                        },
                        {
                            "type": "origins:and",
                            "actions": [
                                {
                                    "type": "origins:grant_power",
                                    "power": "orchid:fintris/arry",
                                    "source": "orchid:fintris"
                                },
                                {
                                    "type": "origins:execute_command",
                                    "command": "function orchid:fintris/fx/deflect"
                                }
                            ]
                        },
                        {
                            "type": "origins:delay",
                            "action": {
                                "type": "origins:and",
                                "actions": [
                                    {
                                        "type": "origins:grant_power",
                                        "power": "orchid:fintris/arry",
                                        "source": "orchid:fintris"
                                    },
                                    {
                                        "type": "origins:execute_command",
                                        "command": "function orchid:fintris/fx/deflect"
                                    }
                                ]
                            },
                            "ticks": 3
                        },
                        {
                            "type": "origins:grant_power",
                            "power": "orchid:fintris/dodgerun",
                            "source": "orchid:fintris"
                        },
                        {
                            "type": "origins:if_else",
                            "condition": {
                                "type": "origins:nbt",
                                "nbt": "{Tags:[\"starlight.clear\"]}"
                            },
                            "if_action": {
                                "type": "origins:and",
                                "actions": [
                                    {
                                        "type": "origins:grant_power",
                                        "power": "orchid:fintris/decrease_reset",
                                        "source": "orchid:fintris"
                                    }
                                ]
                            }
                        },
                        {
                            "type": "origins:extinguish"
                        },
                        {
                            "type": "origins:set_fall_distance",
                            "fall_distance": 0
                        },
                        {
                            "type": "origins:if_else",
                            "condition": {
                                "type": "origins:power",
                                "power": "orchid:fintris/shocked",
                                "source": "orchid:fintris"
                            },
                            "if_action": {
                                "type": "origins:and",
                                "actions": [
                                    {
                                        "type": "origins:execute_command",
                                        "command": "scoreboard players set #shockValue fintris.dummy1 15"
                                    },
                                    {
                                        "type": "origins:grant_power",
                                        "power": "orchid:fintris/shock_taxes",
                                        "source": "orchid:fintris"
                                    }
                                ]
                            }
                        }
                    ]
                }
            },
            {
                "type": "origins:execute_command",
                "command": "function orchid:remove_tags"
            }
        ]
    },
    "name": "§d§nEntropic Dodge",
    "description": "Press §eSecondary§r to activate a short-ranged spacial jump in the direction you're moving. This can be used twice before it needs to recharge. \nThroughout the jump, you will deflect all projectiles that come your way back to their owners, granting you §3Starlight§r and inflicting §5Void Sepsis§r onto the recipient.",
    "badges": [
        {
            "type": "origins:tooltip",
            "sprite": "origins:textures/gui/badge/active.png",
            "text": [
                "Activate with §b[",
                {
                    "keybind": "key.origins.secondary_active",
                    "color": "yellow"
                },
                "§b]§r."
            ]
        },
        {
            "sprite": "minecraft:textures/item/knowledge_book.png",
            "text": "In addition to directional inputs, holding §eSneak§r will cause a downwards jump, and holding §eJump§r will cause an upwards one. Unlike §dEntropic Step§r and Blink, the jump can travel through walls."
        }
    ]
}