{
    "name": "§d§nVoid Sepsis",
    "description": "§5Infinite Potential§r and §dEntropic Dodge§r's arrow deflect can each inflict §5Void Sepsis§r for 5 seconds, preventing targets from healing for the duration. \nAfflicted entities will glow purple while visible. \nYou are able to siphon §3Starlight§r from creatures with §5Void Sepsis§r, the amount gained is dependent on power of the attack.",
    "type": "origins:multiple",
    "rift_punch": {
        "type": "origins:action_on_hit",
        "bientity_action": {
            "type": "origins:target_action",
            "action": {
                "type": "origins:and",
                "actions": [
                    {
                        "type": "origins:add_velocity",
                        "z": 2,
                        "y": 0.2,
                        "space": "velocity"
                    },
                    {
                        "type": "origins:execute_command",
                        "command": "function orchid:fintris/fx/punch"
                    }
                ]
            }
        },
        "condition": {
            "type": "origins:and",
            "conditions": [
                {
                    "type": "origins:equipped_item",
                    "equipment_slot": "mainhand",
                    "item_condition": {
                        "type": "origins:ingredient",
                        "ingredient": {
                            "item": "minecraft:air"
                        }
                    }
                },
                {
                    "type": "origins:or",
                    "conditions": [
                        {
                            "type": "origins:resource",
                            "resource": "orchid:fintris/tp_state",
                            "compare_to": 0,
                            "comparison": ">"
                        },
                        {
                            "type": "origins:resource",
                            "resource": "orchid:fintris/tp_storecharge",
                            "compare_to": 0,
                            "comparison": ">"
                        }
                    ]
                }
            ]
        }
    },
    "advancement": {
        "type": "origins:self_action_on_hit",
        "entity_action": {
            "type": "origins:and",
            "actions": [
                {
                    "type": "origins:execute_command",
                    "command": "advancement grant @s only orchid:punch"
                },
                {
                    "type": "origins:change_resource",
                    "resource": "orchid:fintris/tp_storecharge",
                    "change": -30
                }
            ]
        },
        "condition": {
            "type": "origins:and",
            "conditions": [
                {
                    "type": "origins:equipped_item",
                    "equipment_slot": "mainhand",
                    "item_condition": {
                        "type": "origins:ingredient",
                        "ingredient": {
                            "item": "minecraft:air"
                        }
                    }
                },
                {
                    "type": "origins:or",
                    "conditions": [
                        {
                            "type": "origins:resource",
                            "resource": "orchid:fintris/tp_state",
                            "compare_to": 0,
                            "comparison": ">"
                        },
                        {
                            "type": "origins:resource",
                            "resource": "orchid:fintris/tp_storecharge",
                            "compare_to": 0,
                            "comparison": ">"
                        }
                    ]
                }
            ]
        },
        "cooldown": 20
    },
    "siphon": {
        "type": "origins:action_on_hit",
        "bientity_action": {
            "type": "origins:and",
            "actions": [
                {
                    "type": "origins:actor_action",
                    "action": {
                        "type": "origins:delay",
                        "action": {
                            "type": "origins:and",
                            "actions": [
                                {
                                    "type": "apoli:execute_command",
                                    "command": "scoreboard players operation @s EC.DealtDamage *= #5 fintris.dummy1"
                                },
                                {
                                    "type": "origins:execute_command",
                                    "command": "resource operation @s orchid:fintris/alien_body_starlight += @s EC.DealtDamage"
                                },
                                {
                                    "type": "origins:execute_command",
                                    "command": "scoreboard players set @s EC.DealtDamage 0"
                                },
                                {
                                    "type": "origins:execute_command",
                                    "command": "particle dust 0.467 0.000 1.000 1 ~ ~.8 ~ 0.3 -0.6 0.3 1 10 force"
                                }
                            ]
                        },
                        "ticks": 1
                    }
                },
                {
                    "type": "origins:target_action",
                    "action": {
                        "type": "origins:execute_command",
                        "command": "function orchid:fintris/fx/siphon"
                    }
                }
            ]
        },
        "bientity_condition": {
            "type": "origins:target_condition",
            "condition": {
                "type": "origins:power",
                "power": "orchid:fintris/rift_curse"
            }
        }
    }
}