{
    "hidden": true,
    "type": "origins:multiple",
    "leave": {
        "type": "origins:action_on_callback",
        "entity_action_removed": {
            "type": "origins:trigger_cooldown",
            "power": "*:fintris/tp_cooldown"
        }
    },
    "sharpen_decrease": {
        "type": "origins:action_over_time",
        "interval": 60,
        "entity_action": {
            "type": "origins:revoke_power",
            "power": "orchid:fintris/sharpenactual",
            "source": "orchid:fintris"
        }
    },
    "damage_grant": {
        "type": "origins:action_over_time",
        "interval": 1,
        "entity_action": {
            "type": "origins:area_of_effect",
            "radius": 10,
            "bientity_action": {
                "type": "origins:and",
                "actions": [
                    {
                        "type": "origins:target_action",
                        "action": {
                            "type": "origins:and",
                            "actions": [
                                {
                                    "type": "origins:grant_power",
                                    "power": "orchid:fintris/hurt",
                                    "source": "orchid:fintris"
                                }
                            ]
                        }
                    }
                ]
            },
            "bientity_condition": {
                "type": "origins:target_condition",
                "condition": {
                    "type": "origins:living"
                }
            }
        },
        "condition": {
            "type": "origins:and",
            "conditions": [
                {
                    "type": "origins:equipped_item",
                    "equipment_slot": "mainhand",
                    "item_condition": {
                        "type": "origins:ingredient",
                        "ingredient": {
                            "item": "minecraft:air"
                        }
                    },
                    "inverted": true
                }
            ]
        }
    },
    "raw_power": {
        "type": "origins:shaking"
    },
    "target_effect": {
        "type": "origins:action_on_hit",
        "bientity_action": {
            "type": "origins:and",
            "actions": [
                {
                    "type": "origins:actor_action",
                    "action": {
                        "type": "origins:and",
                        "actions": [
                            {
                                "type": "origins:revoke_power",
                                "power": "orchid:fintris/sharpenactual",
                                "source": "orchid:fintris"
                            },
                            {
                                "type": "origins:change_resource",
                                "resource": "orchid:fintris/alien_body_starlight",
                                "change": 1250
                            },
                            {
                                "type": "origins:revoke_power",
                                "power": "orchid:fintris/shocked",
                                "source": "orchid:fintris"
                            },
                            {
                                "type": "origins:trigger_cooldown",
                                "power": "*:fintris/tp_cooldown"
                            },
                            {
                                "type": "origins:execute_command",
                                "command": "particle dust 0.467 0.000 1.000 1 ~ ~ ~ 0.3 0.8 0.3 0.1 15 force"
                            },
                            {
                                "type": "origins:if_else",
                                "condition": {
                                    "type": "origins:nbt",
                                    "nbt": "{Tags:[\"starlight.clear\"]}"
                                },
                                "if_action": {
                                    "type": "origins:and",
                                    "actions": [
                                        {
                                            "type": "origins:grant_power",
                                            "power": "orchid:fintris/decrease_reset",
                                            "source": "orchid:fintris"
                                        }
                                    ]
                                }
                            },
                            {
                                "type": "origins:execute_command",
                                "command": "advancement grant @s only orchid:sharp"
                            },
                            {
                                "type": "origins:execute_command",
                                "command": "function orchid:fintris/fx/strike_self"
                            }
                        ]
                    }
                },
                {
                    "type": "origins:target_action",
                    "action": {
                        "type": "origins:and",
                        "actions": [
                            {
                                "type": "origins:execute_command",
                                "command": "function orchid:fintris/fx/strike"
                            },
                            {
                                "type": "origins:grant_power",
                                "power": "orchid:fintris/rift_curse",
                                "source": "orchid:fintris"
                            }
                        ]
                    }
                }
            ]
        },
        "cooldown": 0,
        "hud_render": {
            "should_render": false,
            "bar_index": 5
        },
        "condition": {
            "type": "origins:and",
            "conditions": [
                {
                    "type": "origins:equipped_item",
                    "equipment_slot": "mainhand",
                    "item_condition": {
                        "type": "origins:ingredient",
                        "ingredient": {
                            "item": "minecraft:air"
                        }
                    },
                    "inverted": true
                }
            ]
        }
    },
    "rift_punch": {
        "type": "origins:action_on_hit",
        "bientity_action": {
            "type": "origins:target_action",
            "action": {
                "type": "origins:and",
                "actions": [
                    {
                        "type": "origins:add_velocity",
                        "z": 2,
                        "y": 0.2,
                        "space": "velocity"
                    },
                    {
                        "type": "origins:execute_command",
                        "command": "function orchid:fintris/fx/punch"
                    }
                ]
            }
        },
        "condition": {
            "type": "origins:and",
            "conditions": [
                {
                    "type": "origins:equipped_item",
                    "equipment_slot": "mainhand",
                    "item_condition": {
                        "type": "origins:ingredient",
                        "ingredient": {
                            "item": "minecraft:air"
                        }
                    }
                }
            ]
        }
    },
    "advancement": {
        "type": "origins:self_action_on_hit",
        "entity_action": {
            "type": "origins:and",
            "actions": [
                {
                    "type": "origins:execute_command",
                    "command": "advancement grant @s only orchid:punch"
                },
                {
                    "type": "origins:change_resource",
                    "resource": "orchid:fintris/tp_storecharge",
                    "change": -30
                }
            ]
        },
        "condition": {
            "type": "origins:and",
            "conditions": [
                {
                    "type": "origins:equipped_item",
                    "equipment_slot": "mainhand",
                    "item_condition": {
                        "type": "origins:ingredient",
                        "ingredient": {
                            "item": "minecraft:air"
                        }
                    }
                }
            ]
        },
        "cooldown": 20
    },
    "overlay": {
        "type": "origins:overlay",
        "texture": "minecraft:textures/misc/nausea.png",
        "strength": 0.4,
        "red": 0.4431372549,
        "green": 0,
        "blue": 0.72156862745,
        "draw_mode": "nausea",
        "draw_phase": "above_hud",
        "hide_with_hud": false,
        "visible_in_third_person": false
    },
    "glow": {
        "type": "origins:self_glow",
        "bientity_condition": {
            "type": "origins:can_see"
        },
        "use_teams": false,
        "red": 0.4431372549,
        "green": 0,
        "blue": 0.72156862745
    },
    "particles_passive": {
        "type": "origins:particle",
        "particle": {
            "type": "minecraft:soul_fire_flame"
        },
        "frequency": 3,
        "condition": {
            "type": "origins:and",
            "conditions": [
                {
                    "type": "origins:invisible",
                    "inverted": true
                },
                {
                    "type": "origins:sprinting",
                    "inverted": true
                },
                {
                    "type": "origins:fall_flying",
                    "inverted": true
                }
            ]
        }
    },
    "sprinting_particles_passive": {
        "type": "origins:particle",
        "particle": {
            "type": "minecraft:soul_fire_flame"
        },
        "frequency": 1,
        "condition": {
            "type": "origins:and",
            "conditions": [
                {
                    "type": "origins:invisible",
                    "inverted": true
                },
                {
                    "type": "origins:or",
                    "conditions": [
                        {
                            "type": "origins:sprinting"
                        },
                        {
                            "type": "origins:fall_flying"
                        }
                    ]
                }
            ]
        }
    },
    "traitor": {
        "type": "origins:self_action_on_kill",
        "entity_action": {
            "type": "origins:execute_command",
            "command": "advancement grant @s only orchid:traitor"
        },
        "cooldown": 0,
        "hud_render": {
            "should_render": false,
            "sprite_location": "origins:textures/gui/community/spiderkolo/resource_bar_01.png",
            "bar_index": 5
        },
        "target_condition": {
            "type": "origins:and",
            "conditions": [
                {
                    "type": "origins:origin",
                    "origin": "orchid:fintris",
                    "layer": "origins:origin"
                },
                {
                    "type": "origins:power",
                    "power": "orchid:fintris/rift_curse"
                }
            ]
        }
    }
}