{
    "name": "§d§nShock",
    "description": "Taking heavy damage causes you to enter §cShock§r for 4 seconds. While §cShocked§r, using §dEntropic Step§r, Blink, and Dodge will drain your §3Starlight§r -- if you run out of §3Starlight§r, this will damage you instead.\n§cShock§r can be instantly cleared by activating a §bPower Surges§r or arrow deflect, or by hitting an entity while in §5Infinite Potential§r.",
    "badges": [
        {
            "sprite": "minecraft:textures/item/knowledge_book.png",
            "text": "The exact threshold for triggering §cShock§r is 4 damage. This calculation does not factor in your armor or other damage reduction, and environmental damage will not trigger it."
        },
        {
            "sprite": "minecraft:textures/item/enchanted_book.png",
            "text": "While §cShock§r can be quickly cleared by use of your teleports, this will still incur the §3Starlight§r or health cost for using them. If you'd rather not lose any, it may be better to just wait out the 4 second timer."
        }
    ],
    "type": "origins:multiple",
    "activation": {
        "type": "origins:self_action_when_hit",
        "entity_action": {
            "type": "origins:and",
            "actions": [
                {
                    "type": "origins:grant_power",
                    "power": "orchid:fintris/shocked",
                    "source": "orchid:fintris"
                },
                {
                    "type": "origins:execute_command",
                    "command": "function orchid:fintris/fx/entershock"
                },
                {
                    "type": "origins:execute_command",
                    "command": "advancement grant @s only orchid:shocked"
                }
            ]
        },
        "damage_condition": {
            "type": "origins:and",
            "conditions": [
                {
                    "type": "origins:amount",
                    "comparison": ">=",
                    "compare_to": 4
                },
                {
                    "type": "origins:or",
                    "conditions": [
                        {
                            "type": "origins:name",
                            "name": "mob"
                        },
                        {
                            "type": "origins:name",
                            "name": "player"
                        },
                        {
                            "type": "origins:name",
                            "name": "arrow"
                        },
                        {
                            "type": "origins:name",
                            "name": "dragonBreath"
                        },
                        {
                            "type": "origins:name",
                            "name": "explosion"
                        },
                        {
                            "type": "origins:name",
                            "name": "fireworks"
                        },
                        {
                            "type": "origins:name",
                            "name": "trident"
                        },
                        {
                            "type": "origins:name",
                            "name": "lightningBolt"
                        },
                        {
                            "type": "origins:name",
                            "name": "anvil"
                        },
                        {
                            "type": "origins:name",
                            "name": "magic"
                        },
                        {
                            "type": "origins:name",
                            "name": "generic"
                        }
                    ]
                }
            ]
        },
        "cooldown": 1,
        "hud_render": {
            "should_render": false
        },
        "condition": {
            "type": "origins:and",
            "conditions": [
                {
                    "type": "origins:power",
                    "power": "orchid:fintris/shocked",
                    "source": "orchid:fintris",
                    "inverted": true
                },
                {
                    "type": "origins:power",
                    "power": "orchid:fintris/starlight_charged",
                    "source": "orchid:fintris",
                    "inverted": true
                }
            ]
        }
    }
}