{
    "type": "origins:multiple",
    "callback": {
        "type": "origins:action_on_callback",
        "entity_action_removed": {
            "type": "origins:and",
            "actions": [
                {
                    "type": "origins:execute_command",
                    "command": "function orchid:fintris/fx/exitshock"
                }
            ]
        }
    },
    "deplete": {
        "type": "origins:action_over_time",
        "interval": 1,
        "entity_action": {
            "type": "origins:change_resource",
            "resource": "*:fintris/shocked_time",
            "change": -1
        }
    },
    "time": {
        "type": "origins:resource",
        "min": 0,
        "max": 80,
        "start_value": 80,
        "hud_render": {
            "should_render": false,
            "sprite_location": "origins:textures/gui/community/spiderkolo/resource_bar_01.png",
            "bar_index": 19
        },
        "min_action": {
            "type": "origins:revoke_power",
            "power": "orchid:fintris/shocked",
            "source": "orchid:fintris"
        }
    },
    "damage": {
        "type": "origins:action_when_hit",
        "bientity_action": {
            "type": "apoli:target_action",
            "action": {
                "type": "origins:and",
                "actions": [
                    {
                        "type": "origins:change_resource",
                        "resource": "*:*_time",
                        "change": 80,
                        "operation": "set"
                    },
                    {
                        "type": "origins:execute_command",
                        "command": "function orchid:fintris/fx/resetshock"
                    }
                ]
            }
        }
    },
    "overlay": {
        "type": "origins:overlay",
        "texture": "minecraft:textures/misc/nausea.png",
        "strength": 0.4,
        "red": 0.98823529411,
        "green": 0.15686274509,
        "blue": 0.28235294117 ,
        "draw_mode": "nausea",
        "draw_phase": "above_hud",
        "hide_with_hud": false,
        "visible_in_third_person": false
    },
    "glow": {
        "type": "origins:self_glow",
        "bientity_condition": {
            "type": "origins:can_see"
        },
        "use_teams": false,
        "red": 0.98823529411,
        "green": 0.15686274509,
        "blue": 0.28235294117,
        "condition": {
            "type": "origins:or",
            "conditions": [
                {
                    "type": "origins:power",
                    "power": "orchid:fintris/sharpenactual",
                    "source": "orchid:fintris",
                    "inverted": true
                },
                {
                    "type": "origins:power",
                    "power": "orchid:fintris/blinkbenefit",
                    "source": "orchid:fintris",
                    "inverted": true
                }
            ]
        }
    },
    "stressor":{
        "type": "origins:action_over_time",
        "interval": 200,
        "entity_action": {
         "type": "origins:execute_command",
         "command": "advancement grant @s only orchid:stressor"
        }
    },
    "particles_passive": {
		"type": "origins:particle",
		"particle": {
			"type": "minecraft:dust",
			"params": "0.988 0.157 0.282 1"
		},
		"frequency": 3,
		"condition": {
			"type": "origins:and",
			"conditions": [
				{
					"type": "origins:invisible",
					"inverted": true
				
				},
				{
					"type": "origins:sprinting",
					"inverted": true
				},
				{
					"type": "origins:fall_flying",
					"inverted": true
				}
			]
		}
	},
	"sprinting_particles_passive": {
		"type": "origins:particle",
		"particle": {
			"type": "minecraft:dust",
			"params": "0.988 0.157 0.282 1"
		},
		"frequency": 1,
		"condition": {
			"type": "origins:and",
			"conditions": [
				{
					"type": "origins:invisible",
					"inverted": true
				
				},
				{
					"type": "origins:or",
					"conditions": [
						{
							"type": "origins:sprinting"
						},
						{
							"type": "origins:fall_flying"
						}
					]
				}
			]
        }
    }
}