{
    "type": "origins:action_on_callback",
    "entity_action_gained": {
        "type": "origins:and",
        "actions": [
            {
                "type": "origins:if_else",
                "condition": {
                    "type": "origins:resource",
                    "resource": "orchid:fintris/alien_body_starlight",
                    "comparison": ">=",
                    "compare_to": 10
                },
                "if_action": {
                    "type": "origins:and",
                    "actions": [
                        {
                            "type": "origins:change_resource",
                            "resource": "orchid:fintris/alien_body_starlight",
                            "change": -10
                        },
                        {
                            "type": "origins:execute_command",
                            "command": "scoreboard players add #starlight% fintris.dummy1 1"
                        }
                    ]
                },
                "else_action": {
                    "type": "origins:and",
                    "actions": [
                        {
                            "type": "origins:damage",
                            "amount": 0.1,
                            "damage_type": "orchid:shock"
                        },
                        {
                            "type": "origins:execute_command",
                            "command": "scoreboard players add #damage*10 fintris.dummy1 1"
                        }
                    ]
                }
            },
            {
                "type": "origins:execute_command",
                "command": "scoreboard players remove #shockValue fintris.dummy1 1"
            },
            {
                "type": "origins:revoke_power",
                "power": "orchid:fintris/shock_taxes",
                "source": "orchid:fintris"
            }
        ]
    },
    "entity_action_lost": {
        "type": "origins:if_else",
        "condition": {
            "type": "origins:scoreboard",
            "objective": "fintris.dummy1",
            "name": "#shockValue",
            "comparison": ">=",
            "compare_to": 1
        },
        "if_action": {
            "type": "origins:grant_power",
            "power": "orchid:fintris/shock_taxes",
            "source": "orchid:fintris"
        },
        "else_action": {
            "type": "origins:execute_command",
            "command": "function orchid:fintris/shock_display"
        }
    }
}