{
    "hidden": true,
    "type": "origins:multiple",
    "resource": {
        "type": "origins:resource",
        "min": 0,
        "max": 5,
        "start_value": 0,
        "hud_render": {
            "should_render": false,
            "sprite_location": "origins:textures/gui/community/spiderkolo/resource_bar_03.png",
            "bar_index": 18
        },
        "max_action": {
            "type": "origins:and",
            "actions": [
                {
                    "type": "origins:execute_command",
                    "command": "function orchid:fintris/starlight_heal"
                }
            ]
        }
    },
    "tick": {
        "type": "origins:action_over_time",
        "interval": 20,
        "entity_action": {
            "type": "origins:change_resource",
            "resource": "*:*_resource",
            "change": 1
        },
        "condition": {
            "type": "origins:resource",
            "resource": "orchid:fintris/alien_body_starlight",
            "comparison": ">",
            "compare_to": 0
        }
    },
    "particle": {
        "type": "origins:action_over_time",
        "interval": 3,
        "condition": {
            "type": "origins:resource",
            "resource": "*:*_resource",
            "comparison": "==",
            "compare_to": 4
        },
        "entity_action": {
            "type": "origins:execute_command",
            "command": "function orchid:fintris/fx/secdel"
        }
    }
}