{
    "type": "origins:multiple",
    "callback": {
        "type": "origins:action_on_callback",
        "entity_action_removed": {
            "type": "origins:execute_command",
            "command": "function orchid:fintris/fx/starflight"
        },
        "entity_action_added": {
            "type": "origins:revoke_power",
            "power": "orchid:fintris/shocked",
            "source": "orchid:fintris"
        }
    },
    "particles_passive2": {
        "type": "origins:particle",
        "particle": {
            "type": "minecraft:dust",
            "params": "0.467 0.000 1.000 1"
        },
        "frequency": 3,
        "condition": {
            "type": "origins:and",
            "conditions": [
                {
                    "type": "origins:invisible",
                    "inverted": true
                },
                {
                    "type": "origins:sprinting",
                    "inverted": true
                },
                {
                    "type": "origins:fall_flying",
                    "inverted": true
                }
            ]
        }
    },
    "sprinting_particles_passive": {
        "type": "origins:particle",
        "particle": {
            "type": "minecraft:dust",
            "params": "0.467 0.000 1.000 1"
        },
        "frequency": 1,
        "condition": {
            "type": "origins:and",
            "conditions": [
                {
                    "type": "origins:invisible",
                    "inverted": true
                },
                {
                    "type": "origins:or",
                    "conditions": [
                        {
                            "type": "origins:sprinting"
                        },
                        {
                            "type": "origins:fall_flying"
                        }
                    ]
                }
            ]
        }
    },
    "charge": {
        "type": "origins:action_over_time",
        "interval": 1,
        "entity_action": {
            "type": "origins:and",
            "actions": [
                {
                    "type": "origins:change_resource",
                    "resource": "orchid:fintris/alien_body_starlight",
                    "change": 2
                },
                {
                    "type": "origins:if_else",
                    "condition": {
                        "type": "origins:nbt",
                        "nbt": "{Tags:[\"starlight.clear\"]}"
                    },
                    "if_action": {
                        "type": "origins:and",
                        "actions": [
                            {
                                "type": "origins:grant_power",
                                "power": "orchid:fintris/decrease_reset",
                                "source": "orchid:fintris"
                            }
                        ]
                    }
                },
                {
                    "type": "origins:area_of_effect",
                    "radius": 5,
                    "bientity_action": {
                        "type": "origins:and",
                        "actions": [
                            {
                                "type": "origins:target_action",
                                "action": {
                                    "type": "origins:and",
                                    "actions": [
                                        {
                                            "type": "origins:change_resource",
                                            "resource": "orchid:fintris/alien_body_starlight",
                                            "change": 2
                                        },
                                        {
                                            "type": "origins:execute_command",
                                            "command": "particle dust 0.467 0.000 1.000 1 ~ ~.8 ~ 0.3 -0.6 0.3 1 1 force"
                                        },
                                        {
                                            "type": "origins:if_else",
                                            "condition": {
                                                "type": "origins:nbt",
                                                "nbt": "{Tags:[\"starlight.clear\"]}"
                                            },
                                            "if_action": {
                                                "type": "origins:and",
                                                "actions": [
                                                    {
                                                        "type": "origins:grant_power",
                                                        "power": "orchid:fintris/decrease_reset",
                                                        "source": "orchid:fintris"
                                                    }
                                                ]
                                            }
                                        }
                                    ]
                                }
                            }
                        ]
                    },
                    "bientity_condition": {
                        "type": "origins:target_condition",
                        "condition": {
                            "type": "origins:origin",
                            "origin": "orchid:fintris"
                        }
                    }
                }
            ]
        }
    },
    "remove": {
        "type": "origins:action_over_time",
        "interval": 250,
        "entity_action": {
            "type": "origins:revoke_power",
            "power": "orchid:fintris/starlight_charged",
            "source": "orchid:fintris"
        }
    },
    "light": {
        "type": "origins:overlay",
        "texture": "minecraft:textures/misc/nausea.png",
        "strength": 0.2,
        "red": 0.46666666666,
        "green": 0,
        "blue": 1,
        "draw_mode": "nausea",
        "draw_phase": "above_hud",
        "hide_with_hud": false,
        "visible_in_third_person": false
    },
    "glow": {
        "type": "origins:self_glow",
        "bientity_condition": {
            "type": "origins:can_see"
        },
        "use_teams": false,
        "red": 0.46666666666,
        "green": 0,
        "blue": 1,
        "condition": {
            "type": "origins:or",
            "conditions": [
                {
                    "type": "origins:power",
                    "power": "orchid:fintris/sharpenactual",
                    "source": "orchid:fintris",
                    "inverted": true
                },
                {
                    "type": "origins:power",
                    "power": "orchid:fintris/blinkbenefit",
                    "source": "orchid:fintris",
                    "inverted": true
                },
                {
                    "type": "origins:power",
                    "power": "orchid:fintris/shocked",
                    "source": "orchid:fintris",
                    "inverted": true
                }
            ]
        }
    }
}