{
    "name": "§d§nStarlit Theurgy",
    "description": "By §eUsing§r a §eGlass Bottle§r while you have a little §3Starlight§r, you will bottle it. §eBottled Starlight§r can be consumed to enter a brief state in which §3Starlight§r periodically regenerates for all nearby §5Chosen§r, and §cShock§r is null. You are able to douse items in §3Starlight§r, making them hit harder and siphon it on hit, but removing the item's §3Starlight§r coating.",
    "badges": [
        {
            "sprite": "minecraft:textures/item/knowledge_book.png",
            "text": "Douse items in §3Starlight§r by §eUsing§r §eBottled Starlight§r in your offhand, and an item in your mainhand. You may also douse them in your inventory, by fusing them on top of each other. \n§eDoused Items§r increase your total damage by 25%, stacking with §bPower Surge's§r damage increase. You can only douse items that are not in a stack."
        },
        {
            "sprite": "minecraft:textures/item/enchanted_book.png",
            "text": "It is smart to stock up on §eBottled Starlight§r before a fight, as you can absorb some and continuously regenerate for a few seconds. \n§eDoused Items§r are best used when you start a fight, dealing heavy damage but taking a while to re-apply their coating of §3Starlight§r."
        }
    ],
    "type": "origins:multiple",
    "starlightparticles_passive": {
        "type": "origins:particle",
        "particle": {
            "type": "minecraft:dust_color_transition",
            "params": "0.600 0.212 0.812 1 0.663 0.980 0.871"
        },
        "frequency": 1,
        "condition": {
            "type": "origins:or",
            "conditions": [
                {
                    "type": "origins:and",
                    "conditions": [
                        {
                            "type": "origins:invisible",
                            "inverted": true
                        },
                        {
                            "type": "origins:resource",
                            "comparison": ">",
                            "resource": "*:fintris/alien_body_starlight",
                            "compare_to": 5
                        }
                    ]
                },
                {
                    "type": "origins:and",
                    "conditions": [
                        {
                            "type": "origins:equipped_item",
                            "equipment_slot": "mainhand",
                            "item_condition": {
                                "type": "origins:nbt",
                                "nbt": "{EC.Starlit:1b}"
                            }
                        },
                        {
                            "type": "origins:equipped_item",
                            "equipment_slot": "mainhand",
                            "item_condition": {
                                "type": "origins:empty"
                            },
                            "inverted": true
                        },
                        {
                            "type": "origins:invisible",
                            "inverted": true
                        }
                    ]
                }
            ]
        }
    },
    "starlight_particles_passive": {
        "type": "origins:particle",
        "particle": {
            "type": "minecraft:dust_color_transition",
            "params": "0.600 0.212 0.812 1 0.663 0.980 0.871"
        },
        "frequency": 1,
        "condition": {
            "type": "origins:and",
            "conditions": [
                {
                    "type": "origins:invisible",
                    "inverted": true
                },
                {
                    "type": "origins:resource",
                    "comparison": ">",
                    "resource": "*:fintris/alien_body_starlight",
                    "compare_to": 5
                }
            ]
        }
    },
    "bottle_cooldown": {
        "type": "origins:cooldown",
        "cooldown": 40,
        "hud_render": {
            "should_render": false
        }
    },
    "starlight_bottle": {
        "type": "origins:active_self",
        "entity_action": {
            "type": "origins:if_else",
            "condition": {
                "type": "origins:equipped_item",
                "equipment_slot": "mainhand",
                "item_condition": {
                    "type": "origins:ingredient",
                    "ingredient": {
                        "item": "glass_bottle"
                    }
                }
            },
            "if_action": {
                "type": "origins:and",
                "actions": [
                    {
                        "type": "origins:equipped_item_action",
                        "equipment_slot": "mainhand",
                        "action": {
                            "type": "origins:consume"
                        }
                    },
                    {
                        "type": "origins:give",
                        "stack": {
                            "amount": 1,
                            "item": "potion",
                            "tag": "{display:{Name:'{\"text\":\"Bottled Starlight\",\"color\":\"#9A03FF\",\"bold\":false,\"italic\":false}'},CustomPotionColor:7799039,HideFlags:32,EC.Bottle:1b}"
                        },
                        "preferred_slot": "mainhand"
                    },
                    {
                        "type": "origins:change_resource",
                        "resource": "orchid:fintris/alien_body_starlight",
                        "change": -500
                    },
                    {
                        "type": "origins:execute_command",
                        "command": "function orchid:fintris/fx/bottle_starlight"
                    },
                    {
                        "type": "origins:execute_command",
                        "command": "advancement grant @s only orchid:alchemy"
                    },
                    {
                        "type": "origins:trigger_cooldown",
                        "power": "*:*_bottle_cooldown"
                    },
                    {
                        "type": "origins:if_else",
                        "condition": {
                            "type": "origins:nbt",
                            "nbt": "{Tags:[\"starlight.clear\"]}"
                        },
                        "if_action": {
                            "type": "origins:and",
                            "actions": [
                                {
                                    "type": "origins:grant_power",
                                    "power": "orchid:fintris/decrease_reset",
                                    "source": "orchid:fintris"
                                }
                            ]
                        }
                    }
                ]
            },
            "else_action": {
                "type": "origins:if_else",
                "condition": {
                    "type": "origins:equipped_item",
                    "equipment_slot": "offhand",
                    "item_condition": {
                        "type": "origins:ingredient",
                        "ingredient": {
                            "item": "glass_bottle"
                        }
                    }
                },
                "if_action": {
                    "type": "origins:and",
                    "actions": [
                        {
                            "type": "origins:equipped_item_action",
                            "equipment_slot": "offhand",
                            "action": {
                                "type": "origins:consume"
                            }
                        },
                        {
                            "type": "origins:give",
                            "stack": {
                                "amount": 1,
                                "item": "potion",
                                "tag": "{display:{Name:'{\"text\":\"Bottled Starlight\",\"color\":\"#9A03FF\",\"bold\":false,\"italic\":false}'},CustomPotionColor:7799039,HideFlags:32,EC.Bottle:1b}"
                            },
                            "preferred_slot": "offhand"
                        },
                        {
                            "type": "origins:change_resource",
                            "resource": "orchid:fintris/alien_body_starlight",
                            "change": -500
                        },
                        {
                            "type": "origins:execute_command",
                            "command": "function orchid:fintris/fx/bottle_starlight"
                        },
                        {
                            "type": "origins:execute_command",
                            "command": "advancement grant @s only orchid:alchemy"
                        },
                        {
                            "type": "origins:trigger_cooldown",
                            "power": "*:*_bottle_cooldown"
                        },
                        {
                            "type": "origins:if_else",
                            "condition": {
                                "type": "origins:nbt",
                                "nbt": "{Tags:[\"starlight.clear\"]}"
                            },
                            "if_action": {
                                "type": "origins:and",
                                "actions": [
                                    {
                                        "type": "origins:grant_power",
                                        "power": "orchid:fintris/decrease_reset",
                                        "source": "orchid:fintris"
                                    }
                                ]
                            }
                        }
                    ]
                }
            }
        },
        "condition": {
            "type": "origins:and",
            "conditions": [
                {
                    "type": "origins:resource",
                    "resource": "orchid:fintris/alien_body_starlight",
                    "compare_to": 500,
                    "comparison": ">="
                },
                {
                    "type": "origins:raycast",
                    "distance": 4.5,
                    "block": true,
                    "entity": false,
                    "inverted": true
                },
                {
                    "type": "origins:resource",
                    "resource": "*:*_bottle_cooldown",
                    "compare_to": 0,
                    "comparison": "=="
                }
            ]
        },
        "key": {
            "key": "key.use",
            "continuous": true
        }
    },
    "bottle_pour": {
        "type": "origins:action_on_item_use",
        "entity_action": {
            "type": "origins:and",
            "actions": [
                {
                    "type": "origins:execute_command",
                    "command": "function orchid:fintris/fx/bottle"
                },
                {
                    "type": "origins:if_else",
                    "condition": {
                        "type": "origins:power",
                        "power": "orchid:fintris/shocked",
                        "source": "orchid:fintris"
                    },
                    "if_action": {
                        "type": "origins:execute_command",
                        "command": "advancement grant @s only orchid:entropee"
                    }
                },
                {
                    "type": "origins:if_else",
                    "condition": {
                        "type": "origins:power",
                        "power": "orchid:fintris/starlight_charged",
                        "source": "orchid:fintris"
                    },
                    "if_action": {
                        "type": "origins:and",
                        "actions": [
                            {
                                "type": "origins:revoke_power",
                                "power": "orchid:fintris/starlight_charged",
                                "source": "orchid:fintris"
                            },
                            {
                                "type": "origins:grant_power",
                                "power": "orchid:fintris/starlight_charged",
                                "source": "orchid:fintris"
                            }
                        ]
                    },
                    "else_action": {
                        "type": "origins:grant_power",
                        "power": "orchid:fintris/starlight_charged",
                        "source": "orchid:fintris"
                    }
                },
                {
                    "type": "origins:if_else",
                    "condition": {
                        "type": "origins:nbt",
                        "nbt": "{Tags:[\"starlight.clear\"]}"
                    },
                    "if_action": {
                        "type": "origins:and",
                        "actions": [
                            {
                                "type": "origins:grant_power",
                                "power": "orchid:fintris/decrease_reset",
                                "source": "orchid:fintris"
                            }
                        ]
                    }
                }
            ]
        },
        "item_condition": {
            "type": "origins:nbt",
            "nbt": "{EC.Bottle:1b}"
        }
    },
    "message": {
        "type": "origins:tooltip",
        "texts": [
            "§dIts essence sparkles in your eye.§r",
            "§bCauses§r §3Starlight§r§b to regenerate for nearby §5Chosen§r."
        ],
        "item_condition": {
            "type": "origins:and",
            "conditions": [
                {
                    "type": "origins:nbt",
                    "nbt": "{EC.Bottle:1b}"
                }
            ]
        }
    },
    "normal": {
        "type": "origins:tooltip",
        "texts": [
            "§dIts essence sparkles in your eye.§r",
            "§bCauses§r §3Starlight§r§b to regenerate for nearby §5Chosen§r.",
            "§4Only beneficial to§r §5Entropy's Chosen§r§4."
        ],
        "item_condition": {
            "type": "origins:and",
            "conditions": [
                {
                    "type": "origins:nbt",
                    "nbt": "{EC.Bottle:1b}"
                }
            ]
        },
        "condition": {
            "type": "origins:origin",
            "origin": "orchid:fintris",
            "inverted": true
        }
    },
    "douse_sword": {
        "type": "origins:item_on_item",
        "on_item_condition": {
            "type": "origins:and",
            "conditions": [
                {
                    "type": "origins:has_power",
                    "power": "orchid:fintris/doused",
                    "inverted": true
                },
                {
                    "type": "origins:amount",
                    "comparison": "==",
                    "compare_to": 1
                }
            ]
        },
        "using_item_condition": {
            "type": "origins:nbt",
            "nbt": "{EC.Bottle:1b}"
        },
        "using_item_action": {
            "type": "origins:consume",
            "amount": 1
        },
        "entity_action": {
            "type": "origins:and",
            "actions": [
                {
                    "type": "origins:execute_command",
                    "command": "function orchid:fintris/fx/douse"
                },
                {
                    "type": "apoli:execute_command",
                    "command": "advancement grant @s only orchid:chemistry"
                }
            ]
        },
        "on_item_action": {
            "type": "origins:modify",
            "modifier": "orchid:douse"
        },
        "result": {
            "item": "glass_bottle"
        }
    },
    "get_easy": {
        "type": "origins:active_self",
        "entity_action": {
            "type": "origins:if_else",
            "condition": {
                "type": "origins:and",
                "conditions": [
                    {
                        "type": "origins:equipped_item",
                        "equipment_slot": "offhand",
                        "item_condition": {
                            "type": "origins:nbt",
                            "nbt": "{EC.Bottle:1b}"
                        }
                    },
                    {
                        "type": "origins:equipped_item",
                        "equipment_slot": "mainhand",
                        "item_condition": {
                            "type": "origins:and",
                            "conditions": [
                                {
                                    "type": "origins:has_power",
                                    "power": "orchid:fintris/doused",
                                    "inverted": true
                                },
                                {
                                    "type": "origins:amount",
                                    "comparison": "==",
                                    "compare_to": 1
                                }
                            ]
                        }
                    }
                ]
            },
            "if_action": {
                "type": "origins:and",
                "actions": [
                    {
                        "type": "origins:equipped_item_action",
                        "equipment_slot": "offhand",
                        "action": {
                            "type": "origins:consume"
                        }
                    },
                    {
                        "type": "origins:give",
                        "stack": {
                            "amount": 1,
                            "item": "glass_bottle"
                        },
                        "preferred_slot": "offhand"
                    },
                    {
                        "type": "origins:execute_command",
                        "command": "function orchid:fintris/fx/douse"
                    },
                    {
                        "type": "origins:trigger_cooldown",
                        "power": "*:*_bottle_cooldown"
                    },
                    {
                        "type": "origins:equipped_item_action",
                        "equipment_slot": "mainhand",
                        "action": {
                            "type": "origins:modify",
                            "modifier": "orchid:douse"
                        }
                    }
                ]
            }
        },
        "key": {
            "key": "key.use",
            "continuous": true
        },
        "condition": {
            "type": "origins:and",
            "conditions": [
                {
                    "type": "origins:raycast",
                    "distance": 4.5,
                    "block": true,
                    "entity": false,
                    "inverted": true
                },
                {
                    "type": "origins:using_item",
                    "item_condition": {
                        "type": "origins:empty",
                        "inverted": true
                    },
                    "inverted": true
                },
                {
                    "type": "origins:resource",
                    "resource": "*:*_bottle_cooldown",
                    "compare_to": 0,
                    "comparison": "=="
                }
            ]
        }
    },
    "message_douse": {
        "type": "origins:tooltip",
        "texts": [
            "§dIt sparkles with a shimmering ichor.§r",
            "§bEnchances damage and siphons§r §3Starlight§r§b."
        ],
        "item_condition": {
            "type": "origins:and",
            "conditions": [
                {
                    "type": "origins:has_power",
                    "power": "orchid:fintris/doused"
                }
            ]
        }
    },
    "normal_douse": {
        "type": "origins:tooltip",
        "texts": [
            "§dIt sparkles with a shimmering ichor.§r",
            "§bEnchances damage and siphons§r §3Starlight§r§b.",
            "§4Only beneficial to§r §5Entropy's Chosen§r§4."
        ],
        "item_condition": {
            "type": "origins:and",
            "conditions": [
                {
                    "type": "origins:has_power",
                    "power": "orchid:fintris/doused"
                }
            ]
        },
        "condition": {
            "type": "origins:origin",
            "origin": "orchid:fintris",
            "inverted": true
        }
    }
}