{
    "hidden": true,
    "type": "origins:multiple",
    "resource": {
        "type": "origins:resource",
        "min": 0,
        "max": 6,
        "start_value": 0,
        "hud_render": {
            "should_render": false,
            "sprite_location": "origins:textures/gui/community/spiderkolo/resource_bar_03.png",
            "bar_index": 18
        }
    },
    "aot1": {
        "type": "origins:action_over_time",
        "interval": 2,
        "entity_action": {
            "type": "origins:and",
            "actions": [
                {
                    "type": "origins:if_else",
                    "condition": {
                        "type": "origins:and",
                        "conditions": [
                            {
                                "type": "origins:sneaking"
                            },
                            {
                                "type": "origins:on_block",
                                "block_condition": {
                                    "type": "origins:movement_blocking"
                                }
                            }
                        ]
                    },
                    "if_action": {
                        "type": "origins:and",
                        "actions": [
                            {
                                "type": "origins:if_else",
                                "condition": {
                                    "type": "origins:resource",
                                    "comparison": "<",
                                    "resource": "*:*_resource",
                                    "compare_to": 6
                                },
                                "if_action": {
                                    "type": "origins:and",
                                    "actions": [
                                        {
                                            "type": "origins:change_resource",
                                            "resource": "*:*_resource",
                                            "change": 1,
                                            "operation": "add"
                                        },
                                        {
                                            "type": "origins:execute_command",
                                            "command": "function orchid:fintris/fx/secdel"
                                        },
                                        {
                                            "type": "origins:if_else",
                                            "condition": {
                                                "type": "origins:resource",
                                                "comparison": "==",
                                                "compare_to": 6,
                                                "resource": "*:*_resource"
                                            },
                                            "if_action": {
                                                "type": "origins:if_else",
                                                "condition": {
                                                    "type": "origins:relative_health",
                                                    "comparison": "==",
                                                    "compare_to": 1
                                                },
                                                "if_action": {
                                                    "type": "origins:and",
                                                    "actions": [
                                                        {
                                                            "type": "origins:execute_command",
                                                            "command": "particle dust 1 0.000 0.000 1 ~ ~.8 ~ 0.3 -0.6 0.3 0.1 15 force"
                                                        },
                                                        {
                                                            "type": "origins:execute_command",
                                                            "command": "playsound minecraft:block.amethyst_cluster.place player @s ~ ~ ~ 1 0.52"
                                                        }
                                                    ]
                                                },
                                                "else_action": {
                                                    "type": "origins:and",
                                                    "actions": [
                                                        {
                                                            "type": "origins:execute_command",
                                                            "command": "particle dust 0.467 0.000 1.000 1 ~ ~.8 ~ 0.3 -0.6 0.3 0.1 15 force"
                                                        },
                                                        {
                                                            "type": "origins:execute_command",
                                                            "command": "playsound minecraft:block.amethyst_cluster.place player @a ~ ~ ~ 1 1.57"
                                                        }
                                                    ]
                                                }
                                            }
                                        }
                                    ]
                                },
                                "else_action": {
                                    "type": "origins:change_resource",
                                    "resource": "orchid:fintris/starlight_decrease_resource",
                                    "change": 0,
                                    "operation": "set"
                                }
                            }
                        ]
                    },
                    "else_action": {
                        "type": "origins:grant_power",
                        "power": "orchid:fintris/increase_reset",
                        "source": "orchid:fintris"
                    }
                }
            ]
        }
    },
    "aot2": {
        "type": "origins:action_over_time",
        "entity_action": {
            "type": "origins:and",
            "actions": [
                {
                    "type": "origins:change_resource",
                    "resource": "orchid:fintris/alien_body_starlight",
                    "change": 60
                },
                {
                    "type": "origins:exhaust",
                    "amount": 2
                },
                {
                    "type": "origins:grant_power",
                    "power": "orchid:fintris/decrease_reset",
                    "source": "orchid:fintris"
                }
            ]
        },
        "interval": 5,
        "condition": {
            "type": "origins:and",
            "conditions": [
                {
                    "type": "origins:resource",
                    "comparison": "==",
                    "resource": "*:*_resource",
                    "compare_to": 6
                },
                {
                    "type": "origins:resource",
                    "comparison": "<",
                    "resource": "orchid:fintris/alien_body_starlight",
                    "compare_to": 2000
                },
                {
                    "type": "origins:food_level",
                    "comparison": ">",
                    "compare_to": 0
                },
                {
                    "type": "origins:relative_health",
                    "comparison": "<",
                    "compare_to": 1
                },
                {
                    "type": "origins:sneaking"
                }
            ]
        }
    },
    "starlight_jump": {
        "type": "origins:modify_jump",
        "modifier": {
            "operation": "addition",
            "value": 0
        },
        "entity_action": {
            "type": "origins:and",
            "actions": [
                {
                    "type": "origins:grant_power",
                    "power": "orchid:fintris/increase_reset",
                    "source": "orchid:fintris"
                }
            ]
        }
    }
}