{
	"name": "§d§nStrange Energy",
	"description": "Your alien form has granted you increased sprinting speed, and the ability to negate fall damage while crouching, and total immunity to suffocation and the §eThorns§r enchantment. You do not naturally exhaust, with §3Starlight§r generation being the only way to do so. You suffer no consequences for consuming §eRotten§r\n§eFlesh§r or §eSpider Eyes§r.\nHowever, this also causes halved armor toughness and an inability to use a §eShield§r.",
	"badges": [
		{
			"sprite": "minecraft:textures/item/light.png",
			"text": "Your body has a natural purple tint, which can be disabled by typing §e/trigger modelswap§r."
		}
	],
	"return": {
		"type": "origins:action_on_callback",
		"entity_action_chosen": {
			"type": "origins:and",
			"actions": [
				{
					"type": "origins:execute_command",
					"command": "scoreboard players reset @a modelswap"
				},
				{
					"type": "origins:execute_command",
					"command": "scoreboard players reset @a changemodel"
				},
				{
					"type": "origins:execute_command",
					"command": "scoreboard players enable @a modelswap"
				}
			]
		},
		"entity_action_lost": {
			"type": "origins:and",
			"actions": [
				{
					"type": "origins:execute_command",
					"command": "scoreboard players reset @a modelswap"
				},
				{
					"type": "origins:execute_command",
					"command": "scoreboard players reset @a changemodel"
				},
				{
					"type": "origins:execute_command",
					"command": "scoreboard players enable @a modelswap"
				
				}
			]
		}
	},
	"type": "origins:multiple",
	"resource": {
		"type": "origins:resource",
		"min": 0,
		"max": 1,
		"hud_render": {
			"should_render": false
		}
	},
	"model": {
		"type": "origins:model_color",
		"red": 0.74901961,
		"green": 0.58039216,
		"blue": 0.89411765,
		"condition": {
			"type": "origins:resource",
			"resource": "*:*_resource",
			"compare_to": 0,
			"comparison": "=="
		}
	},
	"speed": {
		"type": "origins:modify_velocity",
		"axes": [
			"x",
			"z"
		],
		"modifier": {
			"operation": "multiply_base_multiplicative",
			"value": 0.12
		},
		"condition": {
			"type": "origins:and",
			"conditions": [
				{
					"type": "origins:sprinting"
				}
			]
		}
	},
	"fall": {
		"type": "origins:invulnerability",
		"damage_condition": {
			"type": "origins:name",
			"name": "fall"
		},
		"condition": {
			"type": "origins:sneaking"
		}
	},
	"landfx": {
		"type": "origins:action_on_land",
		"entity_action": {
			"type": "origins:and",
			"actions": [
				{
					"type": "origins:execute_command",
					"command": "particle minecraft:dust_color_transition 0.600 0.212 0.812 1 0.663 0.980 0.871 ~ ~ ~ 0.6 -0.4 0.6 1 20"
				},
				{
					"type": "origins:execute_command",
					"command": "particle minecraft:dust 0.455 0.243 0.639 1 ~ ~ ~ 0.6 -0.4 0.6 1 20"
				},
				{
					"type": "origins:execute_command",
					"command": "particle minecraft:soul_fire_flame ~ ~ ~ 0.6 -0.4 0.6 0 10"
				}
			]
		},
		"condition": {
			"type": "origins:and",
			"conditions": [
				{
					"type": "origins:sneaking"
				},
				{
					"type": "origins:fall_distance",
					"comparison": ">=",
					"compare_to": 4
				}
			]
		}
	},
	"suff": {
		"type": "origins:invulnerability",
		"damage_condition": {
			"type": "origins:name",
			"name": "inWall"
		},
		"condition": {
			"type": "origins:in_block",
			"block_condition": {
				"type": "origins:constant",
				"value": true
			}
		}
	},
	"hit": {
		"type": "origins:invulnerability",
		"damage_condition": {
			"type": "origins:name",
			"name": "flyIntoWall"
		},
		"condition": {
			"type": "origins:sneaking"
		}
	},
	"ihatethornssomuch": {
		"type": "origins:invulnerability",
		"damage_condition": {
			"type": "origins:and",
			"conditions": [
				{
					"type": "origins:name",
					"name": "thorns"
				},
				{
					"type": "origins:attacker",
					"entity_condition": {
						"type": "origins:or",
						"conditions": [
							{
								"type": "origins:entity_type",
								"entity_type": "minecraft:guardian"
							},
							{
								"type": "origins:entity_type",
								"entity_type": "minecraft:elder_guardian"
							}
						]
					},
					"inverted": true
				}
			]
		}
	},
	"literally_unwieldy_my_god": {
		"type": "origins:prevent_item_use",
		"item_condition": {
			"type": "origins:ingredient",
			"ingredient": {
				"tag": "origins:shields"
			}
		}
	},
	"armor_toughness": {
		"type": "origins:attribute",
		"modifier": {
			"name": "you poor soul, i feel so bad for you for looking into this power",
			"attribute": "minecraft:generic.armor_toughness",
			"value": -0.5,
			"operation": "multiply_total"
		}
	},
	"feather_adv": {
		"type": "origins:action_on_land",
		"entity_action": {
			"type": "origins:and",
			"actions": [
				{
					"type": "origins:execute_command",
					"command": "advancement grant @s only orchid:feather"
				}
			]
		},
		"condition": {
			"type": "origins:and",
			"conditions": [
				{
					"type": "origins:sneaking"
				},
				{
					"type": "origins:fall_distance",
					"comparison": ">=",
					"compare_to": 20
				}
			]
		}
	},
	"particles_passive": {
		"type": "origins:particle",
		"particle": {
			"type": "minecraft:dust",
			"params": "0.455 0.243 0.639 1"
		},
		"frequency": 3,
		"condition": {
			"type": "origins:and",
			"conditions": [
				{
					"type": "origins:invisible",
					"inverted": true
				},
				{
					"type": "origins:resource",
					"comparison": "<",
					"resource": "*:fintris/alien_body_starlight",
					"compare_to": 250
				},
				{
					"type": "origins:sprinting",
					"inverted": true
				},
				{
					"type": "origins:fall_flying",
					"inverted": true
				}
			]
		}
	},
	"sprinting_particles_passive": {
		"type": "origins:particle",
		"particle": {
			"type": "minecraft:dust",
			"params": "0.455 0.243 0.639 1"
		},
		"frequency": 1,
		"condition": {
			"type": "origins:and",
			"conditions": [
				{
					"type": "origins:invisible",
					"inverted": true
				},
				{
					"type": "origins:resource",
					"comparison": "<",
					"resource": "*:fintris/alien_body_starlight",
					"compare_to": 250
				},
				{
					"type": "origins:or",
					"conditions": [
						{
							"type": "origins:sprinting"
						},
						{
							"type": "origins:fall_flying"
						}
					]
				}
			]
		}
	},
	"mmm_decay": {
		"type": "origins:modify_food",
		"prevent_effects": true,
		"item_condition": {
			"type": "origins:ingredient",
			"ingredient": {
				"tag": "orchid:yucky"
			}
		},
		"saturation_modifier": {
			"operation": "addition",
			"value": 0.1
		},
		"food_modifier": {
			"operation": "multiply_base",
			"value": 0.5
		}
	},
	"stomachless": {
		"type": "origins:modify_exhaustion",
		"modifier": {
			"name": "Thought buried deep inside silk of thread",
			"operation": "set_total",
			"value": 0
		}
	},
	"starve": {
		"type": "origins:effect_immunity",
		"effect": "hunger"
	}
}