{
	"name": "§d§nEntropic Step",
	"description": "Press §ePrimary§r to begin channeling your power, charging a long-range teleport. Once activated, enter §5Infinite Potential§r. Your first attack in this state will pierce armor, inflict §5Void Sepsis§r, and grant a large amount of §3Starlight§r. \nOnce this ability is used, it has a lengthy cooldown, during which §dEntropic Blink§r also cannot be used.",
	"badges": [
		{
			"type": "origins:tooltip",
			"sprite": "origins:textures/gui/badge/active.png",
			"text": [
				"Charge with §b[",
				{
					"keybind": "key.origins.primary_active",
					"color": "yellow"
				},
				"§b]§r. \nCancel charging by jumping, pressing §ePrimary§r again, or by pressing your §eSprint§r key."
			]
		},
		{
			"sprite": "minecraft:textures/item/knowledge_book.png",
			"text": "Striking with a bare hand while charging §dEntropic Step§r or while in §5Infinite Potential§r will deal heavy knockback to the target. \nIf you teleport inside a block from this teleport or from §dEntropic Blink§r, you will be relocated to the nearest air block above you."
		},
		{
			"sprite": "minecraft:textures/item/enchanted_book.png",
			"text": "It can be a good idea to gather a large amount of §3Starlight§r before using this ability, such that its cooldown can be immediately reduced or negated, allowing full access to it and §dEntropic Blink§r. Even if you don't intend to teleport, you can begin charging this ability to access the high-knockback punch on a whim. "
		},
		{
			"sprite": "minecraft:textures/item/light.png",
			"text": "You can choose between a manual charge and a semi-automatic one with by typing §e/trigger chargeswap§r."
		}
	],
	"type": "origins:multiple",
	"storecharge": {
		"type": "origins:resource",
		"min": 0,
		"max": 30,
		"hud_render": {
			"should_render": true,
			"sprite_location": "origins:textures/gui/community/huang/resource_bar_01.png",
			"bar_index": 0,
			"condition": {
				"type": "origins:resource",
				"comparison": ">",
				"resource": "*:*_storecharge",
				"compare_to": 0
			}
		}
	},
	"cooldown1": {
		"type": "origins:action_over_time",
		"entity_action": {
			"type": "origins:change_resource",
			"resource": "*:*_storecharge",
			"change": -2
		},
		"interval": 1,
		"condition": {
			"type": "origins:resource",
			"resource": "*:*_held",
			"comparison": "==",
			"compare_to": 0
		}
	},
	"holdfx2": {
		"type": "origins:action_over_time",
		"entity_action": {
			"type": "origins:and",
			"actions": [
				{
					"type": "origins:execute_command",
					"command": "function orchid:fintris/fx/step_charge"
				}
			]
		},
		"interval": 1,
		"condition": {
			"type": "origins:and",
			"conditions": [
				{
					"type": "origins:or",
					"conditions": [
						{
							"type": "origins:resource",
							"resource": "*:*_held",
							"comparison": ">",
							"compare_to": 0
						},
						{
							"type": "origins:resource",
							"comparison": ">",
							"resource": "*:*_state",
							"compare_to": 0
						}
					]
				},
				{
					"type": "origins:resource",
					"resource": "*:fintris/alien_body_timer",
					"comparison": "==",
					"compare_to": 0
				},
				{
					"type": "origins:resource",
					"comparison": "==",
					"resource": "*:*_cooldown",
					"compare_to": 0
				},
				{
					"type": "origins:power",
					"power": "orchid:fintris/sharpenactual",
					"source": "orchid:fintris",
					"inverted": true
				}
			]
		}
	},
	"held": {
		"type": "origins:resource",
		"min": 0,
		"max": 3,
		"hud_render": {
			"should_render": false
		}
	},
	"timer_decrease": {
		"type": "origins:action_over_time",
		"interval": 2,
		"entity_action": {
			"type": "origins:change_resource",
			"resource": "*:*_held",
			"change": -1
		}
	},
	"check": {
		"type": "origins:active_self",
		"entity_action": {
			"type": "origins:and",
			"actions": [
				{
					"type": "origins:change_resource",
					"resource": "*:*_held",
					"change": 3
				}
			]
		},
		"cooldown": 2,
		"key": {
			"key": "key.origins.primary_active",
			"continuous": true
		},
		"condition": {
			"type": "origins:nbt",
			"nbt": "{Tags:['altbar']}"
		}
	},
	"hold": {
		"type": "origins:action_over_time",
		"entity_action": {
			"type": "origins:and",
			"actions": [
				{
					"type": "origins:change_resource",
					"resource": "*:*_storecharge",
					"change": 1
				}
			]
		},
		"rising_action": {
			"type": "origins:execute_command",
			"command": "function orchid:fintris/fx/step_charge_init"
		},
		"interval": 1,
		"condition": {
			"type": "origins:and",
			"conditions": [
				{
					"type": "origins:resource",
					"resource": "*:*_held",
					"comparison": ">",
					"compare_to": 0
				},
				{
					"type": "origins:resource",
					"resource": "*:fintris/alien_body_timer",
					"comparison": "==",
					"compare_to": 0
				},
				{
					"type": "origins:resource",
					"comparison": "==",
					"resource": "*:*_cooldown",
					"compare_to": 0
				},
				{
					"type": "origins:power",
					"power": "orchid:fintris/sharpenactual",
					"source": "orchid:fintris",
					"inverted": true
				},
				{
					"type": "origins:nbt",
					"nbt": "{Tags:['altbar']}"
				}
			]
		}
	},
	"charge2": {
		"type": "origins:active_self",
		"entity_action": {
			"type": "origins:and",
			"actions": [
				{
					"type": "origins:execute_command",
					"command": "function orchid:fintris/fx/entrance"
				},
				{
					"type": "origins:change_resource",
					"resource": "*:*_storecharge",
					"change": -30
				},
				{
					"type": "origins:if_else",
					"condition": {
						"type": "origins:power",
						"power": "orchid:fintris/backstab",
						"source": "orchid:fintris"
					},
					"if_action": {
						"type": "origins:and",
						"actions": [
							{
								"type": "origins:revoke_power",
								"power": "orchid:fintris/backstab",
								"source": "orchid:fintris"
							},
							{
								"type": "origins:grant_power",
								"power": "orchid:fintris/backstab",
								"source": "orchid:fintris"
							}
						]
					},
					"else_action": {
						"type": "origins:and",
						"actions": [
							{
								"type": "origins:grant_power",
								"power": "orchid:fintris/backstab",
								"source": "orchid:fintris"
							}
						]
					}
				},
				{
					"type": "origins:execute_command",
					"command": "scoreboard players set @s fintris.damageDealt 0"
				},
				{
					"type": "origins:execute_command",
					"command": "scoreboard players set @s fintris.damageDealtResisted 0"
				},
				{
					"type": "origins:delay",
					"action": {
						"type": "origins:if_else",
						"condition": {
							"type": "origins:in_block",
							"block_condition": {
								"type": "origins:constant",
								"value": true
							}
						},
						"if_action": {
							"type": "origins:execute_command",
							"command": "function orchid:fintris/cave"
						}
					},
					"ticks": 4
				},
				{
					"type": "origins:delay",
					"action": {
						"type": "origins:execute_command",
						"command": "function orchid:fintris/fx/step"
					},
					"ticks": 5
				},
				{
					"type": "origins:extinguish"
				},
				{
					"type": "origins:set_fall_distance",
					"fall_distance": 0
				},
				{
					"type": "origins:if_else",
					"condition": {
						"type": "origins:nbt",
						"nbt": "{Tags:[\"starlight.clear\"]}"
					},
					"if_action": {
						"type": "origins:and",
						"actions": [
							{
								"type": "origins:grant_power",
								"power": "orchid:fintris/decrease_reset",
								"source": "orchid:fintris"
							}
						]
					}
				},
				{
					"type": "origins:grant_power",
					"power": "orchid:fintris/sharpenactual",
					"source": "orchid:fintris"
				},
				{
					"type": "origins:if_else",
					"condition": {
						"type": "origins:power",
						"power": "orchid:fintris/shocked",
						"source": "orchid:fintris"
					},
					"if_action": {
						"type": "origins:if_else",
						"condition": {
							"type": "origins:power",
							"power": "orchid:fintris/shocked",
							"source": "orchid:fintris"
						},
						"if_action": {
							"type": "origins:and",
							"actions": [
								{
									"type": "origins:execute_command",
									"command": "scoreboard players set #shockValue fintris.dummy1 90"
								},
								{
									"type": "origins:grant_power",
									"power": "orchid:fintris/shock_taxes",
									"source": "orchid:fintris"
								}
							]
						}
					}
				},
				{
					"type": "origins:if_else",
					"condition": {
						"type": "origins:fall_flying"
					},
					"if_action": {
						"type": "origins:and",
						"actions": [
							{
								"type": "origins:add_velocity",
								"z": 1.7,
								"space": "local"
							},
							{
								"type": "origins:execute_command",
								"command": "advancement grant @s only orchid:different"
							}
						]
					}
				},
				{
					"type": "origins:execute_command",
					"command": "function orchid:main/ray"
				}
			]
		},
		"cooldown": 10,
		"hud_render": {
			"should_render": false,
			"sprite_location": "origins:textures/gui/community/spiderkolo/resource_bar_01.png",
			"bar_index": 2,
			"inverted": true
		},
		"condition": {
			"type": "origins:and",
			"conditions": [
				{
					"type": "origins:resource",
					"resource": "*:fintris/alien_body_timer",
					"comparison": "==",
					"compare_to": 0
				},
				{
					"type": "origins:resource",
					"comparison": "==",
					"resource": "*:*_storecharge",
					"compare_to": 30
				},
				{
					"type": "origins:resource",
					"comparison": "==",
					"resource": "*:*_cooldown",
					"compare_to": 0
				},
				{
					"type": "origins:power",
					"power": "orchid:fintris/sharpenactual",
					"source": "orchid:fintris",
					"inverted": true
				},
				{
					"type": "origins:nbt",
					"nbt": "{Tags:['altbar']}"
				}
			]
		},
		"key": {
			"key": "key.origins.primary_active",
			"continuous": true
		}
	},
	"state": {
		"type": "origins:resource",
		"min": 0,
		"max": 30,
		"start_value": 0,
		"hud_render": {
			"should_render": true,
			"sprite_location": "origins:textures/gui/community/huang/resource_bar_01.png",
			"bar_index": 0,
			"condition": {
				"type": "origins:resource",
				"comparison": ">",
				"resource": "*:*_state",
				"compare_to": 0
			}
		},
		"max_action": {
			"type": "origins:and",
			"actions": [
				{
					"type": "origins:execute_command",
					"command": "function orchid:fintris/fx/entrance"
				},
				{
					"type": "origins:change_resource",
					"resource": "*:*_charge",
					"change": 0,
					"operation": "set"
				},
				{
					"type": "origins:change_resource",
					"resource": "*:*_state",
					"change": 0,
					"operation": "set"
				},
				{
					"type": "origins:if_else",
					"condition": {
						"type": "origins:power",
						"power": "orchid:fintris/backstab",
						"source": "orchid:fintris"
					},
					"if_action": {
						"type": "origins:and",
						"actions": [
							{
								"type": "origins:revoke_power",
								"power": "orchid:fintris/backstab",
								"source": "orchid:fintris"
							},
							{
								"type": "origins:grant_power",
								"power": "orchid:fintris/backstab",
								"source": "orchid:fintris"
							}
						]
					},
					"else_action": {
						"type": "origins:and",
						"actions": [
							{
								"type": "origins:grant_power",
								"power": "orchid:fintris/backstab",
								"source": "orchid:fintris"
							}
						]
					}
				},
				{
					"type": "origins:execute_command",
					"command": "scoreboard players set @s fintris.damageDealt 0"
				},
				{
					"type": "origins:execute_command",
					"command": "scoreboard players set @s fintris.damageDealtResisted 0"
				},
				{
					"type": "origins:delay",
					"action": {
						"type": "origins:if_else",
						"condition": {
							"type": "origins:in_block",
							"block_condition": {
								"type": "origins:constant",
								"value": true
							}
						},
						"if_action": {
							"type": "origins:execute_command",
							"command": "function orchid:fintris/cave"
						}
					},
					"ticks": 4
				},
				{
					"type": "origins:delay",
					"action": {
						"type": "origins:execute_command",
						"command": "function orchid:fintris/fx/step"
					},
					"ticks": 5
				},
				{
					"type": "origins:extinguish"
				},
				{
					"type": "origins:set_fall_distance",
					"fall_distance": 0
				},
				{
					"type": "origins:if_else",
					"condition": {
						"type": "origins:nbt",
						"nbt": "{Tags:[\"starlight.clear\"]}"
					},
					"if_action": {
						"type": "origins:and",
						"actions": [
							{
								"type": "origins:grant_power",
								"power": "orchid:fintris/decrease_reset",
								"source": "orchid:fintris"
							}
						]
					}
				},
				{
					"type": "origins:grant_power",
					"power": "orchid:fintris/sharpenactual",
					"source": "orchid:fintris"
				},
				{
					"type": "origins:if_else",
					"condition": {
						"type": "origins:power",
						"power": "orchid:fintris/shocked",
						"source": "orchid:fintris"
					},
					"if_action": {
						"type": "origins:if_else",
						"condition": {
							"type": "origins:power",
							"power": "orchid:fintris/shocked",
							"source": "orchid:fintris"
						},
						"if_action": {
							"type": "origins:and",
							"actions": [
								{
									"type": "origins:execute_command",
									"command": "scoreboard players set #shockValue fintris.dummy1 90"
								},
								{
									"type": "origins:grant_power",
									"power": "orchid:fintris/shock_taxes",
									"source": "orchid:fintris"
								}
							]
						}
					}
				},
				{
					"type": "origins:if_else",
					"condition": {
						"type": "origins:fall_flying"
					},
					"if_action": {
						"type": "origins:and",
						"actions": [
							{
								"type": "origins:add_velocity",
								"z": 1.7,
								"space": "local"
							},
							{
								"type": "origins:execute_command",
								"command": "advancement grant @s only orchid:different"
							}
						]
					}
				},
				{
					"type": "origins:execute_command",
					"command": "function orchid:main/ray"
				}
			]
		}
	},
	"charge": {
		"type": "origins:resource",
		"min": 0,
		"max": 1,
		"start_value": 0,
		"hud_render": {
			"should_render": false,
			"sprite_location": "origins:textures/gui/community/spiderkolo/resource_bar_03.png",
			"bar_index": 14
		}
	},
	"build_up": {
		"type": "origins:active_self",
		"entity_action": {
			"type": "origins:and",
			"actions": [
				{
					"type": "origins:change_resource",
					"resource": "*:*_charge",
					"change": 1,
					"operation": "set"
				},
				{
					"type": "origins:execute_command",
					"command": "function orchid:fintris/fx/step_charge_init"
				}
			]
		},
		"cooldown": 10,
		"hud_render": {
			"should_render": false,
			"sprite_location": "origins:textures/gui/community/huang/resource_bar_01.png",
			"bar_index": 5
		},
		"condition": {
			"type": "origins:and",
			"conditions": [
				{
					"type": "origins:resource",
					"resource": "*:fintris/alien_body_timer",
					"comparison": "==",
					"compare_to": 0
				},
				{
					"type": "origins:resource",
					"comparison": "==",
					"resource": "*:*_cooldown",
					"compare_to": 0
				},
				{
					"type": "origins:power",
					"power": "orchid:fintris/sharpenactual",
					"source": "orchid:fintris",
					"inverted": true
				},
				{
					"type": "origins:power",
					"power": "orchid:fintris/blinkgranted",
					"source": "orchid:fintris",
					"inverted": true
				},
				{
					"type": "origins:nbt",
					"nbt": "{Tags:['altbar']}",
					"inverted": true
				}
			]
		},
		"key": {
			"key": "key.origins.primary_active"
		}
	},
	"cancel": {
		"type": "origins:active_self",
		"entity_action": {
			"type": "origins:and",
			"actions": [
				{
					"type": "origins:change_resource",
					"resource": "*:*_charge",
					"change": 0,
					"operation": "set"
				},
				{
					"type": "origins:change_resource",
					"resource": "*:*_state",
					"change": 0,
					"operation": "set"
				},
				{
					"type": "origins:execute_command",
					"command": "function orchid:fintris/fx/cancelcharge"
				}
			]
		},
		"cooldown": 10,
		"hud_render": {
			"should_render": false,
			"sprite_location": "origins:textures/gui/community/huang/resource_bar_01.png",
			"bar_index": 5
		},
		"condition": {
			"type": "origins:and",
			"conditions": [
				{
					"type": "origins:resource",
					"comparison": ">",
					"resource": "*:*_state",
					"compare_to": 0
				},
				{
					"type": "origins:resource",
					"resource": "*:fintris/alien_body_timer",
					"comparison": "==",
					"compare_to": 0
				}
			]
		},
		"key": {
			"key": "key.origins.primary_active"
		}
	},
	"um": {
		"type": "origins:action_over_time",
		"entity_action": {
			"type": "origins:and",
			"actions": [
				{
					"type": "origins:change_resource",
					"resource": "*:*_state",
					"change": 1,
					"operation": "add"
				}
			]
		},
		"interval": 1,
		"condition": {
			"type": "origins:and",
			"conditions": [
				{
					"type": "origins:resource",
					"resource": "*:*_charge",
					"comparison": "==",
					"compare_to": 1
				}
			]
		}
	},
	"jump": {
		"type": "origins:modify_jump",
		"modifier": {
			"operation": "addition",
			"value": 0
		},
		"entity_action": {
			"type": "origins:and",
			"actions": [
				{
					"type": "origins:change_resource",
					"resource": "*:*_charge",
					"change": 0,
					"operation": "set"
				},
				{
					"type": "origins:change_resource",
					"resource": "*:*_state",
					"change": 0,
					"operation": "set"
				},
				{
					"type": "origins:execute_command",
					"command": "function orchid:fintris/fx/cancelcharge"
				}
			]
		},
		"condition": {
			"type": "origins:and",
			"conditions": [
				{
					"type": "origins:resource",
					"resource": "*:*_state",
					"comparison": ">",
					"compare_to": 0
				}
			]
		}
	},
	"cooldown": {
		"type": "origins:cooldown",
		"cooldown": 600,
		"hud_render": {
			"sprite_location": "origins:textures/gui/community/huang/resource_bar_02.png",
			"bar_index": 19,
			"inverted": true
		}
	},
	"reset_when_damaged2": {
		"type": "origins:self_action_when_hit",
		"entity_action": {
			"type": "origins:and",
			"actions": [
				{
					"type": "origins:change_resource",
					"resource": "*:*_storecharge",
					"change": -30
				}
			]
		},
		"cooldown": 0,
		"hud_render": {
			"should_render": false
		},
		"damage_condition": {
			"type": "origins:and",
			"conditions": [
				{
					"type": "origins:name",
					"name": "sweetBerryBush",
					"inverted": true
				},
				{
					"type": "origins:name",
					"name": "thorns",
					"inverted": true
				},
				{
					"type": "origins:name",
					"name": "poison",
					"inverted": true
				},
				{
					"type": "origins:name",
					"name": "inFire",
					"inverted": true
				},
				{
					"type": "origins:name",
					"name": "lava",
					"inverted": true
				},
				{
					"type": "origins:name",
					"name": "freeze",
					"inverted": true
				},
				{
					"type": "origins:name",
					"name": "poison",
					"inverted": true
				},
				{
					"type": "origins:name",
					"name": "drown",
					"inverted": true
				},
				{
					"type": "origins:name",
					"name": "wither",
					"inverted": true
				},
				{
					"type": "origins:name",
					"name": "hotFloor",
					"inverted": true
				}
			]
		}
	},
	"reset_when_damaged": {
		"type": "origins:self_action_when_hit",
		"entity_action": {
			"type": "origins:and",
			"actions": [
				{
					"type": "origins:change_resource",
					"resource": "*:*_charge",
					"change": 0,
					"operation": "set"
				},
				{
					"type": "origins:change_resource",
					"resource": "*:*_state",
					"change": 0,
					"operation": "set"
				},
				{
					"type": "origins:execute_command",
					"command": "function orchid:fintris/fx/cancelcharge"
				}
			]
		},
		"damage_condition": {
			"type": "origins:or",
			"conditions": [
				{
					"type": "origins:name",
					"name": "mob"
				},
				{
					"type": "origins:name",
					"name": "player"
				},
				{
					"type": "origins:name",
					"name": "arrow"
				},
				{
					"type": "origins:name",
					"name": "dragonBreath"
				},
				{
					"type": "origins:name",
					"name": "explosion"
				},
				{
					"type": "origins:name",
					"name": "fireworks"
				},
				{
					"type": "origins:name",
					"name": "trident"
				},
				{
					"type": "origins:name",
					"name": "lightningBolt"
				},
				{
					"type": "origins:name",
					"name": "anvil"
				},
				{
					"type": "origins:name",
					"name": "magic"
				},
				{
					"type": "origins:name",
					"name": "generic"
				}
			]
		},
		"cooldown": 0,
		"condition": {
			"type": "origins:resource",
			"comparison": ">",
			"resource": "*:*_state",
			"compare_to": 0
		}
	},
	"sus": {
		"type": "origins:active_self",
		"entity_action": {
			"type": "origins:and",
			"actions": [
				{
					"type": "origins:change_resource",
					"resource": "*:*_charge",
					"change": 0,
					"operation": "set"
				},
				{
					"type": "origins:change_resource",
					"resource": "*:*_state",
					"change": 0,
					"operation": "set"
				},
				{
					"type": "origins:execute_command",
					"command": "function orchid:fintris/fx/cancelcharge"
				}
			]
		},
		"key": {
			"key": "key.sprint"
		},
		"condition": {
			"type": "origins:and",
			"conditions": [
				{
					"type": "origins:resource",
					"resource": "*:fintris/alien_body_timer",
					"comparison": "==",
					"compare_to": 0
				},
				{
					"type": "origins:resource",
					"comparison": ">",
					"resource": "*:*_state",
					"compare_to": 0
				}
			]
		}
	},
	"slow": {
		"type": "origins:modify_velocity",
		"axes": [
			"x",
			"z"
		],
		"modifier": {
			"name": "Two vast and trunkless legs of stone",
			"value": -0.75,
			"operation": "multiply_base"
		},
		"condition": {
			"type": "origins:or",
			"conditions": [
				{
					"type": "origins:resource",
					"resource": "orchid:fintris/tp_state",
					"compare_to": 0,
					"comparison": ">"
				},
				{
					"type": "origins:resource",
					"resource": "orchid:fintris/tp_storecharge",
					"compare_to": 0,
					"comparison": ">"
				}
			]
		}
	}
}