{
    "type": "origins:multiple",
    "forward": {
        "type": "origins:active_self",
        "entity_action": {
            "type": "origins:execute_command",
            "command": "tag @s add forward"
        },
        "cooldown": 1,
        "hud_render": {
            "should_render": false
        },
        "key": {
            "key": "key.forward",
            "continuous": true
        },
        "hidden": true
    },
    "backwards": {
        "type": "origins:active_self",
        "entity_action": {
            "type": "origins:execute_command",
            "command": "tag @s add backwards"
        },
        "cooldown": 1,
        "hud_render": {
            "should_render": false
        },
        "key": {
            "key": "key.back",
            "continuous": true
        },
        "hidden": true
    },
    "left": {
        "type": "origins:active_self",
        "entity_action": {
            "type": "origins:execute_command",
            "command": "tag @s add left"
        },
        "cooldown": 1,
        "hud_render": {
            "should_render": false
        },
        "key": {
            "key": "key.left",
            "continuous": true
        },
        "hidden": true
    },
    "right": {
        "type": "origins:active_self",
        "entity_action": {
            "type": "origins:execute_command",
            "command": "tag @s add right"
        },
        "cooldown": 1,
        "hud_render": {
            "should_render": false
        },
        "key": {
            "key": "key.right",
            "continuous": true
        },
        "hidden": true
    },
    "jump": {
        "type": "origins:active_self",
        "entity_action": {
            "type": "origins:execute_command",
            "command": "tag @s add jump"
        },
        "cooldown": 1,
        "hud_render": {
            "should_render": false
        },
        "key": {
            "key": "key.jump",
            "continuous": true
        },
        "hidden": true
    },
    "crouch": {
        "type": "origins:active_self",
        "entity_action": {
            "type": "origins:execute_command",
            "command": "tag @s add crouch"
        },
        "cooldown": 1,
        "hud_render": {
            "should_render": false
        },
        "key": {
            "key": "key.sneak",
            "continuous": true
        },
        "hidden": true
    },
    "charge": {
        "type": "origins:resource",
        "min": 0,
        "max": 7,
        "hud_render": {
            "should_render": true,
            "sprite_location": "origins:textures/gui/community/spiderkolo/resource_bar_points_01.png",
            "bar_index": 5
        }
    },
    "cooldown": {
        "type": "origins:resource",
        "min": 0,
        "max": 70,
        "hud_render": {
            "should_render": true,
            "sprite_location": "origins:textures/gui/community/huang/resource_bar_01.png",
            "bar_index": 1,
            "condition": {
                "type": "origins:resource",
                "resource": "orchid:fintris/track_directions_charge",
                "comparison": "==",
                "compare_to": 0
            },
            "inverted": true
        },
        "max_action": {
            "type": "origins:and",
            "actions": [
                {
                    "type": "origins:change_resource",
                    "resource": "orchid:fintris/track_directions_charge",
                    "change": 2,
                    "operation": "set"
                },
                {
                    "type": "origins:change_resource",
                    "resource": "orchid:fintris/track_directions_cooldown",
                    "change": 0,
                    "operation": "set"
                }
            ]
        }
    },
    "load": {
        "type": "origins:active_self",
        "entity_action": {
            "type": "origins:and",
            "actions": [
                {
                    "type": "origins:execute_command",
                    "command": "tag @s add secondary"
                },
                {
                    "type": "origins:change_resource",
                    "resource": "orchid:fintris/track_directions_cooldown",
                    "change": 0,
                    "operation": "set"
                },
                {
                    "type": "origins:change_resource",
                    "resource": "orchid:fintris/track_directions_charge",
                    "change": -1
                }
            ]
        },
        "cooldown": 5,
        "key": {
            "key": "key.origins.secondary_active",
            "continuous": true
        },
        "condition": {
            "type": "origins:resource",
            "resource": "orchid:fintris/track_directions_charge",
            "comparison": ">",
            "compare_to": 0
        }
    },
    "no_more": {
        "type": "origins:action_over_time",
        "interval": 1,
        "entity_action": {
            "type": "origins:and",
            "actions": [
                {
                    "type": "origins:change_resource",
                    "resource": "orchid:fintris/track_directions_charge",
                    "change": 2,
                    "operation": "set"
                }
            ]
        },
        "condition": {
            "type": "origins:resource",
            "resource": "orchid:fintris/track_directions_charge",
            "compare_to": 2,
            "comparison": ">"
        }
    },
    "hidden": true
}