{
	"fallback": "minecraft:empty",
	"elements": [
	  {
		"weight": 5,
		"element": {
		  "element_type": "minecraft:single_pool_element",
		  "projection": "rigid",
		  "location": "limbo:hut_blacksmith_secret_1",
		  "processors": "minecraft:empty"
		}
	  }, {
		"weight": 5,
		"element": {
		  "element_type": "minecraft:single_pool_element",
		  "projection": "rigid",
		  "location": "limbo:hut_blacksmith_secret_2",
		  "processors": "limbo:hut_gravel_proc"
		}
	  }, {
		"weight": 10,
		"element": {
		  "element_type": "minecraft:single_pool_element",
		  "projection": "rigid",
		  "location": "limbo:hut_blacksmith_secret_3",
		  "processors": "limbo:hut_gravel_proc"
		}
	  }
	]
  }
  