{
  "type": "bracken:pax",
  "generator": {
    "type": "minecraft:noise",
    "settings": "bracken:pax",
    "biome_source": {
      "type": "minecraft:multi_noise",
      "biomes": [
        {
          "biome": "bracken:pax/sky_garden",
          "parameters": {
            "temperature": 0.1,
            "humidity": 0,
            "continentalness": 0,
            "erosion": 0,
            "weirdness": 0,
            "depth": 0,
            "offset": 0
          }
        },
        {
          "biome": "bracken:pax/autumn_idyll",
          "parameters": {
            "temperature": 1,
            "humidity": 0,
            "continentalness": 0,
            "erosion": 0,
            "weirdness": 0,
            "depth": 0,
            "offset": 0
          }
        },
        {
          "biome": "bracken:pax/cloud_canopy",
          "parameters": {
            "temperature": -1,
            "humidity": 0,
            "continentalness": 0,
            "erosion": 0,
            "weirdness": 0,
            "depth": 0,
            "offset": 0
          }
        },
        {
          "biome": "bracken:pax/cenotaph",
          "parameters": {
            "temperature": 0,
            "humidity": 0.5,
            "continentalness": 0,
            "erosion": 0,
            "weirdness": 0,
            "depth": 0,
            "offset": 0
          }
        },
        {
          "biome": "bracken:pax/petal_grove",
          "parameters": {
            "temperature": -0.1,
            "humidity": 0,
            "continentalness": 0,
            "erosion": 0,
            "weirdness": 0,
            "depth": 0,
            "offset": 0
          }
        }
      ]
    }
  }
}
