{
    "hidden": true,
    "type": "origins:multiple",
    "hitentity": {
        "type": "origins:action_on_hit",
        "damage_condition": {
            "type": "origins:projectile",
            "projectile": "snowball",
            "projectile_condition": {
                "type": "origins:nbt",
                "nbt": "{Tags:['vheretic.electrictag']}"
            }
        },
        "bientity_action": {
            "type": "origins:and",
            "actions": [
                {
                    "type": "origins:damage",
                    "amount": 2,
                    "damage_type": "magic"
                },
                {
                    "type": "origins:target_action",
                    "action": {
                        "type": "origins:grant_power",
                        "power": "*:effects/electrictag",
                        "source": "vheretic:debuff"
                    }
                }
            ]
        }
    },
    "activate": {
        "type": "origins:active_self",
        "key": {
            "key": "key.use"
        },
        "cooldown": 20,
        "condition": {
            "type": "origins:and",
            "conditions": [
                {
                    "type": "origins:advancement",
                    "advancement": "vheretic:redstone"
                },
                {
                    "type": "origins:equipped_item",
                    "equipment_slot": "mainhand",
                    "item_condition": {
                        "type": "origins:and",
                        "conditions": [
                            {
                                "type": "origins:nbt",
                                "nbt": "{vheretic_spell:'electrictag'}"
                            },
                            {
                                "type": "origins:empty",
                                "inverted": true
                            }
                        ]
                    }
                }
            ]
        },
        "entity_action": {
            "type": "origins:and",
            "actions": [
                {
                    "type": "origins:fire_projectile",
                    "entity_type": "snowball",
                    "tag": "{NoGravity:1,Item:{id:'ghast_tear',Count:1b},Tags:['vheretic.electrictag','vheretic.proj','vheretic.size0']}",
                    "speed": 1.25,
                    "divergence": 0
                },
                {
                    "type": "origins:execute_command",
                    "command": "function vheretic:util/size0"
                },
                {
                    "type": "origins:execute_command",
                    "command": "playsound entity.snowball.throw master @s ~ ~ ~ 0.6 1.6"
                },
                {
                    "type": "origins:execute_command",
                    "command": "function vheretic:util/spell_durability"
                }
            ]
        }
    }
}