{
  "ultrawarm": false,
  "natural": true,
  "piglin_safe": true,
  "respawn_anchor_works": false,
  "bed_works": true,
  "has_raids": false,
  "has_skylight": true,
  "has_ceiling": false,
  "coordinate_scale": 1,
  "ambient_light": 2,
  "fixed_time": 6000,
  "logical_height": 100,
  "infiniburn": "#minecraft:infiniburn_pax",
  "min_y": 0,
  "height": 512,
  "monster_spawn_block_light_limit": 0,
  "monster_spawn_light_level": {
    "type": "minecraft:uniform",
    "value": {
      "min_inclusive": 0,
      "max_inclusive": 7
    }
  }
}
