{
    "powers": [
        "vluminary:attune",
        "vluminary:umbral/hole",
        "vluminary:umbral/collapse",
        "vluminary:umbral/antimatter",
        "vluminary:umbral/slowspawn",
        "vluminary:astral/star",
        "vluminary:astral/genesis",
        "vluminary:astral/residue",
        "vluminary:astral/residueheal",
        "vluminary:astral/dying",
        "vluminary:noeat",
        "vluminary:armor",
        "vluminary:sleepless",
        "vluminary:credits"
    ],
    "order": 1,
    "impact": 2,
    "icon": {
        "item": "black_glazed_terracotta"
    },
    "name": "Luminary",
    "description": "These celestial demigods can shape the cosmos with a snap of their fingers."
}