{
    "criteria": {
        "enter": {
            "trigger": "location",
            "conditions": {
                "player": {
                    "location": {
                        "dimension": "overworld",
                        "position": {
                            "y": {
                                "min": 448
                            }
                        }
                    }
                }
            }
        }
    },
    "rewards": {
        "function": "nfb_dimensions:beyond_the_clouds/enter"
    }
}