{
    "criteria": {
        "sky_village": {
            "trigger": "location",
            "conditions": {
                "player": [
                    {
                        "condition": "entity_properties",
                        "entity": "this",
                        "predicate": {
                            "location": {
                                "structure": "nfb_dimensions:beyond_the_clouds/sky_village"
                            }
                        }
                    }
                ]
            }
        }
    },
    "display": {
        "announce_to_chat": true,
        "description": "Discover a village in the skies.",
        "frame": "task",
        "hidden": false,
        "icon": {
            "item": "minecraft:emerald",
            "nbt": "{Damage:0}"
        },
        "show_toast": true,
        "title": "Sky Trader"
    },
    "parent": "nfb_dimensions:beyond_the_clouds/root",
    "requirements": [
        [
            "sky_village"
        ]
    ],
    "rewards": {}  
}