{
    "criteria": {
        "enter": {
            "trigger": "tick",
            "conditions": {
                "player": {
                    "location": {
                        "dimension": "nfb_dimensions:beyond_the_clouds",
                        "position": {
                            "y": {
                                "max": -48
                            }
                        }
                    }
                }
            }
        }
    },
    "rewards": {
        "function": "nfb_dimensions:beyond_the_clouds/leave"
    }
}