{
    "criteria": {
      "reach_dimension": {
        "trigger": "changed_dimension",
        "conditions": {
          "to": "nfb_dimensions:beyond_the_clouds"
        }
      }
    },
    "display": {
      "announce_to_chat": true,
      "description": "Soar beyond the clouds",
      "frame": "task",
      "hidden": false,
      "icon": {
        "item": "minecraft:white_wool"
      },
      "show_toast": true,
      "title": "Beyond the Clouds",
      "background": "minecraft:textures/block/white_concrete_powder.png"
    },
    "requirements": [
      [
        "reach_dimension"
      ]
    ]  
}