{
    "powers": [
        "vheretic:candletooltips",
        "vheretic:augury",
        "vheretic:archive",
        "vheretic:pouch",
        "vheretic:pouch2",
        "vheretic:emergency",
        "vheretic:knowledge",
        "vheretic:reg",
        "vheretic:spells/base",
        "vheretic:spells/spark",
        "vheretic:spells/bubble",
        "vheretic:spells/light",
        "vheretic:spells/leer",
        "vheretic:redstonespells/electrocute",
        "vheretic:redstonespells/etherpulse",
        "vheretic:redstonespells/electrictag",
        "vheretic:goldenapplespells/midastouch",
        "vheretic:goldenapplespells/coin",
        "vheretic:enchgaspells/passion",
        "vheretic:enchgaspells/serenity",
        "vheretic:sculk1spells/soulharvest",
        "vheretic:sculk1spells/devoursoul",
        "vheretic:sculk2spells/raisedead",
        "vheretic:sculk2spells/mindflay",
        "vheretic:sculk3spells/mimicry",
        "vheretic:sculk3spells/birdcage",
        "vheretic:subspells/zap",
        "vheretic:subspells/swap",
        "vheretic:notrade",
        "vheretic:warp",
        "vheretic:advs"
    ],
    "order": 1,
    "impact": 3,
    "icon": {
        "item": "lectern"
    },
    "name": "Heretic",
    "description": "Scholars of the forbidden disciplines, Heretics seek their own path to ascension."
}