{
	"feature": "limbo:cut_tree",
	"placement": [
		{
			"type": "minecraft:random_offset",
			"xz_spread": {
				"type": "minecraft:weighted_list",
				"distribution": [
					{
						"weight": 1,
						"data": -5
					},
					{
						"weight": 1,
						"data": 5
					},
					{
						"weight": 1,
						"data": 0
					}
				]
			},
			"y_spread": 0
		},
		{
			"type": "minecraft:heightmap",
			"heightmap": "MOTION_BLOCKING_NO_LEAVES"
		},
		{
			"type": "minecraft:biome"
		},
		{
			"type": "minecraft:block_predicate_filter",
			"predicate": {
				"type": "minecraft:all_of",
				"predicates": [
					{
						"type": "minecraft:matching_blocks",
						"blocks": "minecraft:air"
					},
					{
						"type": "minecraft:matching_blocks",
						"offset": [
							0,
							-1,
							0
						],
						"blocks": "minecraft:black_concrete_powder"
					}
				]
			}
		},
		{
			"type": "minecraft:count",
			"count": 10
		}
	]
}
