{
	"credit": "Made with Blockbench",
	"texture_size": [64, 64],
	"textures": {
		"0": "manic:block/corpsethorn",
		"particle": "manic:block/corpsethorn"
	},
	"elements": [
		{
			"name": "Top",
			"from": [2, 14, 2],
			"to": [14, 30, 14],
			"rotation": {"angle": 0, "axis": "y", "origin": [8, 14, 8]},
			"faces": {
				"north": {"uv": [0, 3, 3, 7], "texture": "#0", "tintindex": 0},
				"east": {"uv": [0, 3, 3, 7], "texture": "#0", "tintindex": 0},
				"south": {"uv": [0, 3, 3, 7], "texture": "#0", "tintindex": 0},
				"west": {"uv": [0, 3, 3, 7], "texture": "#0", "tintindex": 0},
				"up": {"uv": [0, 0, 3, 3], "rotation": 180, "texture": "#0", "tintindex": 0},
				"down": {"uv": [3, 0, 6, 3], "texture": "#0", "tintindex": 0}
			}
		},
		{
			"name": "Lower",
			"from": [4, 0, 4],
			"to": [12, 14, 12],
			"rotation": {"angle": 0, "axis": "y", "origin": [8, 7, 8]},
			"faces": {
				"north": {"uv": [6, 2, 8, 5.5], "texture": "#0", "tintindex": 0},
				"east": {"uv": [6, 2, 8, 5.5], "texture": "#0", "tintindex": 0},
				"south": {"uv": [6, 2, 8, 5.5], "texture": "#0", "tintindex": 0},
				"west": {"uv": [6, 2, 8, 5.5], "texture": "#0", "tintindex": 0},
				"down": {"uv": [6, 0, 8, 2], "texture": "#0", "tintindex": 0}
			}
		},
		{
			"name": "Thorns0",
			"from": [-2.5, 0, 8],
			"to": [18.5, 32, 8],
			"rotation": {"angle": -45, "axis": "y", "origin": [8, 0, 8]},
			"faces": {
				"north": {"uv": [5, 8, 10, 16], "texture": "#0", "tintindex": 0},
				"south": {"uv": [10, 8, 5, 16], "texture": "#0", "tintindex": 0}
			}
		},
		{
			"name": "Thorns1",
			"from": [-2.5, 0, 8],
			"to": [18.5, 32, 8],
			"rotation": {"angle": 45, "axis": "y", "origin": [8, 0, 8]},
			"faces": {
				"north": {"uv": [5, 8, 10, 16], "texture": "#0", "tintindex": 0},
				"south": {"uv": [10, 8, 5, 16], "texture": "#0", "tintindex": 0}
			}
		}
	],
	"groups": [
		0,
		1,
		{
			"name": "Thorns",
			"origin": [8, 0, 8],
			"color": 0,
			"children": [2, 3]
		}
	]
}