{
    "type": "origins:modify_slipperiness",
    "hidden": true,
    "modifier": {
        "operation": "multiply_total",
        "value": 0.25
    },
    "condition": {
        "type": "origins:and",
        "conditions": [
            {
                "type": "origins:fluid_height",
                "fluid": "minecraft:water",
                "comparison": "==",
                "compare_to": 0
            },
            {
                "type": "origins:equipped_item",
                "equipment_slot": "feet",
                "item_condition": {
                    "type": "origins:enchantment",
                    "enchantment": "minecraft:depth_strider",
                    "comparison": "==",
                    "compare_to": 2
                }
            },
            {
                "type": "origins:on_block",
                "inverted": true,
                "block_condition": {
                    "type": "origins:in_tag",
                    "tag": "glacies:ice"
                }
            }
        ]
    }
}