{
  "providers": [
    {
      "type": "space",
      "advances": {
        " ": 4
      }
    },
    {
      "type": "bitmap",
      "file": "manic:gui/grimoire/icons/tickspeed_ritual.png",
      "ascent": -8,
      "height": 13,
      "chars": [
        "aA"
      ]
    },
    {
      "type": "bitmap",
      "file": "manic:gui/grimoire/icons/warp_ritual.png",
      "ascent": -8,
      "height": 13,
      "chars": [
        "bB"
      ]
    },
    {
      "type": "bitmap",
      "file": "manic:gui/grimoire/icons/mine_ritual.png",
      "ascent": -8,
      "height": 13,
      "chars": [
        "cC"
      ]
    },
    {
      "type": "bitmap",
      "file": "manic:gui/grimoire/icons/lunacy.png",
      "ascent": -8,
      "height": 13,
      "chars": [
        "dD"
      ]
    },
    {
      "type": "bitmap",
      "file": "manic:gui/grimoire/icons/grim_explorer_map.png",
      "ascent": -8,
      "height": 13,
      "chars": [
        "eE"
      ]
    },
    {
      "type": "bitmap",
      "file": "manic:gui/grimoire/return.png",
      "ascent": -8,
      "height": 13,
      "chars": [
        "zZ"
      ]
    }
  ]
}
