{
    "feature": "nfb_dimensions:beyond_the_clouds/cherry/bamboo",
    "placement": [
        {
            "type": "minecraft:count_on_every_layer",
            "count": {
                "type": "uniform",
                "value": {
                    "min_inclusive": 16,
                    "max_inclusive": 32
                }
            }
        },
        {
            "type": "minecraft:biome"
        },
        {
            "type": "minecraft:in_square"
        }
    ]
}