{
    "type": "origins:multiple",
    "nofire": {
        "type": "origins:fire_immunity"
    },
    "kill": {
        "type": "origins:resource",
        "start_value": 0,
        "min": 0,
        "max": 50,
        "max_action": {
            "type": "origins:and",
            "actions": [
                {
                    "type": "origins:execute_command",
                    "command": "kill @s"
                }
            ]
        },
        "hud_render": {
            "should_render": false
        }
    },
    "repeat": {
        "type": "origins:action_over_time",
        "interval": 2,
        "entity_action": {
            "type": "origins:and",
            "actions": [
                {
                    "type": "origins:execute_command",
                    "command": "particle minecraft:flame ~ ~0.8 ~ 0.4 0.4 0.4 0 1 force @a"
                },
                {
                    "type": "origins:execute_command",
                    "command": "resource change @s shield:firewall5_kill 1"
                },
                {
                    "type": "origins:area_of_effect",
                    "radius": 2,
                    "bientity_condition": {
                        "type": "origins:target_condition",
                        "condition": {
                            "type": "origins:and",
                            "conditions": [
                                {
                                    "type": "origins:resource",
                                    "comparison": ">",
                                    "compare_to": 0,
                                    "resource": "shield:upgrade_blaze",
                                    "inverted": true
                                },
                                {
                                    "type": "origins:command",
                                    "command": "execute if entity @s[type=!item,type=!armor_stand]",
                                    "comparison": ">=",
                                    "compare_to": 1
                                }
                            ]
                        }
                    },
                    "bientity_action": {
                        "type": "origins:and",
                        "actions": [
                            {
                                "type": "origins:target_action",
                                "action": {
                                    "type": "origins:and",
                                    "actions": [
                                        {
                                            "type": "origins:set_on_fire",
                                            "duration": 3
                                        }
                                    ]
                                }
                            }
                        ]
                    }
                }
            ]
        }
    }
}