{
    "type": "origins:multiple",
    "freeze": {
        "type": "origins:freeze"
    },
    "color": {
        "type": "origins:model_color",
        "red": 0.5,
        "green": 0.8
    },
    "remove": {
        "type": "origins:resource",
        "start_value": 0,
        "min": 0,
        "max": 150,
        "max_action": {
            "type": "origins:and",
            "actions": [
                {
                    "type": "origins:execute_command",
                    "command": "power revoke @s shield:freeze"
                }
            ]
        },
        "hud_render": {
            "should_render": false
        }
    },
    "repeat": {
        "type": "origins:action_over_time",
        "interval": 1,
        "entity_action": {
            "type": "origins:and",
            "actions": [
                {
                    "type": "origins:execute_command",
                    "command": "resource change @s shield:freeze_remove 1"
                },
                {
                    "type": "origins:if_else",
                    "condition": {
                        "type": "origins:and",
                        "conditions": [
                            {
                                "type": "origins:command",
                                "command": "execute if entity @e[nbt={TicksFrozen:140}]",
                                "comparison": ">=",
                                "compare_to": 1
                            }
                        ]
                    },
                    "if_action": {
                        "type": "origins:and",
                        "actions": [
                            {
                                "type": "origins:execute_command",
                                "command": "particle minecraft:snowflake ~ ~1.4 ~ 0.5 0.5 0.5 0 1"
                            }
                        ]
                    }
                }
            ]
        }
    }
}