{
    "type": "origins:multiple",
    "particle": {
        "type": "origins:particle",
        "particle": {
            "type": "dust",
            "params": "0.2 0.2 0.6 1.25"
        },
        "frequency": 1
    },
    "slow": {
        "type": "origins:modify_attribute",
        "attribute": "minecraft:generic.movement_speed",
        "modifier": {
            "value": -0.4,
            "operation": "multiply_base"
        }
    },
    "cd": {
        "type": "origins:cooldown",
        "cooldown": 100,
        "hud_render": {
            "should_render": false
        }
    },
    "callback": {
        "type": "origins:action_on_callback",
        "entity_action_added": {
            "type": "origins:delay",
            "ticks": 1,
            "action": {
                "type": "origins:trigger_cooldown",
                "power": "*:*_cd"
            }
        }
    },
    "revoke": {
        "type": "origins:action_over_time",
        "interval": 2,
        "rising_action": {
            "type": "origins:revoke_power",
            "power": "*:effects/bubbled",
            "source": "vheretic:debuff"
        },
        "condition": {
            "type": "origins:resource",
            "resource": "*:*_cd",
            "compare_to": 0,
            "comparison": "=="
        }
    }
}