{
    "type": "origins:action_on_callback",
    "entity_action_added": {
        "type": "origins:and",
        "actions": [
            {
                "type": "origins:area_of_effect",
                "radius": 4,
                "include_target": false,
                "bientity_action": {
                    "type": "origins:target_action",
                    "action": {
                        "type": "origins:grant_power",
                        "power": "*:effects/bubbled",
                        "source": "vheretic:debuff"
                    }
                }
            },
            {
                "type": "origins:execute_command",
                "command": "kill @s"
            }
        ]
    }
}