{
    "type": "origins:multiple",
    "particle": {
        "type": "origins:action_over_time",
        "interval": 1,
        "entity_action": {
            "type": "origins:execute_command",
            "command": "function vheretic:spells/fairycage"
        }
    },
    "slow": {
        "type": "origins:modify_attribute",
        "attribute": "minecraft:generic.movement_speed",
        "modifier": {
            "value": -1,
            "operation": "multiply_total"
        }
    },
    "nojump": {
        "type": "origins:modify_jump",
        "modifier": {
            "value": -1,
            "operation": "multiply_total"
        }
    },
    "novel": {
        "type": "origins:modify_velocity",
        "axes": ["x","y","z"],
        "modifier": {
            "value": -1,
            "operation": "multiply_total"
        }
    },
    "cd": {
        "type": "origins:cooldown",
        "cooldown": 140,
        "hud_render": {
            "should_render": false
        }
    },
    "callback": {
        "type": "origins:action_on_callback",
        "entity_action_added": {
            "type": "origins:delay",
            "ticks": 1,
            "action": {
                "type": "origins:trigger_cooldown",
                "power": "*:*_cd"
            }
        }
    },
    "revoke": {
        "type": "origins:action_over_time",
        "interval": 2,
        "rising_action": {
            "type": "origins:and",
            "actions": [
                {
                    "type": "origins:revoke_power",
                    "power": "*:effects/caged",
                    "source": "vheretic:debuff"
                },
                {
                    "type": "origins:execute_command",
                    "command": "tp @s @s"
                }
            ]
        },
        "condition": {
            "type": "origins:resource",
            "resource": "*:*_cd",
            "compare_to": 0,
            "comparison": "=="
        }
    }
}