{
    "type": "origins:multiple",
    "particle": {
        "type": "origins:particle",
        "particle": {
            "type": "glow"
        },
        "frequency": 1
    },
    "glow": {
        "type": "origins:self_glow",
        "use_teams": false,
        "green": 0.8,
        "blue": 0.8,
        "red": 0.8,
        "bientity_condition": {
            "type": "origins:distance",
            "compare_to": 32,
            "comparison": "<="
        }
    },
    "cd": {
        "type": "origins:cooldown",
        "cooldown": 1200,
        "hud_render": {
            "should_render": false
        }
    },
    "callback": {
        "type": "origins:action_on_callback",
        "entity_action_added": {
            "type": "origins:delay",
            "ticks": 1,
            "action": {
                "type": "origins:trigger_cooldown",
                "power": "*:*_cd"
            }
        }
    },
    "revoke": {
        "type": "origins:action_over_time",
        "interval": 2,
        "rising_action": {
            "type": "origins:revoke_power",
            "power": "*:effects/electrictag",
            "source": "vheretic:debuff"
        },
        "condition": {
            "type": "origins:resource",
            "resource": "*:*_cd",
            "compare_to": 0,
            "comparison": "=="
        }
    }
}