{
    "type": "origins:multiple",
    "particle": {
        "type": "origins:particle",
        "particle": {
            "type": "dust",
            "params": "0.8 0.1 0.1 0.95"
        },
        "visible_in_first_person": true,
        "frequency": 1
    },
    "atk": {
        "type": "origins:modify_attribute",
        "attribute": "minecraft:generic.attack_damage",
        "modifier": {
            "value": 0.3,
            "operation": "multiply_total"
        }
    },
    "cd": {
        "type": "origins:cooldown",
        "cooldown": 100,
        "hud_render": {
            "should_render": false
        }
    },
    "callback": {
        "type": "origins:action_on_callback",
        "entity_action_added": {
            "type": "origins:delay",
            "ticks": 1,
            "action": {
                "type": "origins:trigger_cooldown",
                "power": "*:*_cd"
            }
        }
    },
    "revoke": {
        "type": "origins:action_over_time",
        "interval": 2,
        "rising_action": {
            "type": "origins:revoke_power",
            "power": "*:effects/passion",
            "source": "vheretic:buff"
        },
        "condition": {
            "type": "origins:resource",
            "resource": "*:*_cd",
            "compare_to": 0,
            "comparison": "=="
        }
    }
}