{
    "type": "origins:multiple",
    "model": {
        "type": "origins:model_color",
        "blue": 0.2,
        "red": 0.2,
        "green": 0.2,
        "alpha": 0.6
    },
    "feature": {
        "type": "origins:prevent_feature_render",
        "feature": "eyes"
    },
    "nodmg": {
        "type": "origins:modify_damage_dealt",
        "modifier": {
            "value": -1,
            "operation": "multiply_total"
        },
        "target_condition": {
            "type": "origins:and",
            "conditions": [
                {
                    "type": "origins:entity_type",
                    "entity_type": "player"
                },
                {
                    "type": "origins:origin",
                    "origin": "vheretic:heretic",
                    "inverted": true
                }
            ]
        }
    }
}