{
    "type": "minecraft:fishing",
    "pools": [
      {
        "rolls": 1,
        "bonus_rolls": 0,
        "entries": [
          {
            "type": "minecraft:loot_table",
            "weight": 10,
            "quality": -2,
            "name": "minecraft:gameplay/fishing/junk"
          },
          {
            "type": "minecraft:loot_table",
            "weight": 5,
            "quality": 2,
            "name": "minecraft:gameplay/fishing/treasure",
            "conditions": [
              {
                "condition": "minecraft:entity_properties",
                "entity": "this",
                "predicate": {
                  "type_specific": {
                    "type": "fishing_hook",
                    "in_open_water": true
                  }
                }
              }
            ]
          },
          {
            "type": "minecraft:loot_table",
            "weight": 85,
            "quality": -1,
            "name": "minecraft:gameplay/fishing/fish"
          }
        ]
      }
    ],
    "random_sequence": "minecraft:gameplay/fishing"
  }
  