{
  "type": "minecraft:fishing",
  "pools": [
    {
      "rolls": 1,
      "bonus_rolls": 0,
      "entries": [
        {
          "type": "minecraft:item",
          "weight": 5,
          "name": "minecraft:player_head",
          "functions": [
            {
              "function": "minecraft:set_nbt",
              "tag": "{display:{Name:'{\"text\":\"Orb of Transmutation\",\"color\":\"gray\",\"bold\":true}'},SkullOwner:{Id:[I;-319079917,1158563260,-1464689321,-159001546],Properties:{textures:[{Value:\"eyJ0ZXh0dXJlcyI6eyJTS0lOIjp7InVybCI6Imh0dHA6Ly90ZXh0dXJlcy5taW5lY3JhZnQubmV0L3RleHR1cmUvNTYyMmMzMGMzOGYyNmI1NTk0YjAwOGNmZGVlNDQyMGNkMDUzODU3MjZhOTc5MWI2Yjg0MTQ0MTQyMjJiMDAxYSJ9fX0=\"}]}}}"
            }
          ]
        },
        {
          "type": "minecraft:item",
          "weight": 10,
          "name": "minecraft:iron_nugget"
        },
        {
          "type": "minecraft:item",
          "weight": 5,
          "name": "minecraft:name_tag"
        },
        {
          "type": "minecraft:item",
          "weight": 8,
          "name": "minecraft:nautilus_shell"
        },
        {
          "type": "minecraft:item",
          "weight": 30,
          "name": "minecraft:salmon"
        },
        {
          "type": "minecraft:item",
          "weight": 10,
          "name": "minecraft:player_head",
          "functions": [
            {
              "function": "minecraft:set_nbt",
              "tag": "{display:{Name:\"{\\\"text\\\":\\\"Limbo Scrap\\\"}\"},SkullOwner:{Id:[I;-151654150,-1232777770,-1450101796,-1929274837],Properties:{textures:[{Value:\"eyJ0ZXh0dXJlcyI6eyJTS0lOIjp7InVybCI6Imh0dHA6Ly90ZXh0dXJlcy5taW5lY3JhZnQubmV0L3RleHR1cmUvZmFkYzRhMDI0NzE4ZDQwMWVlYWU5ZTk1YjNjOTI3NjdmOTE2ZjMyM2M5ZTgzNjQ5YWQxNWM5MjY1ZWU1MDkyZiJ9fX0=\"}]}}}"
            }
          ]
        },
        {
          "type": "minecraft:item",
          "weight": 70,
          "name": "minecraft:cod"
        }
      ]
    }
  ],
  "random_sequence": "minecraft:gameplay/fishing/fish"
}
