{
    "hidden": true,
    "type": "origins:multiple",
    "dont_breath_suffocation": {
        "type": "origins:invulnerability",
        "damage_condition": {
            "type": "origins:name",
            "name": "inWall"
        }
    },
    "dont_breath_water": {
        "type": "origins:invulnerability",
        "damage_condition": {
            "type": "origins:name",
            "name": "drown"
        }
    },
    "dont_breath_waterplayer": {
        "type": "origins:invulnerability",
        "damage_condition": {
            "type": "origins:name",
            "name": "drown.player"
        }
    },
    "break": {
        "type": "origins:conditioned_attribute",
        "modifier": {
            "attribute": "additionalentityattributes:dig_speed",
            "operation": "multiply_base",
            "value": 0.25
        }
    },
    "fall": {
        "type": "origins:invulnerability",
        "damage_condition": {
            "type": "origins:name",
            "name": "fall"
        },
        "condition": {
            "type": "origins:fall_distance",
            "comparison": "<=",
            "compare_to": 8
        }
    },
    "speed": {
        "type": "origins:conditioned_attribute",
        "modifier": {
            "attribute": "minecraft:generic.movement_speed",
            "operation": "multiply_base",
            "value": 0.25
        }
    },
    "swim": {
        "type": "origins:conditioned_attribute",
        "modifier": {
            "attribute": "additionalentityattributes:water_speed",
            "operation": "multiply_base",
            "value": 0.25
        }
    },
    "jump_sneaking": {
        "type": "origins:modify_jump",
        "modifier": {
            "operation": "addition",
            "value": 0.5
        },
        "condition": {
            "type": "origins:and",
            "conditions": [
                {
                    "type": "origins:sneaking"
                },
                {
                    "type": "origins:on_block"
                }
            ]
        }
    }
}