{
    "type": "origins:simple",
    "name": "Teleportation",
    "description": "You can teleport in many different ways, select which way you wanna teleport with secondary and teleport with primary.",
    "badges": [
        {
            "type": "origins:keybind",
            "sprite": "minecraft:textures/item/emerald.png",
            "text": "§fTeleport to where you are looking. (Sneak to bring all entities in 3 blocks radius to where you look) (80 Blocks range) \nTeleport one entity to you. (Sneak to teleport all entities where you look in 3 blocks radius to you) (80 Blocks range) \nTeleport to the highest place. (Sneak to bring all entities in 3 blocks radius) \nTeleport to under Y 110. (Sneak to bring all entities in 3 blocks radius) \nTeleport to under Y -10. (Sneak to bring all entities in 3 blocks radius) \nTeleport to the closest player nearby. (Sneak to teleport to a random player nearby) (180 Blocks range)"
        }
    ]

}