{
    "hidden": true,
    "type": "origins:multiple",
    "fragile": {
        "type": "origins:attribute",
        "modifier": {
            "name": "Max health increase",
            "attribute": "minecraft:generic.max_health",
            "value": -6,
            "operation": "addition"
        }
    },
    "when_hit": {
        "type": "origins:self_action_when_hit",
        "entity_action": {
            "type": "origins:execute_command",
            "command": "power grant @s tp:powers_timer",
            "permission_level": 4
        },
        "condition": {
            "type": "origins:power",
            "power": "tp:powers_timer",
            "inverted": true
        },
        "cooldown": 60
    },
    "fire_damage": {
        "type": "origins:modify_damage_taken",
        "damage_condition": {
             "type": "origins:fire"
        },
        "modifier": {
            "operation": "multiply_base",
            "value": 0.3
        }
    },
    "damage_on_fire": {
        "type": "origins:modify_damage_taken",
        "modifier": {
            "operation": "multiply_base",
            "value": 0.2
        },
		"condition": {
			"type": "origins:on_fire"
		}
    }
}