{
    "hidden": true,
    "type": "origins:multiple",
    "change_1": {
        "type": "origins:active_self",
        "entity_action": {
            "type": "origins:and",
            "actions": [
                {
                    "type": "origins:execute_command",
                    "command": "playsound minecraft:ui.button.click player @s ~ ~ ~ 100 1"
                },
                {
                    "type": "origins:swing_hand",
                    "hand": "MAIN_HAND"
                },
                {
                    "type": "origins:delay",
                    "ticks": 2,
                    "action": {
                        "type": "origins:change_resource",
                        "resource": "tp:resources_teleportation",
                        "change": 2,
                        "operation": "set"
                    }
                }
            ]
        },
        "hud_render": {
            "should_render": false,
            "sprite_location": "origins:textures/gui/community/huang/resource_bar_01.png",
            "bar_index": 8
        },
        "cooldown": 3,
        "key": {
            "key": "key.origins.secondary_active"
        },
        "condition": {
            "type": "origins:and",
            "conditions": [
                {
                    "type": "origins:resource",
                    "resource": "tp:resources_teleportation",
                    "comparison": "==",
                    "compare_to": 1
                },
                {
                    "type": "origins:sneaking",
                    "inverted": true
                }
            ]
        }
    },
    "change_2": {
        "type": "origins:active_self",
        "entity_action": {
            "type": "origins:and",
            "actions": [
                {
                    "type": "origins:execute_command",
                    "command": "playsound minecraft:ui.button.click player @s ~ ~ ~ 100 1"
                },
                {
                    "type": "origins:swing_hand",
                    "hand": "MAIN_HAND"
                },
                {
                    "type": "origins:delay",
                    "ticks": 2,
                    "action": {
                        "type": "origins:change_resource",
                        "resource": "tp:resources_teleportation",
                        "change": 3,
                        "operation": "set"
                    }
                }
            ]
        },
        "hud_render": {
            "should_render": false,
            "sprite_location": "origins:textures/gui/community/huang/resource_bar_01.png",
            "bar_index": 8
        },
        "cooldown": 3,
        "key": {
            "key": "key.origins.secondary_active"
        },
        "condition": {
            "type": "origins:and",
            "conditions": [
                {
                    "type": "origins:resource",
                    "resource": "tp:resources_teleportation",
                    "comparison": "==",
                    "compare_to": 2
                },
                {
                    "type": "origins:sneaking",
                    "inverted": true
                }
            ]
        }
    },
    "change_3": {
        "type": "origins:active_self",
        "entity_action": {
            "type": "origins:and",
            "actions": [
                {
                    "type": "origins:execute_command",
                    "command": "playsound minecraft:ui.button.click player @s ~ ~ ~ 100 1"
                },
                {
                    "type": "origins:swing_hand",
                    "hand": "MAIN_HAND"
                },
                {
                    "type": "origins:delay",
                    "ticks": 2,
                    "action": {
                        "type": "origins:change_resource",
                        "resource": "tp:resources_teleportation",
                        "change": 4,
                        "operation": "set"
                    }
                }
            ]
        },
        "hud_render": {
            "should_render": false,
            "sprite_location": "origins:textures/gui/community/huang/resource_bar_01.png",
            "bar_index": 8
        },
        "cooldown": 3,
        "key": {
            "key": "key.origins.secondary_active"
        },
        "condition": {
            "type": "origins:and",
            "conditions": [
                {
                    "type": "origins:resource",
                    "resource": "tp:resources_teleportation",
                    "comparison": "==",
                    "compare_to": 3
                },
                {
                    "type": "origins:sneaking",
                    "inverted": true
                }
            ]
        }
    },
    "change_4": {
        "type": "origins:active_self",
        "entity_action": {
            "type": "origins:and",
            "actions": [
                {
                    "type": "origins:execute_command",
                    "command": "playsound minecraft:ui.button.click player @s ~ ~ ~ 100 1"
                },
                {
                    "type": "origins:swing_hand",
                    "hand": "MAIN_HAND"
                },
                {
                    "type": "origins:delay",
                    "ticks": 2,
                    "action": {
                        "type": "origins:change_resource",
                        "resource": "tp:resources_teleportation",
                        "change": 5,
                        "operation": "set"
                    }
                }
            ]
        },
        "hud_render": {
            "should_render": false,
            "sprite_location": "origins:textures/gui/community/huang/resource_bar_01.png",
            "bar_index": 8
        },
        "cooldown": 3,
        "key": {
            "key": "key.origins.secondary_active"
        },
        "condition": {
            "type": "origins:and",
            "conditions": [
                {
                    "type": "origins:resource",
                    "resource": "tp:resources_teleportation",
                    "comparison": "==",
                    "compare_to": 4
                },
                {
                    "type": "origins:sneaking",
                    "inverted": true
                }
            ]
        }
    },
    "change_5": {
        "type": "origins:active_self",
        "entity_action": {
            "type": "origins:and",
            "actions": [
                {
                    "type": "origins:execute_command",
                    "command": "playsound minecraft:ui.button.click player @s ~ ~ ~ 100 1"
                },
                {
                    "type": "origins:swing_hand",
                    "hand": "MAIN_HAND"
                },
                {
                    "type": "origins:delay",
                    "ticks": 2,
                    "action": {
                        "type": "origins:change_resource",
                        "resource": "tp:resources_teleportation",
                        "change": 6,
                        "operation": "set"
                    }
                }
            ]
        },
        "hud_render": {
            "should_render": false,
            "sprite_location": "origins:textures/gui/community/huang/resource_bar_01.png",
            "bar_index": 8
        },
        "cooldown": 3,
        "key": {
            "key": "key.origins.secondary_active"
        },
        "condition": {
            "type": "origins:and",
            "conditions": [
                {
                    "type": "origins:resource",
                    "resource": "tp:resources_teleportation",
                    "comparison": "==",
                    "compare_to": 5
                },
                {
                    "type": "origins:sneaking",
                    "inverted": true
                }
            ]
        }
    },
    "change_6": {
        "type": "origins:active_self",
        "entity_action": {
            "type": "origins:and",
            "actions": [
                {
                    "type": "origins:execute_command",
                    "command": "playsound minecraft:ui.button.click player @s ~ ~ ~ 100 1"
                },
                {
                    "type": "origins:swing_hand",
                    "hand": "MAIN_HAND"
                },
                {
                    "type": "origins:delay",
                    "ticks": 2,
                    "action": {
                        "type": "origins:change_resource",
                        "resource": "tp:resources_teleportation",
                        "change": 1,
                        "operation": "set"
                    }
                }
            ]
        },
        "hud_render": {
            "should_render": false,
            "sprite_location": "origins:textures/gui/community/huang/resource_bar_01.png",
            "bar_index": 8
        },
        "cooldown": 3,
        "key": {
            "key": "key.origins.secondary_active"
        },
        "condition": {
            "type": "origins:and",
            "conditions": [
                {
                    "type": "origins:resource",
                    "resource": "tp:resources_teleportation",
                    "comparison": "==",
                    "compare_to": 6
                },
                {
                    "type": "origins:sneaking",
                    "inverted": true
                }
            ]
        }
    },
    "changeback_1": {
        "type": "origins:active_self",
        "entity_action": {
            "type": "origins:and",
            "actions": [
                {
                    "type": "origins:execute_command",
                    "command": "playsound minecraft:ui.button.click player @s ~ ~ ~ 100 1"
                },
                {
                    "type": "origins:swing_hand",
                    "hand": "MAIN_HAND"
                },
                {
                    "type": "origins:delay",
                    "ticks": 2,
                    "action": {
                        "type": "origins:change_resource",
                        "resource": "tp:resources_teleportation",
                        "change": 6,
                        "operation": "set"
                    }
                }
            ]
        },
        "hud_render": {
            "should_render": false,
            "sprite_location": "origins:textures/gui/community/huang/resource_bar_01.png",
            "bar_index": 8
        },
        "cooldown": 3,
        "key": {
            "key": "key.origins.secondary_active"
        },
        "condition": {
            "type": "origins:and",
            "conditions": [
                {
                    "type": "origins:resource",
                    "resource": "tp:resources_teleportation",
                    "comparison": "==",
                    "compare_to": 1
                },
                {
                    "type": "origins:sneaking"
                },
                {
                    "type": "origins:power",
                    "power": "tp:powers_timer",
                    "inverted": true
                }
            ]
        }
    },
    "changeback_2": {
        "type": "origins:active_self",
        "entity_action": {
            "type": "origins:and",
            "actions": [
                {
                    "type": "origins:execute_command",
                    "command": "playsound minecraft:ui.button.click player @s ~ ~ ~ 100 1"
                },
                {
                    "type": "origins:swing_hand",
                    "hand": "MAIN_HAND"
                },
                {
                    "type": "origins:delay",
                    "ticks": 2,
                    "action": {
                        "type": "origins:change_resource",
                        "resource": "tp:resources_teleportation",
                        "change": 1,
                        "operation": "set"
                    }
                }
            ]
        },
        "hud_render": {
            "should_render": false,
            "sprite_location": "origins:textures/gui/community/huang/resource_bar_01.png",
            "bar_index": 8
        },
        "cooldown": 3,
        "key": {
            "key": "key.origins.secondary_active"
        },
        "condition": {
            "type": "origins:and",
            "conditions": [
                {
                    "type": "origins:resource",
                    "resource": "tp:resources_teleportation",
                    "comparison": "==",
                    "compare_to": 2
                },
                {
                    "type": "origins:sneaking"
                },
                {
                    "type": "origins:power",
                    "power": "tp:powers_timer",
                    "inverted": true
                }
            ]
        }
    },
    "changeback_3": {
        "type": "origins:active_self",
        "entity_action": {
            "type": "origins:and",
            "actions": [
                {
                    "type": "origins:execute_command",
                    "command": "playsound minecraft:ui.button.click player @s ~ ~ ~ 100 1"
                },
                {
                    "type": "origins:swing_hand",
                    "hand": "MAIN_HAND"
                },
                {
                    "type": "origins:delay",
                    "ticks": 2,
                    "action": {
                        "type": "origins:change_resource",
                        "resource": "tp:resources_teleportation",
                        "change": 2,
                        "operation": "set"
                    }
                }
            ]
        },
        "hud_render": {
            "should_render": false,
            "sprite_location": "origins:textures/gui/community/huang/resource_bar_01.png",
            "bar_index": 8
        },
        "cooldown": 3,
        "key": {
            "key": "key.origins.secondary_active"
        },
        "condition": {
            "type": "origins:and",
            "conditions": [
                {
                    "type": "origins:resource",
                    "resource": "tp:resources_teleportation",
                    "comparison": "==",
                    "compare_to": 3
                },
                {
                    "type": "origins:sneaking"
                },
                {
                    "type": "origins:power",
                    "power": "tp:powers_timer",
                    "inverted": true
                }
            ]
        }
    },
    "changeback_4": {
        "type": "origins:active_self",
        "entity_action": {
            "type": "origins:and",
            "actions": [
                {
                    "type": "origins:execute_command",
                    "command": "playsound minecraft:ui.button.click player @s ~ ~ ~ 100 1"
                },
                {
                    "type": "origins:swing_hand",
                    "hand": "MAIN_HAND"
                },
                {
                    "type": "origins:delay",
                    "ticks": 2,
                    "action": {
                        "type": "origins:change_resource",
                        "resource": "tp:resources_teleportation",
                        "change": 3,
                        "operation": "set"
                    }
                }
            ]
        },
        "hud_render": {
            "should_render": false,
            "sprite_location": "origins:textures/gui/community/huang/resource_bar_01.png",
            "bar_index": 8
        },
        "cooldown": 3,
        "key": {
            "key": "key.origins.secondary_active"
        },
        "condition": {
            "type": "origins:and",
            "conditions": [
                {
                    "type": "origins:resource",
                    "resource": "tp:resources_teleportation",
                    "comparison": "==",
                    "compare_to": 4
                },
                {
                    "type": "origins:sneaking"
                },
                {
                    "type": "origins:power",
                    "power": "tp:powers_timer",
                    "inverted": true
                }
            ]
        }
    },
    "changeback_5": {
        "type": "origins:active_self",
        "entity_action": {
            "type": "origins:and",
            "actions": [
                {
                    "type": "origins:execute_command",
                    "command": "playsound minecraft:ui.button.click player @s ~ ~ ~ 100 1"
                },
                {
                    "type": "origins:swing_hand",
                    "hand": "MAIN_HAND"
                },
                {
                    "type": "origins:delay",
                    "ticks": 2,
                    "action": {
                        "type": "origins:change_resource",
                        "resource": "tp:resources_teleportation",
                        "change": 4,
                        "operation": "set"
                    }
                }
            ]
        },
        "hud_render": {
            "should_render": false,
            "sprite_location": "origins:textures/gui/community/huang/resource_bar_01.png",
            "bar_index": 8
        },
        "cooldown": 3,
        "key": {
            "key": "key.origins.secondary_active"
        },
        "condition": {
            "type": "origins:and",
            "conditions": [
                {
                    "type": "origins:resource",
                    "resource": "tp:resources_teleportation",
                    "comparison": "==",
                    "compare_to": 5
                },
                {
                    "type": "origins:sneaking"
                },
                {
                    "type": "origins:power",
                    "power": "tp:powers_timer",
                    "inverted": true
                }
            ]
        }
    },
    "changeback_6": {
        "type": "origins:active_self",
        "entity_action": {
            "type": "origins:and",
            "actions": [
                {
                    "type": "origins:execute_command",
                    "command": "playsound minecraft:ui.button.click player @s ~ ~ ~ 100 1"
                },
                {
                    "type": "origins:swing_hand",
                    "hand": "MAIN_HAND"
                },
                {
                    "type": "origins:delay",
                    "ticks": 2,
                    "action": {
                        "type": "origins:change_resource",
                        "resource": "tp:resources_teleportation",
                        "change": 5,
                        "operation": "set"
                    }
                }
            ]
        },
        "hud_render": {
            "should_render": false,
            "sprite_location": "origins:textures/gui/community/huang/resource_bar_01.png",
            "bar_index": 8
        },
        "cooldown": 3,
        "key": {
            "key": "key.origins.secondary_active"
        },
        "condition": {
            "type": "origins:and",
            "conditions": [
                {
                    "type": "origins:resource",
                    "resource": "tp:resources_teleportation",
                    "comparison": "==",
                    "compare_to": 6
                },
                {
                    "type": "origins:sneaking"
                },
                {
                    "type": "origins:power",
                    "power": "tp:powers_timer",
                    "inverted": true
                }
            ]
        }
    },
    "title_1": {
        "type": "origins:action_over_time",
        "interval": 1,
        "rising_action": {
            "type": "origins:execute_command",
            "command": "title @s actionbar [\"\",{\"text\":\"Teleport to where you are looking. (Sneak to bring all entities in 3 blocks radius to where you look) (80 Blocks range)\",\"color\":\"dark_red\"}]"
        },
        "condition": {
            "type": "origins:resource",
            "resource": "tp:resources_teleportation",
            "comparison": "==",
            "compare_to": 1
        }
    },
    "title_2": {
        "type": "origins:action_over_time",
        "interval": 1,
        "rising_action": {
            "type": "origins:execute_command",
            "command": "title @s actionbar [\"\",{\"text\":\"Teleport one entity to you. (Sneak to teleport all entities where you look in 3 blocks radius to you) (80 Blocks range)\",\"color\":\"dark_red\"}]"
        },
        "condition": {
            "type": "origins:resource",
            "resource": "tp:resources_teleportation",
            "comparison": "==",
            "compare_to": 2
        }
    },
    "title_3": {
        "type": "origins:action_over_time",
        "interval": 1,
        "rising_action": {
            "type": "origins:execute_command",
            "command": "title @s actionbar [\"\",{\"text\":\"Teleport to the highest place. (Sneak to bring all entities in 3 blocks radius)\",\"color\":\"dark_red\"}]"
        },
        "condition": {
            "type": "origins:resource",
            "resource": "tp:resources_teleportation",
            "comparison": "==",
            "compare_to": 3
        }
    },
    "title_4": {
        "type": "origins:action_over_time",
        "interval": 1,
        "rising_action": {
            "type": "origins:execute_command",
            "command": "title @s actionbar [\"\",{\"text\":\"Teleport to under Y 110. (Sneak to bring all entities in 3 blocks radius)\",\"color\":\"dark_red\"}]"
        },
        "condition": {
            "type": "origins:resource",
            "resource": "tp:resources_teleportation",
            "comparison": "==",
            "compare_to": 4
        }
    },
    "title_5": {
        "type": "origins:action_over_time",
        "interval": 1,
        "rising_action": {
            "type": "origins:execute_command",
            "command": "title @s actionbar [\"\",{\"text\":\"Teleport to under Y -10. (Sneak to bring all entities in 3 blocks radius)\",\"color\":\"dark_red\"}]"
        },
        "condition": {
            "type": "origins:resource",
            "resource": "tp:resources_teleportation",
            "comparison": "==",
            "compare_to": 5
        }
    },
    "title_6": {
        "type": "origins:action_over_time",
        "interval": 1,
        "rising_action": {
            "type": "origins:execute_command",
            "command": "title @s actionbar [\"\",{\"text\":\"Teleport to the closest player nearby. (Sneak to teleport to a random player nearby) (180 Blocks range)\",\"color\":\"dark_red\"}]"
        },
        "condition": {
            "type": "origins:resource",
            "resource": "tp:resources_teleportation",
            "comparison": "==",
            "compare_to": 6
        }
    },
    "power_1": {
        "type": "origins:active_self",
        "entity_action": {
            "type": "origins:raycast",
            "distance": 80,
            "block": true,
            "entity": true,
            "shape_type": "outline",
            "fluid_handling": "none",
            "command_at_hit": "function tp:power_1",
            "command_step": 1,
            "command_along_ray_only_on_hit": true
        },
        "cooldown": 60,
        "key": {
            "key": "key.origins.primary_active",
            "continuous": false
        },
        "hud_render": {
            "sprite_location": "origins:textures/gui/community/spiderkolo/resource_bar_02.png",
            "should_render": true,
            "bar_index": 15,
            "condition": {
                "type": "origins:and",
                "conditions": [
                    {
                        "type": "origins:resource",
                        "resource": "tp:resources_teleportation",
                        "comparison": "==",
                        "compare_to": 1
                    },
                    {
                        "type": "origins:sneaking",
                        "inverted": true
                    },
                    {
                        "type": "origins:power",
                        "power": "tp:powers_timer",
                        "inverted": true
                    }
                ]
            }
        },
        "condition": {
            "type": "origins:and",
            "conditions": [
                {
                    "type": "origins:resource",
                    "resource": "tp:resources_teleportation",
                    "comparison": "==",
                    "compare_to": 1
                },
                {
                    "type": "origins:sneaking",
                    "inverted": true
                },
                {
                    "type": "origins:power",
                    "power": "tp:powers_timer",
                    "inverted": true
                }
            ]
        }
    },
    "power_1_sneak": {
        "type": "origins:active_self",
        "entity_action": {
            "type": "origins:and",
            "actions": [
                {
                    "type": "origins:delay",
                    "ticks": 4,
                    "action": {
                        "type": "origins:raycast",
                        "distance": 80,
                        "block": true,
                        "entity": true,
                        "shape_type": "outline",
                        "fluid_handling": "none",
                        "command_at_hit": "function tp:power_1_sneak",
                        "command_step": 1,
                        "command_along_ray_only_on_hit": true
                    }
                },
                {
                    "type": "origins:execute_command",
                    "command": "tag @e[distance=1..3] add teleport1"
                },
                {
                    "type": "origins:execute_command",
                    "command": "particle minecraft:dust 1 0 0.3 1 ~ ~ ~ 0.6 0.9 0.6 1 200 force"
                },
                {
                    "type": "origins:execute_command",
                    "command": "particle flash ~ ~ ~ 0.6 0.9 0.6 1 1 force"
                },
                {
                    "type": "origins:execute_command",
                    "command": "playsound minecraft:entity.enderman.teleport player @a[distance=..20] ~ ~ ~ 4 1.1"
                },
                {
                    "type": "origins:delay",
                    "ticks": 5,
                    "action": {
                        "type": "origins:execute_command",
                        "command": "tp @e[tag=teleport1] @s"
                    }
                },
                {
                    "type": "origins:delay",
                    "ticks": 8,
                    "action": {
                        "type": "origins:execute_command",
                        "command": "tag @e remove teleport1"
                    }
                }
            ]
        },
        "cooldown": 60,
        "key": {
            "key": "key.origins.primary_active",
            "continuous": false
        },
        "hud_render": {
            "sprite_location": "origins:textures/gui/community/spiderkolo/resource_bar_02.png",
            "should_render": true,
            "bar_index": 15,
            "condition": {
                "type": "origins:and",
                "conditions": [
                    {
                        "type": "origins:resource",
                        "resource": "tp:resources_teleportation",
                        "comparison": "==",
                        "compare_to": 1
                    },
                    {
                        "type": "origins:sneaking"
                    },
                    {
                        "type": "origins:power",
                        "power": "tp:powers_timer",
                        "inverted": true
                    }
                ]
            }
        },
        "condition": {
            "type": "origins:and",
            "conditions": [
                {
                    "type": "origins:resource",
                    "resource": "tp:resources_teleportation",
                    "comparison": "==",
                    "compare_to": 1
                },
                {
                    "type": "origins:sneaking"
                },
                {
                    "type": "origins:power",
                    "power": "tp:powers_timer",
                    "inverted": true
                }
            ]
        }
    },
    "power_2": {
        "type": "origins:active_self",
        "entity_action": {
            "type": "origins:and",
            "actions": [
                {
                    "type": "origins:raycast",
                    "distance": 80,
                    "block": true,
                    "entity": true,
                    "shape_type": "outline",
                    "fluid_handling": "none",
                    "command_at_hit": "function tp:power_2",
                    "command_step": 1,
                    "command_along_ray_only_on_hit": true
                },
                {
                    "type": "origins:execute_command",
                    "command": "particle minecraft:dust 1 0 0.3 1 ~ ~ ~ 0.6 0.9 0.6 1 200 force"
                },
                {
                    "type": "origins:execute_command",
                    "command": "particle flash ~ ~ ~ 0.6 0.9 0.6 1 1 force"
                },
                {
                    "type": "origins:execute_command",
                    "command": "playsound minecraft:entity.enderman.teleport player @a[distance=..20] ~ ~ ~ 4 1.1"
                }
            ]
        },
        "cooldown": 100,
        "key": {
            "key": "key.origins.primary_active",
            "continuous": false
        },
        "hud_render": {
            "sprite_location": "origins:textures/gui/community/spiderkolo/resource_bar_02.png",
            "should_render": true,
            "bar_index": 15,
            "condition": {
                "type": "origins:and",
                "conditions": [
                    {
                        "type": "origins:resource",
                        "resource": "tp:resources_teleportation",
                        "comparison": "==",
                        "compare_to": 2
                    },
                    {
                        "type": "origins:sneaking",
                        "inverted": true
                    },
                    {
                        "type": "origins:power",
                        "power": "tp:powers_timer",
                        "inverted": true
                    }
                ]
            }
        },
        "condition": {
            "type": "origins:and",
            "conditions": [
                {
                    "type": "origins:resource",
                    "resource": "tp:resources_teleportation",
                    "comparison": "==",
                    "compare_to": 2
                },
                {
                    "type": "origins:sneaking",
                    "inverted": true
                },
                {
                    "type": "origins:power",
                    "power": "tp:powers_timer",
                    "inverted": true
                }
            ]
        }
    },
    "power_2_sneak": {
        "type": "origins:active_self",
        "entity_action": {
            "type": "origins:and",
            "actions": [
                {
                    "type": "origins:raycast",
                    "distance": 80,
                    "block": true,
                    "entity": true,
                    "shape_type": "outline",
                    "fluid_handling": "none",
                    "command_at_hit": "function tp:power_2_sneak",
                    "command_step": 1,
                    "command_along_ray_only_on_hit": true
                },
                {
                    "type": "origins:execute_command",
                    "command": "particle minecraft:dust 1 0 0.3 1 ~ ~ ~ 0.6 0.9 0.6 1 200 force"
                },
                {
                    "type": "origins:execute_command",
                    "command": "particle flash ~ ~ ~ 0.6 0.9 0.6 1 1 force"
                },
                {
                    "type": "origins:execute_command",
                    "command": "playsound minecraft:entity.enderman.teleport player @a[distance=..20] ~ ~ ~ 4 1.1"
                }
            ]
        },
        "cooldown": 110,
        "key": {
            "key": "key.origins.primary_active",
            "continuous": false
        },
        "hud_render": {
            "sprite_location": "origins:textures/gui/community/spiderkolo/resource_bar_02.png",
            "should_render": true,
            "bar_index": 15,
            "condition": {
                "type": "origins:and",
                "conditions": [
                    {
                        "type": "origins:resource",
                        "resource": "tp:resources_teleportation",
                        "comparison": "==",
                        "compare_to": 2
                    },
                    {
                        "type": "origins:sneaking"
                    },
                    {
                        "type": "origins:power",
                        "power": "tp:powers_timer",
                        "inverted": true
                    }
                ]
            }
        },
        "condition": {
            "type": "origins:and",
            "conditions": [
                {
                    "type": "origins:resource",
                    "resource": "tp:resources_teleportation",
                    "comparison": "==",
                    "compare_to": 2
                },
                {
                    "type": "origins:sneaking"
                },
                {
                    "type": "origins:power",
                    "power": "tp:powers_timer",
                    "inverted": true
                }
            ]
        }
    },
    "power_3": {
        "type": "origins:active_self",
        "entity_action": {
            "type": "origins:and",
            "actions": [
                {
                    "type": "origins:execute_command",
                    "command": "effect give @s minecraft:slow_falling 01 1 true"
                },
                {
                    "type": "origins:execute_command",
                    "command": "particle minecraft:dust 1 0 0.3 1 ~ ~ ~ 0.6 0.9 0.6 1 200 force"
                },
                {
                    "type": "origins:execute_command",
                    "command": "particle flash ~ ~ ~ 0.6 0.9 0.6 1 1 force"
                },
                {
                    "type": "origins:execute_command",
                    "command": "playsound minecraft:entity.enderman.teleport player @a[distance=..20] ~ ~ ~ 4 1.1"
                },
                {
                    "type": "origins:execute_command",
                    "command": "spreadplayers ~ ~ 0 10 false @s"
                },
                {
                    "type": "origins:delay",
                    "ticks": 3,
                    "action": {
                        "type": "origins:execute_command",
                        "command": "playsound minecraft:entity.enderman.teleport player @a[distance=..20] ~ ~ ~ 4 1.1"
                    }
                },
                {
                    "type": "origins:delay",
                    "ticks": 3,
                    "action": {
                        "type": "origins:execute_command",
                        "command": "particle flash ~ ~ ~ 0.6 0.9 0.6 1 1 force"
                    }
                },
                {
                    "type": "origins:delay",
                    "ticks": 3,
                    "action": {
                        "type": "origins:execute_command",
                        "command": "particle minecraft:dust 1 0 0.3 1 ~ ~ ~ 0.6 0.9 0.6 1 200 force"
                    }
                }
            ]
        },
        "cooldown": 900,
        "key": {
            "key": "key.origins.primary_active",
            "continuous": false
        },
        "hud_render": {
            "sprite_location": "origins:textures/gui/community/spiderkolo/resource_bar_02.png",
            "should_render": true,
            "bar_index": 15,
            "condition": {
                "type": "origins:and",
                "conditions": [
                    {
                        "type": "origins:resource",
                        "resource": "tp:resources_teleportation",
                        "comparison": "==",
                        "compare_to": 3
                    },
                    {
                        "type": "origins:sneaking",
                        "inverted": true
                    },
                    {
                        "type": "origins:power",
                        "power": "tp:powers_timer",
                        "inverted": true
                    }
                ]
            }
        },
        "condition": {
            "type": "origins:and",
            "conditions": [
                {
                    "type": "origins:resource",
                    "resource": "tp:resources_teleportation",
                    "comparison": "==",
                    "compare_to": 3
                },
                {
                    "type": "origins:sneaking",
                    "inverted": true
                },
                {
                    "type": "origins:power",
                    "power": "tp:powers_timer",
                    "inverted": true
                }
            ]
        }
    },
    "power_3_sneak": {
        "type": "origins:active_self",
        "entity_action": {
            "type": "origins:and",
            "actions": [
                {
                    "type": "origins:execute_command",
                    "command": "tag @e[distance=1..3] add teleport3"
                },
                {
                    "type": "origins:execute_command",
                    "command": "effect give @e[tag=teleport3] minecraft:slow_falling 01 1 true"
                },
                {
                    "type": "origins:execute_command",
                    "command": "particle minecraft:dust 1 0 0.3 1 ~ ~ ~ 0.6 0.9 0.6 1 200 force"
                },
                {
                    "type": "origins:execute_command",
                    "command": "particle flash ~ ~ ~ 0.6 0.9 0.6 1 1 force"
                },
                {
                    "type": "origins:execute_command",
                    "command": "playsound minecraft:entity.enderman.teleport player @a[distance=..20] ~ ~ ~ 4 1.1"
                },
                {
                    "type": "origins:delay",
                    "ticks": 4,
                    "action": {
                        "type": "origins:execute_command",
                        "command": "spreadplayers ~ ~ 0 10 false @s"
                    }
                },
                {
                    "type": "origins:delay",
                    "ticks": 5,
                    "action": {
                        "type": "origins:execute_command",
                        "command": "playsound minecraft:entity.enderman.teleport player @a[distance=..20] ~ ~ ~ 4 1.1"
                    }
                },
                {
                    "type": "origins:delay",
                    "ticks": 5,
                    "action": {
                        "type": "origins:execute_command",
                        "command": "particle minecraft:dust 1 0 0.3 1 ~ ~ ~ 0.6 0.9 0.6 1 200 force"
                    }
                },
                {
                    "type": "origins:delay",
                    "ticks": 5,
                    "action": {
                        "type": "origins:execute_command",
                        "command": "particle flash ~ ~ ~ 0.6 0.9 0.6 1 1 force"
                    }
                },
                {
                    "type": "origins:delay",
                    "ticks": 5,
                    "action": {
                        "type": "origins:execute_command",
                        "command": "tp @e[tag=teleport3] @s"
                    }
                },
                {
                    "type": "origins:delay",
                    "ticks": 8,
                    "action": {
                        "type": "origins:execute_command",
                        "command": "tag @e remove teleport3"
                    }
                }
            ]
        },
        "cooldown": 2400,
        "key": {
            "key": "key.origins.primary_active",
            "continuous": false
        },
        "hud_render": {
            "sprite_location": "origins:textures/gui/community/spiderkolo/resource_bar_02.png",
            "should_render": true,
            "bar_index": 15,
            "condition": {
                "type": "origins:and",
                "conditions": [
                    {
                        "type": "origins:resource",
                        "resource": "tp:resources_teleportation",
                        "comparison": "==",
                        "compare_to": 3
                    },
                    {
                        "type": "origins:sneaking"
                    },
                    {
                        "type": "origins:power",
                        "power": "tp:powers_timer",
                        "inverted": true
                    }
                ]
            }
        },
        "condition": {
            "type": "origins:and",
            "conditions": [
                {
                    "type": "origins:resource",
                    "resource": "tp:resources_teleportation",
                    "comparison": "==",
                    "compare_to": 3
                },
                {
                    "type": "origins:sneaking"
                },
                {
                    "type": "origins:power",
                    "power": "tp:powers_timer",
                    "inverted": true
                }
            ]
        }
    },
    "power_4": {
        "type": "origins:active_self",
        "entity_action": {
            "type": "origins:and",
            "actions": [
                {
                    "type": "origins:execute_command",
                    "command": "effect give @s minecraft:slow_falling 01 1 true"
                },
                {
                    "type": "origins:execute_command",
                    "command": "particle minecraft:dust 1 0 0.3 1 ~ ~ ~ 0.6 0.9 0.6 1 200 force"
                },
                {
                    "type": "origins:execute_command",
                    "command": "particle flash ~ ~ ~ 0.6 0.9 0.6 1 1 force"
                },
                {
                    "type": "origins:execute_command",
                    "command": "playsound minecraft:entity.enderman.teleport player @a[distance=..20] ~ ~ ~ 4 1.1"
                },
                {
                    "type": "origins:execute_command",
                    "command": "spreadplayers ~ ~ 0 10 under 110 false @s"
                },
                {
                    "type": "origins:delay",
                    "ticks": 4,
                    "action": {
                        "type": "origins:execute_command",
                        "command": "playsound minecraft:entity.enderman.teleport player @a[distance=..20] ~ ~ ~ 4 1.1"
                    }
                },
                {
                    "type": "origins:delay",
                    "ticks": 4,
                    "action": {
                        "type": "origins:execute_command",
                        "command": "particle flash ~ ~ ~ 0.6 0.9 0.6 1 1 force"
                    }
                },
                {
                    "type": "origins:delay",
                    "ticks": 4,
                    "action": {
                        "type": "origins:execute_command",
                        "command": "particle minecraft:dust 1 0 0.3 1 ~ ~ ~ 0.6 0.9 0.6 1 200 force"
                    }
                }
            ]
        },
        "cooldown": 900,
        "key": {
            "key": "key.origins.primary_active",
            "continuous": false
        },
        "hud_render": {
            "sprite_location": "origins:textures/gui/community/spiderkolo/resource_bar_02.png",
            "should_render": true,
            "bar_index": 15,
            "condition": {
                "type": "origins:and",
                "conditions": [
                    {
                        "type": "origins:resource",
                        "resource": "tp:resources_teleportation",
                        "comparison": "==",
                        "compare_to": 4
                    },
                    {
                        "type": "origins:sneaking",
                        "inverted": true
                    },
                    {
                        "type": "origins:power",
                        "power": "tp:powers_timer",
                        "inverted": true
                    }
                ]
            }
        },
        "condition": {
            "type": "origins:and",
            "conditions": [
                {
                    "type": "origins:resource",
                    "resource": "tp:resources_teleportation",
                    "comparison": "==",
                    "compare_to": 4
                },
                {
                    "type": "origins:sneaking",
                    "inverted": true
                },
                {
                    "type": "origins:power",
                    "power": "tp:powers_timer",
                    "inverted": true
                }
            ]
        }
    },
    "power_4_sneak": {
        "type": "origins:active_self",
        "entity_action": {
            "type": "origins:and",
            "actions": [
                {
                    "type": "origins:execute_command",
                    "command": "effect give @e[tag=teleport4] minecraft:slow_falling 01 1 true"
                },
                {
                    "type": "origins:execute_command",
                    "command": "tag @e[distance=1..3] add teleport4"
                },
                {
                    "type": "origins:execute_command",
                    "command": "particle minecraft:dust 1 0 0.3 1 ~ ~ ~ 0.6 0.9 0.6 1 200 force"
                },
                {
                    "type": "origins:execute_command",
                    "command": "particle flash ~ ~ ~ 0.6 0.9 0.6 1 1 force"
                },
                {
                    "type": "origins:execute_command",
                    "command": "playsound minecraft:entity.enderman.teleport player @a[distance=..20] ~ ~ ~ 4 1.1"
                },
                {
                    "type": "origins:delay",
                    "ticks": 4,
                    "action": {
                        "type": "origins:execute_command",
                        "command": "spreadplayers ~ ~ 0 10 under 110 false @s"
                    }
                },
                {
                    "type": "origins:delay",
                    "ticks": 5,
                    "action": {
                        "type": "origins:execute_command",
                        "command": "playsound minecraft:entity.enderman.teleport player @a[distance=..20] ~ ~ ~ 4 1.1"
                    }
                },
                {
                    "type": "origins:delay",
                    "ticks": 5,
                    "action": {
                        "type": "origins:execute_command",
                        "command": "particle minecraft:dust 1 0 0.3 1 ~ ~ ~ 0.6 0.9 0.6 1 200 force"
                    }
                },
                {
                    "type": "origins:delay",
                    "ticks": 5,
                    "action": {
                        "type": "origins:execute_command",
                        "command": "particle flash ~ ~ ~ 0.6 0.9 0.6 1 1 force"
                    }
                },
                {
                    "type": "origins:delay",
                    "ticks": 5,
                    "action": {
                        "type": "origins:execute_command",
                        "command": "tp @e[tag=teleport4] @s"
                    }
                },
                {
                    "type": "origins:delay",
                    "ticks": 8,
                    "action": {
                        "type": "origins:execute_command",
                        "command": "tag @e remove teleport4"
                    }
                }
            ]
        },
        "cooldown": 2400,
        "key": {
            "key": "key.origins.primary_active",
            "continuous": false
        },
        "hud_render": {
            "sprite_location": "origins:textures/gui/community/spiderkolo/resource_bar_02.png",
            "should_render": true,
            "bar_index": 15,
            "condition": {
                "type": "origins:and",
                "conditions": [
                    {
                        "type": "origins:resource",
                        "resource": "tp:resources_teleportation",
                        "comparison": "==",
                        "compare_to": 4
                    },
                    {
                        "type": "origins:sneaking"
                    },
                    {
                        "type": "origins:power",
                        "power": "tp:powers_timer",
                        "inverted": true
                    }
                ]
            }
        },
        "condition": {
            "type": "origins:and",
            "conditions": [
                {
                    "type": "origins:resource",
                    "resource": "tp:resources_teleportation",
                    "comparison": "==",
                    "compare_to": 4
                },
                {
                    "type": "origins:sneaking"
                },
                {
                    "type": "origins:power",
                    "power": "tp:powers_timer",
                    "inverted": true
                }
            ]
        }
    },
    "power_5": {
        "type": "origins:active_self",
        "entity_action": {
            "type": "origins:and",
            "actions": [
                {
                    "type": "origins:execute_command",
                    "command": "effect give @s minecraft:slow_falling 01 1 true"
                },
                {
                    "type": "origins:execute_command",
                    "command": "particle minecraft:dust 1 0 0.3 1 ~ ~ ~ 0.6 0.9 0.6 1 200 force"
                },
                {
                    "type": "origins:execute_command",
                    "command": "particle flash ~ ~ ~ 0.6 0.9 0.6 1 1 force"
                },
                {
                    "type": "origins:execute_command",
                    "command": "playsound minecraft:entity.enderman.teleport player @a[distance=..20] ~ ~ ~ 4 1.1"
                },
                {
                    "type": "origins:execute_command",
                    "command": "spreadplayers ~ ~ 0 10 under -10 false @s"
                },
                {
                    "type": "origins:delay",
                    "ticks": 4,
                    "action": {
                        "type": "origins:execute_command",
                        "command": "playsound minecraft:entity.enderman.teleport player @a[distance=..20] ~ ~ ~ 4 1.1"
                    }
                },
                {
                    "type": "origins:delay",
                    "ticks": 4,
                    "action": {
                        "type": "origins:execute_command",
                        "command": "particle flash ~ ~ ~ 0.6 0.9 0.6 1 1 force"
                    }
                },
                {
                    "type": "origins:delay",
                    "ticks": 4,
                    "action": {
                        "type": "origins:execute_command",
                        "command": "particle minecraft:dust 1 0 0.3 1 ~ ~ ~ 0.6 0.9 0.6 1 200 force"
                    }
                }
            ]
        },
        "cooldown": 900,
        "key": {
            "key": "key.origins.primary_active",
            "continuous": false
        },
        "hud_render": {
            "sprite_location": "origins:textures/gui/community/spiderkolo/resource_bar_02.png",
            "should_render": true,
            "bar_index": 15,
            "condition": {
                "type": "origins:and",
                "conditions": [
                    {
                        "type": "origins:resource",
                        "resource": "tp:resources_teleportation",
                        "comparison": "==",
                        "compare_to": 5
                    },
                    {
                        "type": "origins:sneaking",
                        "inverted": true
                    },
                    {
                        "type": "origins:power",
                        "power": "tp:powers_timer",
                        "inverted": true
                    }
                ]
            }
        },
        "condition": {
            "type": "origins:and",
            "conditions": [
                {
                    "type": "origins:resource",
                    "resource": "tp:resources_teleportation",
                    "comparison": "==",
                    "compare_to": 5
                },
                {
                    "type": "origins:sneaking",
                    "inverted": true
                },
                {
                    "type": "origins:power",
                    "power": "tp:powers_timer",
                    "inverted": true
                }
            ]
        }
    },
    "power_5_sneak": {
        "type": "origins:active_self",
        "entity_action": {
            "type": "origins:and",
            "actions": [
                {
                    "type": "origins:execute_command",
                    "command": "effect give @e[tag=teleport5] minecraft:slow_falling 01 1 true"
                },
                {
                    "type": "origins:execute_command",
                    "command": "tag @e[distance=1..3] add teleport5"
                },
                {
                    "type": "origins:execute_command",
                    "command": "particle minecraft:dust 1 0 0.3 1 ~ ~ ~ 0.6 0.9 0.6 1 200 force"
                },
                {
                    "type": "origins:execute_command",
                    "command": "particle flash ~ ~ ~ 0.6 0.9 0.6 1 1 force"
                },
                {
                    "type": "origins:execute_command",
                    "command": "playsound minecraft:entity.enderman.teleport player @a[distance=..20] ~ ~ ~ 4 1.1"
                },
                {
                    "type": "origins:delay",
                    "ticks": 4,
                    "action": {
                        "type": "origins:execute_command",
                        "command": "spreadplayers ~ ~ 0 10 under -10 false @s"
                    }
                },
                {
                    "type": "origins:delay",
                    "ticks": 5,
                    "action": {
                        "type": "origins:execute_command",
                        "command": "playsound minecraft:entity.enderman.teleport player @a[distance=..20] ~ ~ ~ 4 1.1"
                    }
                },
                {
                    "type": "origins:delay",
                    "ticks": 5,
                    "action": {
                        "type": "origins:execute_command",
                        "command": "particle minecraft:dust 1 0 0.3 1 ~ ~ ~ 0.6 0.9 0.6 1 200 force"
                    }
                },
                {
                    "type": "origins:delay",
                    "ticks": 5,
                    "action": {
                        "type": "origins:execute_command",
                        "command": "particle flash ~ ~ ~ 0.6 0.9 0.6 1 1 force"
                    }
                },
                {
                    "type": "origins:delay",
                    "ticks": 5,
                    "action": {
                        "type": "origins:execute_command",
                        "command": "tp @e[tag=teleport5] @s"
                    }
                },
                {
                    "type": "origins:delay",
                    "ticks": 8,
                    "action": {
                        "type": "origins:execute_command",
                        "command": "tag @e remove teleport5"
                    }
                }
            ]
        },
        "cooldown": 2400,
        "key": {
            "key": "key.origins.primary_active",
            "continuous": false
        },
        "hud_render": {
            "sprite_location": "origins:textures/gui/community/spiderkolo/resource_bar_02.png",
            "should_render": true,
            "bar_index": 15,
            "condition": {
                "type": "origins:and",
                "conditions": [
                    {
                        "type": "origins:resource",
                        "resource": "tp:resources_teleportation",
                        "comparison": "==",
                        "compare_to": 5
                    },
                    {
                        "type": "origins:sneaking"
                    },
                    {
                        "type": "origins:power",
                        "power": "tp:powers_timer",
                        "inverted": true
                    }
                ]
            }
        },
        "condition": {
            "type": "origins:and",
            "conditions": [
                {
                    "type": "origins:resource",
                    "resource": "tp:resources_teleportation",
                    "comparison": "==",
                    "compare_to": 5
                },
                {
                    "type": "origins:sneaking"
                },
                {
                    "type": "origins:power",
                    "power": "tp:powers_timer",
                    "inverted": true
                }
            ]
        }
    },
    "power_6": {
        "type": "origins:active_self",
        "entity_action": {
            "type": "origins:and",
            "actions": [
                {
                    "type": "origins:execute_command",
                    "command": "effect give @s minecraft:slow_falling 01 1 true"
                },
                {
                    "type": "origins:execute_command",
                    "command": "particle minecraft:dust 1 0 0.3 1 ~ ~ ~ 0.6 0.9 0.6 1 200 force"
                },
                {
                    "type": "origins:execute_command",
                    "command": "particle flash ~ ~ ~ 0.6 0.9 0.6 1 1 force"
                },
                {
                    "type": "origins:execute_command",
                    "command": "playsound minecraft:entity.enderman.teleport player @a[distance=..20] ~ ~ ~ 4 1.1"
                },
                {
                    "type": "origins:execute_command",
                    "command": "tp @a[distance=1..180,sort=nearest,limit=1]"
                },
                {
                    "type": "origins:delay",
                    "ticks": 7,
                    "action": {
                        "type": "origins:execute_command",
                        "command": "playsound minecraft:entity.enderman.teleport player @a[distance=..20] ~ ~ ~ 4 1.1"
                    }
                },
                {
                    "type": "origins:delay",
                    "ticks": 7,
                    "action": {
                        "type": "origins:execute_command",
                        "command": "particle flash ~ ~ ~ 0.6 0.9 0.6 1 1 force"
                    }
                },
                {
                    "type": "origins:delay",
                    "ticks": 7,
                    "action": {
                        "type": "origins:execute_command",
                        "command": "particle minecraft:dust 1 0 0.3 1 ~ ~ ~ 0.6 0.9 0.6 1 200 force"
                    }
                }
            ]
        },
        "cooldown": 1200,
        "key": {
            "key": "key.origins.primary_active",
            "continuous": false
        },
        "hud_render": {
            "sprite_location": "origins:textures/gui/community/spiderkolo/resource_bar_02.png",
            "should_render": true,
            "bar_index": 15,
            "condition": {
                "type": "origins:and",
                "conditions": [
                    {
                        "type": "origins:resource",
                        "resource": "tp:resources_teleportation",
                        "comparison": "==",
                        "compare_to": 6
                    },
                    {
                        "type": "origins:sneaking",
                        "inverted": true
                    },
                    {
                        "type": "origins:power",
                        "power": "tp:powers_timer",
                        "inverted": true
                    }
                ]
            }
        },
        "condition": {
            "type": "origins:and",
            "conditions": [
                {
                    "type": "origins:resource",
                    "resource": "tp:resources_teleportation",
                    "comparison": "==",
                    "compare_to": 6
                },
                {
                    "type": "origins:sneaking",
                    "inverted": true
                },
                {
                    "type": "origins:power",
                    "power": "tp:powers_timer",
                    "inverted": true
                }
            ]
        }
    },
    "power_6_sneak": {
        "type": "origins:active_self",
        "entity_action": {
            "type": "origins:and",
            "actions": [
                {
                    "type": "origins:execute_command",
                    "command": "effect give @s minecraft:slow_falling 01 1 true"
                },
                {
                    "type": "origins:execute_command",
                    "command": "particle minecraft:dust 1 0 0.3 1 ~ ~ ~ 0.6 0.9 0.6 1 200 force"
                },
                {
                    "type": "origins:execute_command",
                    "command": "particle flash ~ ~ ~ 0.6 0.9 0.6 1 1 force"
                },
                {
                    "type": "origins:execute_command",
                    "command": "playsound minecraft:entity.enderman.teleport player @a[distance=..20] ~ ~ ~ 4 1.1"
                },
                {
                    "type": "origins:execute_command",
                    "command": "tp @a[distance=1..180,sort=random,limit=1]"
                },
                {
                    "type": "origins:delay",
                    "ticks": 7,
                    "action": {
                        "type": "origins:execute_command",
                        "command": "playsound minecraft:entity.enderman.teleport player @a[distance=..20] ~ ~ ~ 4 1.1"
                    }
                },
                {
                    "type": "origins:delay",
                    "ticks": 7,
                    "action": {
                        "type": "origins:execute_command",
                        "command": "particle flash ~ ~ ~ 0.6 0.9 0.6 1 1 force"
                    }
                },
                {
                    "type": "origins:delay",
                    "ticks": 7,
                    "action": {
                        "type": "origins:execute_command",
                        "command": "particle minecraft:dust 1 0 0.3 1 ~ ~ ~ 0.6 0.9 0.6 1 200 force"
                    }
                }
            ]
        },
        "cooldown": 1200,
        "key": {
            "key": "key.origins.primary_active",
            "continuous": false
        },
        "hud_render": {
            "sprite_location": "origins:textures/gui/community/spiderkolo/resource_bar_02.png",
            "should_render": true,
            "bar_index": 15,
            "condition": {
                "type": "origins:and",
                "conditions": [
                    {
                        "type": "origins:resource",
                        "resource": "tp:resources_teleportation",
                        "comparison": "==",
                        "compare_to": 6
                    },
                    {
                        "type": "origins:sneaking"
                    },
                    {
                        "type": "origins:power",
                        "power": "tp:powers_timer",
                        "inverted": true
                    }
                ]
            }
        },
        "condition": {
            "type": "origins:and",
            "conditions": [
                {
                    "type": "origins:resource",
                    "resource": "tp:resources_teleportation",
                    "comparison": "==",
                    "compare_to": 6
                },
                {
                    "type": "origins:sneaking"
                },
                {
                    "type": "origins:power",
                    "power": "tp:powers_timer",
                    "inverted": true
                }
            ]
        }
    }
}