{
    "type": "origins:effect_immunity",
    "name": "Slimy Body",
    "description": "You are immune to toxins, and status effects that are incompatible with your slimy body.",
    "badges": [
        {
            "type": "origins:tooltip",
            "sprite": "origins:textures/gui/badge/info.png",
            "text": "Effects Nullified:\n- Poison\n- Hunger\n- Wither\n- Regeneration"
        }
    ],
    "effects": [
        "minecraft:poison",
        "minecraft:hunger",
        "minecraft:wither",
        "minecraft:regeneration"
    ]
}