{
    "type": "origins:multiple",
    "name": "Malleable",
    "description": "You cannot lose more than 50% of your current health at a time.",
    "update_resource": {
        "type": "origins:action_over_time",
        "interval": 1,
        "entity_action": {
            "type": "origins:execute_command",
            "command": "function gelatinous:survivability/malleable/update_resource"
        }
    },
    "health": {
        "type": "origins:resource",
        "min": 6,
        "max": 60,
        "hud_render": {
            "should_render": false
        }
    },
    "damage_cap": {
        "type": "origins:modify_damage_taken",
        "modifier": {
            "operation": "max_total",
            "value": 0,
            "resource": "gelatinous:survivability/malleable_health"
        },
        "damage_condition": {
            "type": "origins:name",
            "name": "outOfWorld",
            "inverted": true
        },
        "self_action": {
            "type": "origins:play_sound",
            "sound": "minecraft:entity.slime.death",
            "pitch": 0.5,
            "volume": 2
        }
    }
}