{
    "type": "origins:modify_food",
    "hidden": true,
    "food_modifier": {
        "operation": "multiply_total",
        "value": -1
    },
    "saturation_modifier": {
        "operation": "multiply_total",
        "value": -1
    },
    "item_condition": {
        "type": "origins:and",
        "conditions": [
            {
                "type": "origins:ingredient",
                "inverted": true,
                "ingredient": {
                    "tag": "origins:meat"
                }
            },
            {
                "type": "origins:ingredient",
                "inverted": true,
                "ingredient": {
                    "item": "minecraft:dried_kelp"
                }
            }
        ]
    }
}